[debug] [2026-02-27T00:43:56.330Z] [Firebase Plugin] Activating Firebase extension.
[debug] [2026-02-27T00:44:04.644Z] [Firebase Plugin] requireAuthWrapper
[debug] [2026-02-27T00:44:04.647Z] > command requires scopes: ["email","openid","https://www.googleapis.com/auth/cloudplatformprojects.readonly","https://www.googleapis.com/auth/firebase","https://www.googleapis.com/auth/cloud-platform","https://www.googleapis.com/auth/userinfo.email"]
[debug] [2026-02-27T00:44:04.649Z] > authorizing via signed-in user (joshfox1987@gmail.com)
[debug] [2026-02-27T00:44:04.657Z] Checked if tokens are valid: true, expires at: 1772155477626
[debug] [2026-02-27T00:44:04.658Z] Checked if tokens are valid: true, expires at: 1772155477626
[debug] [2026-02-27T00:44:04.659Z] [Firebase Plugin] User found:  joshfox1987@gmail.com
[info] [Firebase Plugin] (Core:Project) New user detected, fetching projects
[debug] [2026-02-27T00:44:04.662Z] Checked if tokens are valid: true, expires at: 1772155477626
[debug] [2026-02-27T00:44:04.665Z] >>> [apiv2][query] GET https://firebase.googleapis.com/v1beta1/projects pageSize=1000
[debug] [2026-02-27T00:44:04.737Z] [Firebase Plugin] VSCode notification server listening on port 40001
[debug] [2026-02-27T00:44:05.283Z] <<< [apiv2][status] GET https://firebase.googleapis.com/v1beta1/projects 200
[debug] [2026-02-27T00:44:05.286Z] <<< [apiv2][body] GET https://firebase.googleapis.com/v1beta1/projects [omitted]
[info] [Firebase Plugin] Starting Data Connect toolkit (version 3.1.4) on port 50001
[info] i  dataconnect: downloading dataconnect-emulator-3.1.4... {"metadata":{"emulator":{"name":"dataconnect"},"message":"downloading dataconnect-emulator-3.1.4..."}}
[debug] [2026-02-27T00:44:07.536Z] >>> [apiv2][query] GET https://storage.googleapis.com/firemat-preview-drop/emulator/dataconnect-emulator-linux-amd64-v3.1.4 
[debug] [2026-02-27T00:44:07.964Z] <<< [apiv2][status] GET https://storage.googleapis.com/firemat-preview-drop/emulator/dataconnect-emulator-linux-amd64-v3.1.4 200
[debug] [2026-02-27T00:44:07.967Z] <<< [apiv2][body] GET https://storage.googleapis.com/firemat-preview-drop/emulator/dataconnect-emulator-linux-amd64-v3.1.4 [stream]
[debug] [2026-02-27T00:44:09.956Z] 'fdc build' failed with error: Unable to build your Data Connect schema and connectors (exit code 1): E0227 00:44:09.944684    9589 cmd.go:43] Error loading data connect config: could not find dataconnect.yaml in `/home/user/studio/dataconnect`
 {"metadata":{"emulator":{"name":"dataconnect"},"message":"'fdc build' failed with error: Unable to build your Data Connect schema and connectors (exit code 1): E0227 00:44:09.944684    9589 cmd.go:43] Error loading data connect config: could not find dataconnect.yaml in `/home/user/studio/dataconnect`\n"}}
[debug] [2026-02-27T00:44:09.960Z] Ignoring unsupported arg: auto_download {"metadata":{"emulator":{"name":"dataconnect"},"message":"Ignoring unsupported arg: auto_download"}}
[debug] [2026-02-27T00:44:09.961Z] Ignoring unsupported arg: port {"metadata":{"emulator":{"name":"dataconnect"},"message":"Ignoring unsupported arg: port"}}
[debug] [2026-02-27T00:44:09.961Z] Starting Data Connect Emulator with command {"binary":"/home/user/.cache/firebase/emulators/dataconnect-emulator-3.1.4","args":["--logtostderr","-v=2","dev","--listen=localhost:50001","--config_dir=/home/user/studio/dataconnect","--enable_output_schema_extensions=true","--enable_output_generated_sdk=true"],"optionalArgs":["listen","config_dir","enable_output_schema_extensions","enable_output_generated_sdk"],"joinArgs":true,"shell":false,"port":9399} {"metadata":{"emulator":{"name":"dataconnect"},"message":"Starting Data Connect Emulator with command {\"binary\":\"/home/user/.cache/firebase/emulators/dataconnect-emulator-3.1.4\",\"args\":[\"--logtostderr\",\"-v=2\",\"dev\",\"--listen=localhost:50001\",\"--config_dir=/home/user/studio/dataconnect\",\"--enable_output_schema_extensions=true\",\"--enable_output_generated_sdk=true\"],\"optionalArgs\":[\"listen\",\"config_dir\",\"enable_output_schema_extensions\",\"enable_output_generated_sdk\"],\"joinArgs\":true,\"shell\":false,\"port\":9399}"}}
[info] i  dataconnect: Data Connect Emulator logging to dataconnect-debug.log {"metadata":{"emulator":{"name":"dataconnect"},"message":"Data Connect Emulator logging to dataconnect-debug.log"}}
[debug] [2026-02-27T00:44:10.064Z] E0227 00:44:10.054429    9595 dev.go:83] Failed to load initial config from "/home/user/studio/dataconnect": could not find dataconnect.yaml in `/home/user/studio/dataconnect`
E0227 00:44:10.055136    9595 watch.go:116] watchAllDir unable to walk dir `/home/user/studio/dataconnect`: lstat /home/user/studio/dataconnect: no such file or directory
 {"metadata":{"emulator":{"name":"dataconnect"},"message":"E0227 00:44:10.054429    9595 dev.go:83] Failed to load initial config from \"/home/user/studio/dataconnect\": could not find dataconnect.yaml in `/home/user/studio/dataconnect`\nE0227 00:44:10.055136    9595 watch.go:116] watchAllDir unable to walk dir `/home/user/studio/dataconnect`: lstat /home/user/studio/dataconnect: no such file or directory\n"}}
[debug] [2026-02-27T00:44:10.128Z] I0227 00:44:10.126758    9595 dev.go:104] Listening on address (HTTP + gRPC): 127.0.0.1:50001
 {"metadata":{"emulator":{"name":"dataconnect"},"message":"I0227 00:44:10.126758    9595 dev.go:104] Listening on address (HTTP + gRPC): 127.0.0.1:50001\n"}}
[error] [Firebase Plugin] error:  {}
[debug] [2026-02-27T00:44:20.060Z] E0227 00:44:20.059431    9595 watch.go:40] Failed to load config from "/home/user/studio/dataconnect": could not find dataconnect.yaml in `/home/user/studio/dataconnect`
 {"metadata":{"emulator":{"name":"dataconnect"},"message":"E0227 00:44:20.059431    9595 watch.go:40] Failed to load config from \"/home/user/studio/dataconnect\": could not find dataconnect.yaml in `/home/user/studio/dataconnect`\n"}}
[debug] [2026-02-27T00:44:30.064Z] E0227 00:44:30.063993    9595 watch.go:40] Failed to load config from "/home/user/studio/dataconnect": could not find dataconnect.yaml in `/home/user/studio/dataconnect`
 {"metadata":{"emulator":{"name":"dataconnect"},"message":"E0227 00:44:30.063993    9595 watch.go:40] Failed to load config from \"/home/user/studio/dataconnect\": could not find dataconnect.yaml in `/home/user/studio/dataconnect`\n"}}
[debug] [2026-02-27T00:44:40.057Z] E0227 00:44:40.056383    9595 watch.go:40] Failed to load config from "/home/user/studio/dataconnect": could not find dataconnect.yaml in `/home/user/studio/dataconnect`
 {"metadata":{"emulator":{"name":"dataconnect"},"message":"E0227 00:44:40.056383    9595 watch.go:40] Failed to load config from \"/home/user/studio/dataconnect\": could not find dataconnect.yaml in `/home/user/studio/dataconnect`\n"}}
[debug] [2026-02-27T00:44:50.064Z] E0227 00:44:50.064100    9595 watch.go:40] Failed to load config from "/home/user/studio/dataconnect": could not find dataconnect.yaml in `/home/user/studio/dataconnect`
 {"metadata":{"emulator":{"name":"dataconnect"},"message":"E0227 00:44:50.064100    9595 watch.go:40] Failed to load config from \"/home/user/studio/dataconnect\": could not find dataconnect.yaml in `/home/user/studio/dataconnect`\n"}}
[debug] [2026-02-27T00:45:00.065Z] E0227 00:45:00.064962    9595 watch.go:40] Failed to load config from "/home/user/studio/dataconnect": could not find dataconnect.yaml in `/home/user/studio/dataconnect`
 {"metadata":{"emulator":{"name":"dataconnect"},"message":"E0227 00:45:00.064962    9595 watch.go:40] Failed to load config from \"/home/user/studio/dataconnect\": could not find dataconnect.yaml in `/home/user/studio/dataconnect`\n"}}
[debug] [2026-02-27T00:45:10.057Z] E0227 00:45:10.056526    9595 watch.go:40] Failed to load config from "/home/user/studio/dataconnect": could not find dataconnect.yaml in `/home/user/studio/dataconnect`
E0227 00:45:10.056443    9595 watch.go:116] watchAllDir unable to walk dir `/home/user/studio/dataconnect`: lstat /home/user/studio/dataconnect: no such file or directory
 {"metadata":{"emulator":{"name":"dataconnect"},"message":"E0227 00:45:10.056526    9595 watch.go:40] Failed to load config from \"/home/user/studio/dataconnect\": could not find dataconnect.yaml in `/home/user/studio/dataconnect`\nE0227 00:45:10.056443    9595 watch.go:116] watchAllDir unable to walk dir `/home/user/studio/dataconnect`: lstat /home/user/studio/dataconnect: no such file or directory\n"}}
[debug] [2026-02-27T00:45:20.064Z] E0227 00:45:20.063071    9595 watch.go:40] Failed to load config from "/home/user/studio/dataconnect": could not find dataconnect.yaml in `/home/user/studio/dataconnect`
 {"metadata":{"emulator":{"name":"dataconnect"},"message":"E0227 00:45:20.063071    9595 watch.go:40] Failed to load config from \"/home/user/studio/dataconnect\": could not find dataconnect.yaml in `/home/user/studio/dataconnect`\n"}}
[debug] [2026-02-27T00:45:30.055Z] E0227 00:45:30.055562    9595 watch.go:40] Failed to load config from "/home/user/studio/dataconnect": could not find dataconnect.yaml in `/home/user/studio/dataconnect`
 {"metadata":{"emulator":{"name":"dataconnect"},"message":"E0227 00:45:30.055562    9595 watch.go:40] Failed to load config from \"/home/user/studio/dataconnect\": could not find dataconnect.yaml in `/home/user/studio/dataconnect`\n"}}
[debug] [2026-02-27T00:45:40.056Z] E0227 00:45:40.056218    9595 watch.go:40] Failed to load config from "/home/user/studio/dataconnect": could not find dataconnect.yaml in `/home/user/studio/dataconnect`
 {"metadata":{"emulator":{"name":"dataconnect"},"message":"E0227 00:45:40.056218    9595 watch.go:40] Failed to load config from \"/home/user/studio/dataconnect\": could not find dataconnect.yaml in `/home/user/studio/dataconnect`\n"}}
[debug] [2026-02-27T00:45:50.062Z] E0227 00:45:50.062024    9595 watch.go:40] Failed to load config from "/home/user/studio/dataconnect": could not find dataconnect.yaml in `/home/user/studio/dataconnect`
 {"metadata":{"emulator":{"name":"dataconnect"},"message":"E0227 00:45:50.062024    9595 watch.go:40] Failed to load config from \"/home/user/studio/dataconnect\": could not find dataconnect.yaml in `/home/user/studio/dataconnect`\n"}}
[debug] [2026-02-27T00:46:00.069Z] E0227 00:46:00.068044    9595 watch.go:40] Failed to load config from "/home/user/studio/dataconnect": could not find dataconnect.yaml in `/home/user/studio/dataconnect`
 {"metadata":{"emulator":{"name":"dataconnect"},"message":"E0227 00:46:00.068044    9595 watch.go:40] Failed to load config from \"/home/user/studio/dataconnect\": could not find dataconnect.yaml in `/home/user/studio/dataconnect`\n"}}
[debug] [2026-02-27T00:46:10.056Z] E0227 00:46:10.055432    9595 watch.go:116] watchAllDir unable to walk dir `/home/user/studio/dataconnect`: lstat /home/user/studio/dataconnect: no such file or directory
E0227 00:46:10.055576    9595 watch.go:40] Failed to load config from "/home/user/studio/dataconnect": could not find dataconnect.yaml in `/home/user/studio/dataconnect`
 {"metadata":{"emulator":{"name":"dataconnect"},"message":"E0227 00:46:10.055432    9595 watch.go:116] watchAllDir unable to walk dir `/home/user/studio/dataconnect`: lstat /home/user/studio/dataconnect: no such file or directory\nE0227 00:46:10.055576    9595 watch.go:40] Failed to load config from \"/home/user/studio/dataconnect\": could not find dataconnect.yaml in `/home/user/studio/dataconnect`\n"}}
[debug] [2026-02-27T00:46:20.059Z] E0227 00:46:20.057511    9595 watch.go:40] Failed to load config from "/home/user/studio/dataconnect": could not find dataconnect.yaml in `/home/user/studio/dataconnect`
 {"metadata":{"emulator":{"name":"dataconnect"},"message":"E0227 00:46:20.057511    9595 watch.go:40] Failed to load config from \"/home/user/studio/dataconnect\": could not find dataconnect.yaml in `/home/user/studio/dataconnect`\n"}}
[debug] [2026-02-27T00:46:30.059Z] E0227 00:46:30.058436    9595 watch.go:40] Failed to load config from "/home/user/studio/dataconnect": could not find dataconnect.yaml in `/home/user/studio/dataconnect`
 {"metadata":{"emulator":{"name":"dataconnect"},"message":"E0227 00:46:30.058436    9595 watch.go:40] Failed to load config from \"/home/user/studio/dataconnect\": could not find dataconnect.yaml in `/home/user/studio/dataconnect`\n"}}
[debug] [2026-02-27T00:46:40.056Z] E0227 00:46:40.055856    9595 watch.go:40] Failed to load config from "/home/user/studio/dataconnect": could not find dataconnect.yaml in `/home/user/studio/dataconnect`
 {"metadata":{"emulator":{"name":"dataconnect"},"message":"E0227 00:46:40.055856    9595 watch.go:40] Failed to load config from \"/home/user/studio/dataconnect\": could not find dataconnect.yaml in `/home/user/studio/dataconnect`\n"}}
[debug] [2026-02-27T00:46:50.065Z] E0227 00:46:50.065005    9595 watch.go:40] Failed to load config from "/home/user/studio/dataconnect": could not find dataconnect.yaml in `/home/user/studio/dataconnect`
 {"metadata":{"emulator":{"name":"dataconnect"},"message":"E0227 00:46:50.065005    9595 watch.go:40] Failed to load config from \"/home/user/studio/dataconnect\": could not find dataconnect.yaml in `/home/user/studio/dataconnect`\n"}}
[debug] [2026-02-27T00:47:00.066Z] E0227 00:47:00.065025    9595 watch.go:40] Failed to load config from "/home/user/studio/dataconnect": could not find dataconnect.yaml in `/home/user/studio/dataconnect`
 {"metadata":{"emulator":{"name":"dataconnect"},"message":"E0227 00:47:00.065025    9595 watch.go:40] Failed to load config from \"/home/user/studio/dataconnect\": could not find dataconnect.yaml in `/home/user/studio/dataconnect`\n"}}
[debug] [2026-02-27T00:47:10.056Z] E0227 00:47:10.056426    9595 watch.go:40] Failed to load config from "/home/user/studio/dataconnect": could not find dataconnect.yaml in `/home/user/studio/dataconnect`
E0227 00:47:10.056316    9595 watch.go:116] watchAllDir unable to walk dir `/home/user/studio/dataconnect`: lstat /home/user/studio/dataconnect: no such file or directory
 {"metadata":{"emulator":{"name":"dataconnect"},"message":"E0227 00:47:10.056426    9595 watch.go:40] Failed to load config from \"/home/user/studio/dataconnect\": could not find dataconnect.yaml in `/home/user/studio/dataconnect`\nE0227 00:47:10.056316    9595 watch.go:116] watchAllDir unable to walk dir `/home/user/studio/dataconnect`: lstat /home/user/studio/dataconnect: no such file or directory\n"}}
[debug] [2026-02-27T00:47:20.065Z] E0227 00:47:20.064980    9595 watch.go:40] Failed to load config from "/home/user/studio/dataconnect": could not find dataconnect.yaml in `/home/user/studio/dataconnect`
 {"metadata":{"emulator":{"name":"dataconnect"},"message":"E0227 00:47:20.064980    9595 watch.go:40] Failed to load config from \"/home/user/studio/dataconnect\": could not find dataconnect.yaml in `/home/user/studio/dataconnect`\n"}}
[debug] [2026-02-27T00:47:30.067Z] E0227 00:47:30.066985    9595 watch.go:40] Failed to load config from "/home/user/studio/dataconnect": could not find dataconnect.yaml in `/home/user/studio/dataconnect`
 {"metadata":{"emulator":{"name":"dataconnect"},"message":"E0227 00:47:30.066985    9595 watch.go:40] Failed to load config from \"/home/user/studio/dataconnect\": could not find dataconnect.yaml in `/home/user/studio/dataconnect`\n"}}
[debug] [2026-02-27T00:47:40.059Z] E0227 00:47:40.056418    9595 watch.go:40] Failed to load config from "/home/user/studio/dataconnect": could not find dataconnect.yaml in `/home/user/studio/dataconnect`
 {"metadata":{"emulator":{"name":"dataconnect"},"message":"E0227 00:47:40.056418    9595 watch.go:40] Failed to load config from \"/home/user/studio/dataconnect\": could not find dataconnect.yaml in `/home/user/studio/dataconnect`\n"}}
[debug] [2026-02-27T00:47:50.065Z] E0227 00:47:50.065349    9595 watch.go:40] Failed to load config from "/home/user/studio/dataconnect": could not find dataconnect.yaml in `/home/user/studio/dataconnect`
 {"metadata":{"emulator":{"name":"dataconnect"},"message":"E0227 00:47:50.065349    9595 watch.go:40] Failed to load config from \"/home/user/studio/dataconnect\": could not find dataconnect.yaml in `/home/user/studio/dataconnect`\n"}}
[debug] [2026-02-27T00:48:00.064Z] E0227 00:48:00.063931    9595 watch.go:40] Failed to load config from "/home/user/studio/dataconnect": could not find dataconnect.yaml in `/home/user/studio/dataconnect`
 {"metadata":{"emulator":{"name":"dataconnect"},"message":"E0227 00:48:00.063931    9595 watch.go:40] Failed to load config from \"/home/user/studio/dataconnect\": could not find dataconnect.yaml in `/home/user/studio/dataconnect`\n"}}
[debug] [2026-02-27T00:48:10.059Z] E0227 00:48:10.056145    9595 watch.go:116] watchAllDir unable to walk dir `/home/user/studio/dataconnect`: lstat /home/user/studio/dataconnect: no such file or directory
E0227 00:48:10.056343    9595 watch.go:40] Failed to load config from "/home/user/studio/dataconnect": could not find dataconnect.yaml in `/home/user/studio/dataconnect`
 {"metadata":{"emulator":{"name":"dataconnect"},"message":"E0227 00:48:10.056145    9595 watch.go:116] watchAllDir unable to walk dir `/home/user/studio/dataconnect`: lstat /home/user/studio/dataconnect: no such file or directory\nE0227 00:48:10.056343    9595 watch.go:40] Failed to load config from \"/home/user/studio/dataconnect\": could not find dataconnect.yaml in `/home/user/studio/dataconnect`\n"}}
[debug] [2026-02-27T00:48:20.064Z] E0227 00:48:20.064671    9595 watch.go:40] Failed to load config from "/home/user/studio/dataconnect": could not find dataconnect.yaml in `/home/user/studio/dataconnect`
 {"metadata":{"emulator":{"name":"dataconnect"},"message":"E0227 00:48:20.064671    9595 watch.go:40] Failed to load config from \"/home/user/studio/dataconnect\": could not find dataconnect.yaml in `/home/user/studio/dataconnect`\n"}}
[debug] [2026-02-27T00:48:30.056Z] E0227 00:48:30.056304    9595 watch.go:40] Failed to load config from "/home/user/studio/dataconnect": could not find dataconnect.yaml in `/home/user/studio/dataconnect`
 {"metadata":{"emulator":{"name":"dataconnect"},"message":"E0227 00:48:30.056304    9595 watch.go:40] Failed to load config from \"/home/user/studio/dataconnect\": could not find dataconnect.yaml in `/home/user/studio/dataconnect`\n"}}
[debug] [2026-02-27T00:48:40.056Z] E0227 00:48:40.056193    9595 watch.go:40] Failed to load config from "/home/user/studio/dataconnect": could not find dataconnect.yaml in `/home/user/studio/dataconnect`
 {"metadata":{"emulator":{"name":"dataconnect"},"message":"E0227 00:48:40.056193    9595 watch.go:40] Failed to load config from \"/home/user/studio/dataconnect\": could not find dataconnect.yaml in `/home/user/studio/dataconnect`\n"}}
[debug] [2026-02-27T00:48:50.065Z] E0227 00:48:50.065400    9595 watch.go:40] Failed to load config from "/home/user/studio/dataconnect": could not find dataconnect.yaml in `/home/user/studio/dataconnect`
 {"metadata":{"emulator":{"name":"dataconnect"},"message":"E0227 00:48:50.065400    9595 watch.go:40] Failed to load config from \"/home/user/studio/dataconnect\": could not find dataconnect.yaml in `/home/user/studio/dataconnect`\n"}}
[debug] [2026-02-27T00:49:00.065Z] E0227 00:49:00.065043    9595 watch.go:40] Failed to load config from "/home/user/studio/dataconnect": could not find dataconnect.yaml in `/home/user/studio/dataconnect`
 {"metadata":{"emulator":{"name":"dataconnect"},"message":"E0227 00:49:00.065043    9595 watch.go:40] Failed to load config from \"/home/user/studio/dataconnect\": could not find dataconnect.yaml in `/home/user/studio/dataconnect`\n"}}
[debug] [2026-02-27T00:49:10.057Z] E0227 00:49:10.056406    9595 watch.go:40] Failed to load config from "/home/user/studio/dataconnect": could not find dataconnect.yaml in `/home/user/studio/dataconnect`
E0227 00:49:10.056410    9595 watch.go:116] watchAllDir unable to walk dir `/home/user/studio/dataconnect`: lstat /home/user/studio/dataconnect: no such file or directory
 {"metadata":{"emulator":{"name":"dataconnect"},"message":"E0227 00:49:10.056406    9595 watch.go:40] Failed to load config from \"/home/user/studio/dataconnect\": could not find dataconnect.yaml in `/home/user/studio/dataconnect`\nE0227 00:49:10.056410    9595 watch.go:116] watchAllDir unable to walk dir `/home/user/studio/dataconnect`: lstat /home/user/studio/dataconnect: no such file or directory\n"}}
[debug] [2026-02-27T00:49:20.065Z] E0227 00:49:20.065031    9595 watch.go:40] Failed to load config from "/home/user/studio/dataconnect": could not find dataconnect.yaml in `/home/user/studio/dataconnect`
 {"metadata":{"emulator":{"name":"dataconnect"},"message":"E0227 00:49:20.065031    9595 watch.go:40] Failed to load config from \"/home/user/studio/dataconnect\": could not find dataconnect.yaml in `/home/user/studio/dataconnect`\n"}}
[debug] [2026-02-27T00:49:30.085Z] E0227 00:49:30.064939    9595 watch.go:40] Failed to load config from "/home/user/studio/dataconnect": could not find dataconnect.yaml in `/home/user/studio/dataconnect`
 {"metadata":{"emulator":{"name":"dataconnect"},"message":"E0227 00:49:30.064939    9595 watch.go:40] Failed to load config from \"/home/user/studio/dataconnect\": could not find dataconnect.yaml in `/home/user/studio/dataconnect`\n"}}
[debug] [2026-02-27T00:49:40.056Z] E0227 00:49:40.056389    9595 watch.go:40] Failed to load config from "/home/user/studio/dataconnect": could not find dataconnect.yaml in `/home/user/studio/dataconnect`
 {"metadata":{"emulator":{"name":"dataconnect"},"message":"E0227 00:49:40.056389    9595 watch.go:40] Failed to load config from \"/home/user/studio/dataconnect\": could not find dataconnect.yaml in `/home/user/studio/dataconnect`\n"}}
[debug] [2026-02-27T00:49:50.065Z] E0227 00:49:50.064000    9595 watch.go:40] Failed to load config from "/home/user/studio/dataconnect": could not find dataconnect.yaml in `/home/user/studio/dataconnect`
 {"metadata":{"emulator":{"name":"dataconnect"},"message":"E0227 00:49:50.064000    9595 watch.go:40] Failed to load config from \"/home/user/studio/dataconnect\": could not find dataconnect.yaml in `/home/user/studio/dataconnect`\n"}}
[debug] [2026-02-27T00:50:00.065Z] E0227 00:50:00.064985    9595 watch.go:40] Failed to load config from "/home/user/studio/dataconnect": could not find dataconnect.yaml in `/home/user/studio/dataconnect`
 {"metadata":{"emulator":{"name":"dataconnect"},"message":"E0227 00:50:00.064985    9595 watch.go:40] Failed to load config from \"/home/user/studio/dataconnect\": could not find dataconnect.yaml in `/home/user/studio/dataconnect`\n"}}
[debug] [2026-02-27T00:50:10.056Z] E0227 00:50:10.056158    9595 watch.go:116] watchAllDir unable to walk dir `/home/user/studio/dataconnect`: lstat /home/user/studio/dataconnect: no such file or directory
E0227 00:50:10.056263    9595 watch.go:40] Failed to load config from "/home/user/studio/dataconnect": could not find dataconnect.yaml in `/home/user/studio/dataconnect`
 {"metadata":{"emulator":{"name":"dataconnect"},"message":"E0227 00:50:10.056158    9595 watch.go:116] watchAllDir unable to walk dir `/home/user/studio/dataconnect`: lstat /home/user/studio/dataconnect: no such file or directory\nE0227 00:50:10.056263    9595 watch.go:40] Failed to load config from \"/home/user/studio/dataconnect\": could not find dataconnect.yaml in `/home/user/studio/dataconnect`\n"}}
[debug] [2026-02-27T00:50:20.065Z] E0227 00:50:20.065371    9595 watch.go:40] Failed to load config from "/home/user/studio/dataconnect": could not find dataconnect.yaml in `/home/user/studio/dataconnect`
 {"metadata":{"emulator":{"name":"dataconnect"},"message":"E0227 00:50:20.065371    9595 watch.go:40] Failed to load config from \"/home/user/studio/dataconnect\": could not find dataconnect.yaml in `/home/user/studio/dataconnect`\n"}}
[debug] [2026-02-27T00:50:30.065Z] E0227 00:50:30.065072    9595 watch.go:40] Failed to load config from "/home/user/studio/dataconnect": could not find dataconnect.yaml in `/home/user/studio/dataconnect`
 {"metadata":{"emulator":{"name":"dataconnect"},"message":"E0227 00:50:30.065072    9595 watch.go:40] Failed to load config from \"/home/user/studio/dataconnect\": could not find dataconnect.yaml in `/home/user/studio/dataconnect`\n"}}
[debug] [2026-02-27T00:50:40.056Z] E0227 00:50:40.055965    9595 watch.go:40] Failed to load config from "/home/user/studio/dataconnect": could not find dataconnect.yaml in `/home/user/studio/dataconnect`
 {"metadata":{"emulator":{"name":"dataconnect"},"message":"E0227 00:50:40.055965    9595 watch.go:40] Failed to load config from \"/home/user/studio/dataconnect\": could not find dataconnect.yaml in `/home/user/studio/dataconnect`\n"}}
[debug] [2026-02-27T00:50:50.056Z] E0227 00:50:50.055915    9595 watch.go:40] Failed to load config from "/home/user/studio/dataconnect": could not find dataconnect.yaml in `/home/user/studio/dataconnect`
 {"metadata":{"emulator":{"name":"dataconnect"},"message":"E0227 00:50:50.055915    9595 watch.go:40] Failed to load config from \"/home/user/studio/dataconnect\": could not find dataconnect.yaml in `/home/user/studio/dataconnect`\n"}}
[debug] [2026-02-27T00:51:00.066Z] E0227 00:51:00.065036    9595 watch.go:40] Failed to load config from "/home/user/studio/dataconnect": could not find dataconnect.yaml in `/home/user/studio/dataconnect`
 {"metadata":{"emulator":{"name":"dataconnect"},"message":"E0227 00:51:00.065036    9595 watch.go:40] Failed to load config from \"/home/user/studio/dataconnect\": could not find dataconnect.yaml in `/home/user/studio/dataconnect`\n"}}
[debug] [2026-02-27T00:51:10.056Z] E0227 00:51:10.056220    9595 watch.go:116] watchAllDir unable to walk dir `/home/user/studio/dataconnect`: lstat /home/user/studio/dataconnect: no such file or directory
 {"metadata":{"emulator":{"name":"dataconnect"},"message":"E0227 00:51:10.056220    9595 watch.go:116] watchAllDir unable to walk dir `/home/user/studio/dataconnect`: lstat /home/user/studio/dataconnect: no such file or directory\n"}}
[debug] [2026-02-27T00:51:10.057Z] E0227 00:51:10.056402    9595 watch.go:40] Failed to load config from "/home/user/studio/dataconnect": could not find dataconnect.yaml in `/home/user/studio/dataconnect`
 {"metadata":{"emulator":{"name":"dataconnect"},"message":"E0227 00:51:10.056402    9595 watch.go:40] Failed to load config from \"/home/user/studio/dataconnect\": could not find dataconnect.yaml in `/home/user/studio/dataconnect`\n"}}
[debug] [2026-02-27T00:51:20.065Z] E0227 00:51:20.064382    9595 watch.go:40] Failed to load config from "/home/user/studio/dataconnect": could not find dataconnect.yaml in `/home/user/studio/dataconnect`
 {"metadata":{"emulator":{"name":"dataconnect"},"message":"E0227 00:51:20.064382    9595 watch.go:40] Failed to load config from \"/home/user/studio/dataconnect\": could not find dataconnect.yaml in `/home/user/studio/dataconnect`\n"}}
[debug] [2026-02-27T00:51:30.066Z] E0227 00:51:30.064986    9595 watch.go:40] Failed to load config from "/home/user/studio/dataconnect": could not find dataconnect.yaml in `/home/user/studio/dataconnect`
 {"metadata":{"emulator":{"name":"dataconnect"},"message":"E0227 00:51:30.064986    9595 watch.go:40] Failed to load config from \"/home/user/studio/dataconnect\": could not find dataconnect.yaml in `/home/user/studio/dataconnect`\n"}}
[debug] [2026-02-27T00:51:40.058Z] E0227 00:51:40.056314    9595 watch.go:40] Failed to load config from "/home/user/studio/dataconnect": could not find dataconnect.yaml in `/home/user/studio/dataconnect`
 {"metadata":{"emulator":{"name":"dataconnect"},"message":"E0227 00:51:40.056314    9595 watch.go:40] Failed to load config from \"/home/user/studio/dataconnect\": could not find dataconnect.yaml in `/home/user/studio/dataconnect`\n"}}
[debug] [2026-02-27T00:51:50.066Z] E0227 00:51:50.064300    9595 watch.go:40] Failed to load config from "/home/user/studio/dataconnect": could not find dataconnect.yaml in `/home/user/studio/dataconnect`
 {"metadata":{"emulator":{"name":"dataconnect"},"message":"E0227 00:51:50.064300    9595 watch.go:40] Failed to load config from \"/home/user/studio/dataconnect\": could not find dataconnect.yaml in `/home/user/studio/dataconnect`\n"}}
[debug] [2026-02-27T00:52:00.065Z] E0227 00:52:00.064972    9595 watch.go:40] Failed to load config from "/home/user/studio/dataconnect": could not find dataconnect.yaml in `/home/user/studio/dataconnect`
 {"metadata":{"emulator":{"name":"dataconnect"},"message":"E0227 00:52:00.064972    9595 watch.go:40] Failed to load config from \"/home/user/studio/dataconnect\": could not find dataconnect.yaml in `/home/user/studio/dataconnect`\n"}}
[debug] [2026-02-27T00:52:10.060Z] E0227 00:52:10.056122    9595 watch.go:116] watchAllDir unable to walk dir `/home/user/studio/dataconnect`: lstat /home/user/studio/dataconnect: no such file or directory
E0227 00:52:10.056276    9595 watch.go:40] Failed to load config from "/home/user/studio/dataconnect": could not find dataconnect.yaml in `/home/user/studio/dataconnect`
 {"metadata":{"emulator":{"name":"dataconnect"},"message":"E0227 00:52:10.056122    9595 watch.go:116] watchAllDir unable to walk dir `/home/user/studio/dataconnect`: lstat /home/user/studio/dataconnect: no such file or directory\nE0227 00:52:10.056276    9595 watch.go:40] Failed to load config from \"/home/user/studio/dataconnect\": could not find dataconnect.yaml in `/home/user/studio/dataconnect`\n"}}
[debug] [2026-02-27T00:52:20.066Z] E0227 00:52:20.065126    9595 watch.go:40] Failed to load config from "/home/user/studio/dataconnect": could not find dataconnect.yaml in `/home/user/studio/dataconnect`
 {"metadata":{"emulator":{"name":"dataconnect"},"message":"E0227 00:52:20.065126    9595 watch.go:40] Failed to load config from \"/home/user/studio/dataconnect\": could not find dataconnect.yaml in `/home/user/studio/dataconnect`\n"}}
[debug] [2026-02-27T00:52:20.993Z] [Firebase Plugin] Value of process.env.MONOSPACE_ENV: true
[debug] [2026-02-27T00:52:20.995Z] [Firebase Plugin] requireAuthWrapper
[debug] [2026-02-27T00:52:20.997Z] > command requires scopes: ["email","openid","https://www.googleapis.com/auth/cloudplatformprojects.readonly","https://www.googleapis.com/auth/firebase","https://www.googleapis.com/auth/cloud-platform","https://www.googleapis.com/auth/userinfo.email"]
[debug] [2026-02-27T00:52:20.999Z] > authorizing via signed-in user (joshfox1987@gmail.com)
[debug] [2026-02-27T00:52:21.001Z] [Firebase Plugin] Value of process.env.MONOSPACE_ENV: true
[debug] [2026-02-27T00:52:21.002Z] [Firebase Plugin] requireAuthWrapper
[debug] [2026-02-27T00:52:21.003Z] > command requires scopes: ["email","openid","https://www.googleapis.com/auth/cloudplatformprojects.readonly","https://www.googleapis.com/auth/firebase","https://www.googleapis.com/auth/cloud-platform","https://www.googleapis.com/auth/userinfo.email"]
[debug] [2026-02-27T00:52:21.005Z] > authorizing via signed-in user (joshfox1987@gmail.com)
[debug] [2026-02-27T00:52:21.008Z] Checked if tokens are valid: true, expires at: 1772155477626
[debug] [2026-02-27T00:52:21.010Z] Checked if tokens are valid: true, expires at: 1772155477626
[debug] [2026-02-27T00:52:21.010Z] [Firebase Plugin] User found:  joshfox1987@gmail.com
[debug] [2026-02-27T00:52:21.011Z] [Firebase Plugin] User found:  joshfox1987@gmail.com
[info] [Firebase Plugin] (Core:Project) New user detected, fetching projects
[debug] [2026-02-27T00:52:21.014Z] Checked if tokens are valid: true, expires at: 1772155477626
[info] [Firebase Plugin] (Core:Project) New user detected, fetching projects
[debug] [2026-02-27T00:52:21.016Z] Checked if tokens are valid: true, expires at: 1772155477626
[debug] [2026-02-27T00:52:21.018Z] >>> [apiv2][query] GET https://firebase.googleapis.com/v1beta1/projects pageSize=1000
[debug] [2026-02-27T00:52:21.023Z] >>> [apiv2][query] GET https://firebase.googleapis.com/v1beta1/projects pageSize=1000
[debug] [2026-02-27T00:52:21.660Z] <<< [apiv2][status] GET https://firebase.googleapis.com/v1beta1/projects 200
[debug] [2026-02-27T00:52:21.661Z] <<< [apiv2][body] GET https://firebase.googleapis.com/v1beta1/projects [omitted]
[debug] [2026-02-27T00:52:21.735Z] <<< [apiv2][status] GET https://firebase.googleapis.com/v1beta1/projects 200
[debug] [2026-02-27T00:52:21.737Z] <<< [apiv2][body] GET https://firebase.googleapis.com/v1beta1/projects [omitted]
[debug] [2026-02-27T00:52:30.070Z] E0227 00:52:30.065002    9595 watch.go:40] Failed to load config from "/home/user/studio/dataconnect": could not find dataconnect.yaml in `/home/user/studio/dataconnect`
 {"metadata":{"emulator":{"name":"dataconnect"},"message":"E0227 00:52:30.065002    9595 watch.go:40] Failed to load config from \"/home/user/studio/dataconnect\": could not find dataconnect.yaml in `/home/user/studio/dataconnect`\n"}}
[debug] [2026-02-27T00:52:40.060Z] E0227 00:52:40.057742    9595 watch.go:40] Failed to load config from "/home/user/studio/dataconnect": could not find dataconnect.yaml in `/home/user/studio/dataconnect`
 {"metadata":{"emulator":{"name":"dataconnect"},"message":"E0227 00:52:40.057742    9595 watch.go:40] Failed to load config from \"/home/user/studio/dataconnect\": could not find dataconnect.yaml in `/home/user/studio/dataconnect`\n"}}
[debug] [2026-02-27T00:52:50.056Z] E0227 00:52:50.055717    9595 watch.go:40] Failed to load config from "/home/user/studio/dataconnect": could not find dataconnect.yaml in `/home/user/studio/dataconnect`
 {"metadata":{"emulator":{"name":"dataconnect"},"message":"E0227 00:52:50.055717    9595 watch.go:40] Failed to load config from \"/home/user/studio/dataconnect\": could not find dataconnect.yaml in `/home/user/studio/dataconnect`\n"}}
[debug] [2026-02-27T00:53:00.065Z] E0227 00:53:00.065067    9595 watch.go:40] Failed to load config from "/home/user/studio/dataconnect": could not find dataconnect.yaml in `/home/user/studio/dataconnect`
 {"metadata":{"emulator":{"name":"dataconnect"},"message":"E0227 00:53:00.065067    9595 watch.go:40] Failed to load config from \"/home/user/studio/dataconnect\": could not find dataconnect.yaml in `/home/user/studio/dataconnect`\n"}}
[debug] [2026-02-27T00:53:10.058Z] E0227 00:53:10.056308    9595 watch.go:40] Failed to load config from "/home/user/studio/dataconnect": could not find dataconnect.yaml in `/home/user/studio/dataconnect`
 {"metadata":{"emulator":{"name":"dataconnect"},"message":"E0227 00:53:10.056308    9595 watch.go:40] Failed to load config from \"/home/user/studio/dataconnect\": could not find dataconnect.yaml in `/home/user/studio/dataconnect`\n"}}
[debug] [2026-02-27T00:53:10.075Z] E0227 00:53:10.056218    9595 watch.go:116] watchAllDir unable to walk dir `/home/user/studio/dataconnect`: lstat /home/user/studio/dataconnect: no such file or directory
 {"metadata":{"emulator":{"name":"dataconnect"},"message":"E0227 00:53:10.056218    9595 watch.go:116] watchAllDir unable to walk dir `/home/user/studio/dataconnect`: lstat /home/user/studio/dataconnect: no such file or directory\n"}}
[debug] [2026-02-27T00:53:20.062Z] E0227 00:53:20.061994    9595 watch.go:40] Failed to load config from "/home/user/studio/dataconnect": could not find dataconnect.yaml in `/home/user/studio/dataconnect`
 {"metadata":{"emulator":{"name":"dataconnect"},"message":"E0227 00:53:20.061994    9595 watch.go:40] Failed to load config from \"/home/user/studio/dataconnect\": could not find dataconnect.yaml in `/home/user/studio/dataconnect`\n"}}
[debug] [2026-02-27T00:53:30.065Z] E0227 00:53:30.065615    9595 watch.go:40] Failed to load config from "/home/user/studio/dataconnect": could not find dataconnect.yaml in `/home/user/studio/dataconnect`
 {"metadata":{"emulator":{"name":"dataconnect"},"message":"E0227 00:53:30.065615    9595 watch.go:40] Failed to load config from \"/home/user/studio/dataconnect\": could not find dataconnect.yaml in `/home/user/studio/dataconnect`\n"}}
[debug] [2026-02-27T00:53:40.056Z] E0227 00:53:40.056232    9595 watch.go:40] Failed to load config from "/home/user/studio/dataconnect": could not find dataconnect.yaml in `/home/user/studio/dataconnect`
 {"metadata":{"emulator":{"name":"dataconnect"},"message":"E0227 00:53:40.056232    9595 watch.go:40] Failed to load config from \"/home/user/studio/dataconnect\": could not find dataconnect.yaml in `/home/user/studio/dataconnect`\n"}}
[debug] [2026-02-27T00:53:50.066Z] E0227 00:53:50.065507    9595 watch.go:40] Failed to load config from "/home/user/studio/dataconnect": could not find dataconnect.yaml in `/home/user/studio/dataconnect`
 {"metadata":{"emulator":{"name":"dataconnect"},"message":"E0227 00:53:50.065507    9595 watch.go:40] Failed to load config from \"/home/user/studio/dataconnect\": could not find dataconnect.yaml in `/home/user/studio/dataconnect`\n"}}
[debug] [2026-02-27T00:54:00.065Z] E0227 00:54:00.063985    9595 watch.go:40] Failed to load config from "/home/user/studio/dataconnect": could not find dataconnect.yaml in `/home/user/studio/dataconnect`
 {"metadata":{"emulator":{"name":"dataconnect"},"message":"E0227 00:54:00.063985    9595 watch.go:40] Failed to load config from \"/home/user/studio/dataconnect\": could not find dataconnect.yaml in `/home/user/studio/dataconnect`\n"}}
[debug] [2026-02-27T00:54:10.060Z] E0227 00:54:10.056202    9595 watch.go:116] watchAllDir unable to walk dir `/home/user/studio/dataconnect`: lstat /home/user/studio/dataconnect: no such file or directory
E0227 00:54:10.056351    9595 watch.go:40] Failed to load config from "/home/user/studio/dataconnect": could not find dataconnect.yaml in `/home/user/studio/dataconnect`
 {"metadata":{"emulator":{"name":"dataconnect"},"message":"E0227 00:54:10.056202    9595 watch.go:116] watchAllDir unable to walk dir `/home/user/studio/dataconnect`: lstat /home/user/studio/dataconnect: no such file or directory\nE0227 00:54:10.056351    9595 watch.go:40] Failed to load config from \"/home/user/studio/dataconnect\": could not find dataconnect.yaml in `/home/user/studio/dataconnect`\n"}}
[debug] [2026-02-27T00:54:20.065Z] E0227 00:54:20.065135    9595 watch.go:40] Failed to load config from "/home/user/studio/dataconnect": could not find dataconnect.yaml in `/home/user/studio/dataconnect`
 {"metadata":{"emulator":{"name":"dataconnect"},"message":"E0227 00:54:20.065135    9595 watch.go:40] Failed to load config from \"/home/user/studio/dataconnect\": could not find dataconnect.yaml in `/home/user/studio/dataconnect`\n"}}
[debug] [2026-02-27T00:54:30.065Z] E0227 00:54:30.065263    9595 watch.go:40] Failed to load config from "/home/user/studio/dataconnect": could not find dataconnect.yaml in `/home/user/studio/dataconnect`
 {"metadata":{"emulator":{"name":"dataconnect"},"message":"E0227 00:54:30.065263    9595 watch.go:40] Failed to load config from \"/home/user/studio/dataconnect\": could not find dataconnect.yaml in `/home/user/studio/dataconnect`\n"}}
[debug] [2026-02-27T00:54:40.056Z] E0227 00:54:40.056404    9595 watch.go:40] Failed to load config from "/home/user/studio/dataconnect": could not find dataconnect.yaml in `/home/user/studio/dataconnect`
 {"metadata":{"emulator":{"name":"dataconnect"},"message":"E0227 00:54:40.056404    9595 watch.go:40] Failed to load config from \"/home/user/studio/dataconnect\": could not find dataconnect.yaml in `/home/user/studio/dataconnect`\n"}}
[debug] [2026-02-27T00:54:50.059Z] E0227 00:54:50.056339    9595 watch.go:40] Failed to load config from "/home/user/studio/dataconnect": could not find dataconnect.yaml in `/home/user/studio/dataconnect`
 {"metadata":{"emulator":{"name":"dataconnect"},"message":"E0227 00:54:50.056339    9595 watch.go:40] Failed to load config from \"/home/user/studio/dataconnect\": could not find dataconnect.yaml in `/home/user/studio/dataconnect`\n"}}
[debug] [2026-02-27T00:55:00.056Z] E0227 00:55:00.055623    9595 watch.go:40] Failed to load config from "/home/user/studio/dataconnect": could not find dataconnect.yaml in `/home/user/studio/dataconnect`
 {"metadata":{"emulator":{"name":"dataconnect"},"message":"E0227 00:55:00.055623    9595 watch.go:40] Failed to load config from \"/home/user/studio/dataconnect\": could not find dataconnect.yaml in `/home/user/studio/dataconnect`\n"}}
[debug] [2026-02-27T00:55:10.056Z] E0227 00:55:10.056320    9595 watch.go:116] watchAllDir unable to walk dir `/home/user/studio/dataconnect`: lstat /home/user/studio/dataconnect: no such file or directory
E0227 00:55:10.056514    9595 watch.go:40] Failed to load config from "/home/user/studio/dataconnect": could not find dataconnect.yaml in `/home/user/studio/dataconnect`
 {"metadata":{"emulator":{"name":"dataconnect"},"message":"E0227 00:55:10.056320    9595 watch.go:116] watchAllDir unable to walk dir `/home/user/studio/dataconnect`: lstat /home/user/studio/dataconnect: no such file or directory\nE0227 00:55:10.056514    9595 watch.go:40] Failed to load config from \"/home/user/studio/dataconnect\": could not find dataconnect.yaml in `/home/user/studio/dataconnect`\n"}}
[debug] [2026-02-27T00:55:20.066Z] E0227 00:55:20.064081    9595 watch.go:40] Failed to load config from "/home/user/studio/dataconnect": could not find dataconnect.yaml in `/home/user/studio/dataconnect`
 {"metadata":{"emulator":{"name":"dataconnect"},"message":"E0227 00:55:20.064081    9595 watch.go:40] Failed to load config from \"/home/user/studio/dataconnect\": could not find dataconnect.yaml in `/home/user/studio/dataconnect`\n"}}
[debug] [2026-02-27T00:55:30.065Z] E0227 00:55:30.064956    9595 watch.go:40] Failed to load config from "/home/user/studio/dataconnect": could not find dataconnect.yaml in `/home/user/studio/dataconnect`
 {"metadata":{"emulator":{"name":"dataconnect"},"message":"E0227 00:55:30.064956    9595 watch.go:40] Failed to load config from \"/home/user/studio/dataconnect\": could not find dataconnect.yaml in `/home/user/studio/dataconnect`\n"}}
[debug] [2026-02-27T00:55:40.057Z] E0227 00:55:40.056301    9595 watch.go:40] Failed to load config from "/home/user/studio/dataconnect": could not find dataconnect.yaml in `/home/user/studio/dataconnect`
 {"metadata":{"emulator":{"name":"dataconnect"},"message":"E0227 00:55:40.056301    9595 watch.go:40] Failed to load config from \"/home/user/studio/dataconnect\": could not find dataconnect.yaml in `/home/user/studio/dataconnect`\n"}}
[debug] [2026-02-27T00:55:50.064Z] E0227 00:55:50.063994    9595 watch.go:40] Failed to load config from "/home/user/studio/dataconnect": could not find dataconnect.yaml in `/home/user/studio/dataconnect`
 {"metadata":{"emulator":{"name":"dataconnect"},"message":"E0227 00:55:50.063994    9595 watch.go:40] Failed to load config from \"/home/user/studio/dataconnect\": could not find dataconnect.yaml in `/home/user/studio/dataconnect`\n"}}
[debug] [2026-02-27T00:56:00.065Z] E0227 00:56:00.065096    9595 watch.go:40] Failed to load config from "/home/user/studio/dataconnect": could not find dataconnect.yaml in `/home/user/studio/dataconnect`
 {"metadata":{"emulator":{"name":"dataconnect"},"message":"E0227 00:56:00.065096    9595 watch.go:40] Failed to load config from \"/home/user/studio/dataconnect\": could not find dataconnect.yaml in `/home/user/studio/dataconnect`\n"}}
[debug] [2026-02-27T00:56:10.056Z] E0227 00:56:10.056345    9595 watch.go:116] watchAllDir unable to walk dir `/home/user/studio/dataconnect`: lstat /home/user/studio/dataconnect: no such file or directory
 {"metadata":{"emulator":{"name":"dataconnect"},"message":"E0227 00:56:10.056345    9595 watch.go:116] watchAllDir unable to walk dir `/home/user/studio/dataconnect`: lstat /home/user/studio/dataconnect: no such file or directory\n"}}
[debug] [2026-02-27T00:56:10.057Z] E0227 00:56:10.056477    9595 watch.go:40] Failed to load config from "/home/user/studio/dataconnect": could not find dataconnect.yaml in `/home/user/studio/dataconnect`
 {"metadata":{"emulator":{"name":"dataconnect"},"message":"E0227 00:56:10.056477    9595 watch.go:40] Failed to load config from \"/home/user/studio/dataconnect\": could not find dataconnect.yaml in `/home/user/studio/dataconnect`\n"}}
[debug] [2026-02-27T00:56:20.064Z] E0227 00:56:20.064137    9595 watch.go:40] Failed to load config from "/home/user/studio/dataconnect": could not find dataconnect.yaml in `/home/user/studio/dataconnect`
 {"metadata":{"emulator":{"name":"dataconnect"},"message":"E0227 00:56:20.064137    9595 watch.go:40] Failed to load config from \"/home/user/studio/dataconnect\": could not find dataconnect.yaml in `/home/user/studio/dataconnect`\n"}}
[debug] [2026-02-27T00:56:30.065Z] E0227 00:56:30.065028    9595 watch.go:40] Failed to load config from "/home/user/studio/dataconnect": could not find dataconnect.yaml in `/home/user/studio/dataconnect`
 {"metadata":{"emulator":{"name":"dataconnect"},"message":"E0227 00:56:30.065028    9595 watch.go:40] Failed to load config from \"/home/user/studio/dataconnect\": could not find dataconnect.yaml in `/home/user/studio/dataconnect`\n"}}
[debug] [2026-02-27T00:56:40.057Z] E0227 00:56:40.056385    9595 watch.go:40] Failed to load config from "/home/user/studio/dataconnect": could not find dataconnect.yaml in `/home/user/studio/dataconnect`
 {"metadata":{"emulator":{"name":"dataconnect"},"message":"E0227 00:56:40.056385    9595 watch.go:40] Failed to load config from \"/home/user/studio/dataconnect\": could not find dataconnect.yaml in `/home/user/studio/dataconnect`\n"}}
[debug] [2026-02-27T00:56:50.064Z] E0227 00:56:50.063961    9595 watch.go:40] Failed to load config from "/home/user/studio/dataconnect": could not find dataconnect.yaml in `/home/user/studio/dataconnect`
 {"metadata":{"emulator":{"name":"dataconnect"},"message":"E0227 00:56:50.063961    9595 watch.go:40] Failed to load config from \"/home/user/studio/dataconnect\": could not find dataconnect.yaml in `/home/user/studio/dataconnect`\n"}}
[debug] [2026-02-27T00:57:00.061Z] E0227 00:57:00.061138    9595 watch.go:40] Failed to load config from "/home/user/studio/dataconnect": could not find dataconnect.yaml in `/home/user/studio/dataconnect`
 {"metadata":{"emulator":{"name":"dataconnect"},"message":"E0227 00:57:00.061138    9595 watch.go:40] Failed to load config from \"/home/user/studio/dataconnect\": could not find dataconnect.yaml in `/home/user/studio/dataconnect`\n"}}
[debug] [2026-02-27T00:57:10.060Z] E0227 00:57:10.055946    9595 watch.go:116] watchAllDir unable to walk dir `/home/user/studio/dataconnect`: lstat /home/user/studio/dataconnect: no such file or directory
E0227 00:57:10.056144    9595 watch.go:40] Failed to load config from "/home/user/studio/dataconnect": could not find dataconnect.yaml in `/home/user/studio/dataconnect`
 {"metadata":{"emulator":{"name":"dataconnect"},"message":"E0227 00:57:10.055946    9595 watch.go:116] watchAllDir unable to walk dir `/home/user/studio/dataconnect`: lstat /home/user/studio/dataconnect: no such file or directory\nE0227 00:57:10.056144    9595 watch.go:40] Failed to load config from \"/home/user/studio/dataconnect\": could not find dataconnect.yaml in `/home/user/studio/dataconnect`\n"}}
[debug] [2026-02-27T00:57:20.065Z] E0227 00:57:20.065088    9595 watch.go:40] Failed to load config from "/home/user/studio/dataconnect": could not find dataconnect.yaml in `/home/user/studio/dataconnect`
 {"metadata":{"emulator":{"name":"dataconnect"},"message":"E0227 00:57:20.065088    9595 watch.go:40] Failed to load config from \"/home/user/studio/dataconnect\": could not find dataconnect.yaml in `/home/user/studio/dataconnect`\n"}}
[debug] [2026-02-27T00:57:30.065Z] E0227 00:57:30.064974    9595 watch.go:40] Failed to load config from "/home/user/studio/dataconnect": could not find dataconnect.yaml in `/home/user/studio/dataconnect`
 {"metadata":{"emulator":{"name":"dataconnect"},"message":"E0227 00:57:30.064974    9595 watch.go:40] Failed to load config from \"/home/user/studio/dataconnect\": could not find dataconnect.yaml in `/home/user/studio/dataconnect`\n"}}
[debug] [2026-02-27T00:57:40.056Z] E0227 00:57:40.056267    9595 watch.go:40] Failed to load config from "/home/user/studio/dataconnect": could not find dataconnect.yaml in `/home/user/studio/dataconnect`
 {"metadata":{"emulator":{"name":"dataconnect"},"message":"E0227 00:57:40.056267    9595 watch.go:40] Failed to load config from \"/home/user/studio/dataconnect\": could not find dataconnect.yaml in `/home/user/studio/dataconnect`\n"}}
[debug] [2026-02-27T00:57:50.064Z] E0227 00:57:50.063971    9595 watch.go:40] Failed to load config from "/home/user/studio/dataconnect": could not find dataconnect.yaml in `/home/user/studio/dataconnect`
 {"metadata":{"emulator":{"name":"dataconnect"},"message":"E0227 00:57:50.063971    9595 watch.go:40] Failed to load config from \"/home/user/studio/dataconnect\": could not find dataconnect.yaml in `/home/user/studio/dataconnect`\n"}}
[debug] [2026-02-27T00:58:00.061Z] E0227 00:58:00.061059    9595 watch.go:40] Failed to load config from "/home/user/studio/dataconnect": could not find dataconnect.yaml in `/home/user/studio/dataconnect`
 {"metadata":{"emulator":{"name":"dataconnect"},"message":"E0227 00:58:00.061059    9595 watch.go:40] Failed to load config from \"/home/user/studio/dataconnect\": could not find dataconnect.yaml in `/home/user/studio/dataconnect`\n"}}
[debug] [2026-02-27T00:58:10.056Z] E0227 00:58:10.056511    9595 watch.go:40] Failed to load config from "/home/user/studio/dataconnect": could not find dataconnect.yaml in `/home/user/studio/dataconnect`
E0227 00:58:10.056645    9595 watch.go:116] watchAllDir unable to walk dir `/home/user/studio/dataconnect`: lstat /home/user/studio/dataconnect: no such file or directory
 {"metadata":{"emulator":{"name":"dataconnect"},"message":"E0227 00:58:10.056511    9595 watch.go:40] Failed to load config from \"/home/user/studio/dataconnect\": could not find dataconnect.yaml in `/home/user/studio/dataconnect`\nE0227 00:58:10.056645    9595 watch.go:116] watchAllDir unable to walk dir `/home/user/studio/dataconnect`: lstat /home/user/studio/dataconnect: no such file or directory\n"}}
[debug] [2026-02-27T00:58:20.065Z] E0227 00:58:20.064925    9595 watch.go:40] Failed to load config from "/home/user/studio/dataconnect": could not find dataconnect.yaml in `/home/user/studio/dataconnect`
 {"metadata":{"emulator":{"name":"dataconnect"},"message":"E0227 00:58:20.064925    9595 watch.go:40] Failed to load config from \"/home/user/studio/dataconnect\": could not find dataconnect.yaml in `/home/user/studio/dataconnect`\n"}}
[debug] [2026-02-27T00:58:30.069Z] E0227 00:58:30.068949    9595 watch.go:40] Failed to load config from "/home/user/studio/dataconnect": could not find dataconnect.yaml in `/home/user/studio/dataconnect`
 {"metadata":{"emulator":{"name":"dataconnect"},"message":"E0227 00:58:30.068949    9595 watch.go:40] Failed to load config from \"/home/user/studio/dataconnect\": could not find dataconnect.yaml in `/home/user/studio/dataconnect`\n"}}
[debug] [2026-02-27T00:58:40.056Z] E0227 00:58:40.056239    9595 watch.go:40] Failed to load config from "/home/user/studio/dataconnect": could not find dataconnect.yaml in `/home/user/studio/dataconnect`
 {"metadata":{"emulator":{"name":"dataconnect"},"message":"E0227 00:58:40.056239    9595 watch.go:40] Failed to load config from \"/home/user/studio/dataconnect\": could not find dataconnect.yaml in `/home/user/studio/dataconnect`\n"}}
[debug] [2026-02-27T00:58:50.062Z] E0227 00:58:50.062113    9595 watch.go:40] Failed to load config from "/home/user/studio/dataconnect": could not find dataconnect.yaml in `/home/user/studio/dataconnect`
 {"metadata":{"emulator":{"name":"dataconnect"},"message":"E0227 00:58:50.062113    9595 watch.go:40] Failed to load config from \"/home/user/studio/dataconnect\": could not find dataconnect.yaml in `/home/user/studio/dataconnect`\n"}}
[debug] [2026-02-27T00:59:00.065Z] E0227 00:59:00.065083    9595 watch.go:40] Failed to load config from "/home/user/studio/dataconnect": could not find dataconnect.yaml in `/home/user/studio/dataconnect`
 {"metadata":{"emulator":{"name":"dataconnect"},"message":"E0227 00:59:00.065083    9595 watch.go:40] Failed to load config from \"/home/user/studio/dataconnect\": could not find dataconnect.yaml in `/home/user/studio/dataconnect`\n"}}
[debug] [2026-02-27T00:59:10.056Z] E0227 00:59:10.055620    9595 watch.go:40] Failed to load config from "/home/user/studio/dataconnect": could not find dataconnect.yaml in `/home/user/studio/dataconnect`
 {"metadata":{"emulator":{"name":"dataconnect"},"message":"E0227 00:59:10.055620    9595 watch.go:40] Failed to load config from \"/home/user/studio/dataconnect\": could not find dataconnect.yaml in `/home/user/studio/dataconnect`\n"}}
[debug] [2026-02-27T00:59:10.061Z] E0227 00:59:10.057429    9595 watch.go:116] watchAllDir unable to walk dir `/home/user/studio/dataconnect`: lstat /home/user/studio/dataconnect: no such file or directory
 {"metadata":{"emulator":{"name":"dataconnect"},"message":"E0227 00:59:10.057429    9595 watch.go:116] watchAllDir unable to walk dir `/home/user/studio/dataconnect`: lstat /home/user/studio/dataconnect: no such file or directory\n"}}
[debug] [2026-02-27T00:59:20.065Z] E0227 00:59:20.064083    9595 watch.go:40] Failed to load config from "/home/user/studio/dataconnect": could not find dataconnect.yaml in `/home/user/studio/dataconnect`
 {"metadata":{"emulator":{"name":"dataconnect"},"message":"E0227 00:59:20.064083    9595 watch.go:40] Failed to load config from \"/home/user/studio/dataconnect\": could not find dataconnect.yaml in `/home/user/studio/dataconnect`\n"}}
[debug] [2026-02-27T00:59:30.065Z] E0227 00:59:30.064961    9595 watch.go:40] Failed to load config from "/home/user/studio/dataconnect": could not find dataconnect.yaml in `/home/user/studio/dataconnect`
 {"metadata":{"emulator":{"name":"dataconnect"},"message":"E0227 00:59:30.064961    9595 watch.go:40] Failed to load config from \"/home/user/studio/dataconnect\": could not find dataconnect.yaml in `/home/user/studio/dataconnect`\n"}}
[debug] [2026-02-27T00:59:40.056Z] E0227 00:59:40.056199    9595 watch.go:40] Failed to load config from "/home/user/studio/dataconnect": could not find dataconnect.yaml in `/home/user/studio/dataconnect`
 {"metadata":{"emulator":{"name":"dataconnect"},"message":"E0227 00:59:40.056199    9595 watch.go:40] Failed to load config from \"/home/user/studio/dataconnect\": could not find dataconnect.yaml in `/home/user/studio/dataconnect`\n"}}
[debug] [2026-02-27T00:59:50.066Z] E0227 00:59:50.065015    9595 watch.go:40] Failed to load config from "/home/user/studio/dataconnect": could not find dataconnect.yaml in `/home/user/studio/dataconnect`
 {"metadata":{"emulator":{"name":"dataconnect"},"message":"E0227 00:59:50.065015    9595 watch.go:40] Failed to load config from \"/home/user/studio/dataconnect\": could not find dataconnect.yaml in `/home/user/studio/dataconnect`\n"}}
[debug] [2026-02-27T01:00:00.067Z] E0227 01:00:00.065851    9595 watch.go:40] Failed to load config from "/home/user/studio/dataconnect": could not find dataconnect.yaml in `/home/user/studio/dataconnect`
 {"metadata":{"emulator":{"name":"dataconnect"},"message":"E0227 01:00:00.065851    9595 watch.go:40] Failed to load config from \"/home/user/studio/dataconnect\": could not find dataconnect.yaml in `/home/user/studio/dataconnect`\n"}}
[debug] [2026-02-27T01:00:10.056Z] E0227 01:00:10.056151    9595 watch.go:116] watchAllDir unable to walk dir `/home/user/studio/dataconnect`: lstat /home/user/studio/dataconnect: no such file or directory
E0227 01:00:10.056451    9595 watch.go:40] Failed to load config from "/home/user/studio/dataconnect": could not find dataconnect.yaml in `/home/user/studio/dataconnect`
 {"metadata":{"emulator":{"name":"dataconnect"},"message":"E0227 01:00:10.056151    9595 watch.go:116] watchAllDir unable to walk dir `/home/user/studio/dataconnect`: lstat /home/user/studio/dataconnect: no such file or directory\nE0227 01:00:10.056451    9595 watch.go:40] Failed to load config from \"/home/user/studio/dataconnect\": could not find dataconnect.yaml in `/home/user/studio/dataconnect`\n"}}
[debug] [2026-02-27T01:00:20.064Z] E0227 01:00:20.063987    9595 watch.go:40] Failed to load config from "/home/user/studio/dataconnect": could not find dataconnect.yaml in `/home/user/studio/dataconnect`
 {"metadata":{"emulator":{"name":"dataconnect"},"message":"E0227 01:00:20.063987    9595 watch.go:40] Failed to load config from \"/home/user/studio/dataconnect\": could not find dataconnect.yaml in `/home/user/studio/dataconnect`\n"}}
[debug] [2026-02-27T01:00:30.065Z] E0227 01:00:30.064964    9595 watch.go:40] Failed to load config from "/home/user/studio/dataconnect": could not find dataconnect.yaml in `/home/user/studio/dataconnect`
 {"metadata":{"emulator":{"name":"dataconnect"},"message":"E0227 01:00:30.064964    9595 watch.go:40] Failed to load config from \"/home/user/studio/dataconnect\": could not find dataconnect.yaml in `/home/user/studio/dataconnect`\n"}}
[debug] [2026-02-27T01:00:40.093Z] E0227 01:00:40.057027    9595 watch.go:40] Failed to load config from "/home/user/studio/dataconnect": could not find dataconnect.yaml in `/home/user/studio/dataconnect`
 {"metadata":{"emulator":{"name":"dataconnect"},"message":"E0227 01:00:40.057027    9595 watch.go:40] Failed to load config from \"/home/user/studio/dataconnect\": could not find dataconnect.yaml in `/home/user/studio/dataconnect`\n"}}
[debug] [2026-02-27T01:00:50.088Z] E0227 01:00:50.064976    9595 watch.go:40] Failed to load config from "/home/user/studio/dataconnect": could not find dataconnect.yaml in `/home/user/studio/dataconnect`
 {"metadata":{"emulator":{"name":"dataconnect"},"message":"E0227 01:00:50.064976    9595 watch.go:40] Failed to load config from \"/home/user/studio/dataconnect\": could not find dataconnect.yaml in `/home/user/studio/dataconnect`\n"}}
[debug] [2026-02-27T01:01:00.065Z] E0227 01:01:00.065366    9595 watch.go:40] Failed to load config from "/home/user/studio/dataconnect": could not find dataconnect.yaml in `/home/user/studio/dataconnect`
 {"metadata":{"emulator":{"name":"dataconnect"},"message":"E0227 01:01:00.065366    9595 watch.go:40] Failed to load config from \"/home/user/studio/dataconnect\": could not find dataconnect.yaml in `/home/user/studio/dataconnect`\n"}}
[debug] [2026-02-27T01:01:10.071Z] E0227 01:01:10.056248    9595 watch.go:116] watchAllDir unable to walk dir `/home/user/studio/dataconnect`: lstat /home/user/studio/dataconnect: no such file or directory
E0227 01:01:10.056404    9595 watch.go:40] Failed to load config from "/home/user/studio/dataconnect": could not find dataconnect.yaml in `/home/user/studio/dataconnect`
 {"metadata":{"emulator":{"name":"dataconnect"},"message":"E0227 01:01:10.056248    9595 watch.go:116] watchAllDir unable to walk dir `/home/user/studio/dataconnect`: lstat /home/user/studio/dataconnect: no such file or directory\nE0227 01:01:10.056404    9595 watch.go:40] Failed to load config from \"/home/user/studio/dataconnect\": could not find dataconnect.yaml in `/home/user/studio/dataconnect`\n"}}
[debug] [2026-02-27T01:01:20.058Z] E0227 01:01:20.057176    9595 watch.go:40] Failed to load config from "/home/user/studio/dataconnect": could not find dataconnect.yaml in `/home/user/studio/dataconnect`
 {"metadata":{"emulator":{"name":"dataconnect"},"message":"E0227 01:01:20.057176    9595 watch.go:40] Failed to load config from \"/home/user/studio/dataconnect\": could not find dataconnect.yaml in `/home/user/studio/dataconnect`\n"}}
[debug] [2026-02-27T01:01:30.064Z] E0227 01:01:30.064021    9595 watch.go:40] Failed to load config from "/home/user/studio/dataconnect": could not find dataconnect.yaml in `/home/user/studio/dataconnect`
 {"metadata":{"emulator":{"name":"dataconnect"},"message":"E0227 01:01:30.064021    9595 watch.go:40] Failed to load config from \"/home/user/studio/dataconnect\": could not find dataconnect.yaml in `/home/user/studio/dataconnect`\n"}}
[debug] [2026-02-27T01:01:40.057Z] E0227 01:01:40.056199    9595 watch.go:40] Failed to load config from "/home/user/studio/dataconnect": could not find dataconnect.yaml in `/home/user/studio/dataconnect`
 {"metadata":{"emulator":{"name":"dataconnect"},"message":"E0227 01:01:40.056199    9595 watch.go:40] Failed to load config from \"/home/user/studio/dataconnect\": could not find dataconnect.yaml in `/home/user/studio/dataconnect`\n"}}
[debug] [2026-02-27T01:01:50.067Z] E0227 01:01:50.066953    9595 watch.go:40] Failed to load config from "/home/user/studio/dataconnect": could not find dataconnect.yaml in `/home/user/studio/dataconnect`
 {"metadata":{"emulator":{"name":"dataconnect"},"message":"E0227 01:01:50.066953    9595 watch.go:40] Failed to load config from \"/home/user/studio/dataconnect\": could not find dataconnect.yaml in `/home/user/studio/dataconnect`\n"}}
[debug] [2026-02-27T01:02:00.065Z] E0227 01:02:00.064995    9595 watch.go:40] Failed to load config from "/home/user/studio/dataconnect": could not find dataconnect.yaml in `/home/user/studio/dataconnect`
 {"metadata":{"emulator":{"name":"dataconnect"},"message":"E0227 01:02:00.064995    9595 watch.go:40] Failed to load config from \"/home/user/studio/dataconnect\": could not find dataconnect.yaml in `/home/user/studio/dataconnect`\n"}}
[debug] [2026-02-27T01:02:10.056Z] E0227 01:02:10.056203    9595 watch.go:40] Failed to load config from "/home/user/studio/dataconnect": could not find dataconnect.yaml in `/home/user/studio/dataconnect`
E0227 01:02:10.056301    9595 watch.go:116] watchAllDir unable to walk dir `/home/user/studio/dataconnect`: lstat /home/user/studio/dataconnect: no such file or directory
 {"metadata":{"emulator":{"name":"dataconnect"},"message":"E0227 01:02:10.056203    9595 watch.go:40] Failed to load config from \"/home/user/studio/dataconnect\": could not find dataconnect.yaml in `/home/user/studio/dataconnect`\nE0227 01:02:10.056301    9595 watch.go:116] watchAllDir unable to walk dir `/home/user/studio/dataconnect`: lstat /home/user/studio/dataconnect: no such file or directory\n"}}
[debug] [2026-02-27T01:02:20.067Z] E0227 01:02:20.066906    9595 watch.go:40] Failed to load config from "/home/user/studio/dataconnect": could not find dataconnect.yaml in `/home/user/studio/dataconnect`
 {"metadata":{"emulator":{"name":"dataconnect"},"message":"E0227 01:02:20.066906    9595 watch.go:40] Failed to load config from \"/home/user/studio/dataconnect\": could not find dataconnect.yaml in `/home/user/studio/dataconnect`\n"}}
[debug] [2026-02-27T01:02:30.065Z] E0227 01:02:30.065012    9595 watch.go:40] Failed to load config from "/home/user/studio/dataconnect": could not find dataconnect.yaml in `/home/user/studio/dataconnect`
 {"metadata":{"emulator":{"name":"dataconnect"},"message":"E0227 01:02:30.065012    9595 watch.go:40] Failed to load config from \"/home/user/studio/dataconnect\": could not find dataconnect.yaml in `/home/user/studio/dataconnect`\n"}}
[debug] [2026-02-27T01:02:40.056Z] E0227 01:02:40.056318    9595 watch.go:40] Failed to load config from "/home/user/studio/dataconnect": could not find dataconnect.yaml in `/home/user/studio/dataconnect`
 {"metadata":{"emulator":{"name":"dataconnect"},"message":"E0227 01:02:40.056318    9595 watch.go:40] Failed to load config from \"/home/user/studio/dataconnect\": could not find dataconnect.yaml in `/home/user/studio/dataconnect`\n"}}
[debug] [2026-02-27T01:02:50.064Z] E0227 01:02:50.064030    9595 watch.go:40] Failed to load config from "/home/user/studio/dataconnect": could not find dataconnect.yaml in `/home/user/studio/dataconnect`
 {"metadata":{"emulator":{"name":"dataconnect"},"message":"E0227 01:02:50.064030    9595 watch.go:40] Failed to load config from \"/home/user/studio/dataconnect\": could not find dataconnect.yaml in `/home/user/studio/dataconnect`\n"}}
[debug] [2026-02-27T01:03:00.071Z] E0227 01:03:00.071400    9595 watch.go:40] Failed to load config from "/home/user/studio/dataconnect": could not find dataconnect.yaml in `/home/user/studio/dataconnect`
 {"metadata":{"emulator":{"name":"dataconnect"},"message":"E0227 01:03:00.071400    9595 watch.go:40] Failed to load config from \"/home/user/studio/dataconnect\": could not find dataconnect.yaml in `/home/user/studio/dataconnect`\n"}}
[debug] [2026-02-27T01:03:10.058Z] E0227 01:03:10.056193    9595 watch.go:40] Failed to load config from "/home/user/studio/dataconnect": could not find dataconnect.yaml in `/home/user/studio/dataconnect`
E0227 01:03:10.056304    9595 watch.go:116] watchAllDir unable to walk dir `/home/user/studio/dataconnect`: lstat /home/user/studio/dataconnect: no such file or directory
 {"metadata":{"emulator":{"name":"dataconnect"},"message":"E0227 01:03:10.056193    9595 watch.go:40] Failed to load config from \"/home/user/studio/dataconnect\": could not find dataconnect.yaml in `/home/user/studio/dataconnect`\nE0227 01:03:10.056304    9595 watch.go:116] watchAllDir unable to walk dir `/home/user/studio/dataconnect`: lstat /home/user/studio/dataconnect: no such file or directory\n"}}
[debug] [2026-02-27T01:03:20.055Z] E0227 01:03:20.055526    9595 watch.go:40] Failed to load config from "/home/user/studio/dataconnect": could not find dataconnect.yaml in `/home/user/studio/dataconnect`
 {"metadata":{"emulator":{"name":"dataconnect"},"message":"E0227 01:03:20.055526    9595 watch.go:40] Failed to load config from \"/home/user/studio/dataconnect\": could not find dataconnect.yaml in `/home/user/studio/dataconnect`\n"}}
[debug] [2026-02-27T01:03:30.055Z] E0227 01:03:30.055618    9595 watch.go:40] Failed to load config from "/home/user/studio/dataconnect": could not find dataconnect.yaml in `/home/user/studio/dataconnect`
 {"metadata":{"emulator":{"name":"dataconnect"},"message":"E0227 01:03:30.055618    9595 watch.go:40] Failed to load config from \"/home/user/studio/dataconnect\": could not find dataconnect.yaml in `/home/user/studio/dataconnect`\n"}}
[debug] [2026-02-27T01:03:40.056Z] E0227 01:03:40.056206    9595 watch.go:40] Failed to load config from "/home/user/studio/dataconnect": could not find dataconnect.yaml in `/home/user/studio/dataconnect`
 {"metadata":{"emulator":{"name":"dataconnect"},"message":"E0227 01:03:40.056206    9595 watch.go:40] Failed to load config from \"/home/user/studio/dataconnect\": could not find dataconnect.yaml in `/home/user/studio/dataconnect`\n"}}
[debug] [2026-02-27T01:03:50.064Z] E0227 01:03:50.063969    9595 watch.go:40] Failed to load config from "/home/user/studio/dataconnect": could not find dataconnect.yaml in `/home/user/studio/dataconnect`
 {"metadata":{"emulator":{"name":"dataconnect"},"message":"E0227 01:03:50.063969    9595 watch.go:40] Failed to load config from \"/home/user/studio/dataconnect\": could not find dataconnect.yaml in `/home/user/studio/dataconnect`\n"}}
[debug] [2026-02-27T01:04:00.066Z] E0227 01:04:00.065478    9595 watch.go:40] Failed to load config from "/home/user/studio/dataconnect": could not find dataconnect.yaml in `/home/user/studio/dataconnect`
 {"metadata":{"emulator":{"name":"dataconnect"},"message":"E0227 01:04:00.065478    9595 watch.go:40] Failed to load config from \"/home/user/studio/dataconnect\": could not find dataconnect.yaml in `/home/user/studio/dataconnect`\n"}}
[debug] [2026-02-27T01:04:10.056Z] E0227 01:04:10.056193    9595 watch.go:116] watchAllDir unable to walk dir `/home/user/studio/dataconnect`: lstat /home/user/studio/dataconnect: no such file or directory
 {"metadata":{"emulator":{"name":"dataconnect"},"message":"E0227 01:04:10.056193    9595 watch.go:116] watchAllDir unable to walk dir `/home/user/studio/dataconnect`: lstat /home/user/studio/dataconnect: no such file or directory\n"}}
[debug] [2026-02-27T01:04:10.060Z] E0227 01:04:10.056421    9595 watch.go:40] Failed to load config from "/home/user/studio/dataconnect": could not find dataconnect.yaml in `/home/user/studio/dataconnect`
 {"metadata":{"emulator":{"name":"dataconnect"},"message":"E0227 01:04:10.056421    9595 watch.go:40] Failed to load config from \"/home/user/studio/dataconnect\": could not find dataconnect.yaml in `/home/user/studio/dataconnect`\n"}}
[debug] [2026-02-27T01:04:20.064Z] E0227 01:04:20.064061    9595 watch.go:40] Failed to load config from "/home/user/studio/dataconnect": could not find dataconnect.yaml in `/home/user/studio/dataconnect`
 {"metadata":{"emulator":{"name":"dataconnect"},"message":"E0227 01:04:20.064061    9595 watch.go:40] Failed to load config from \"/home/user/studio/dataconnect\": could not find dataconnect.yaml in `/home/user/studio/dataconnect`\n"}}
[debug] [2026-02-27T01:04:30.065Z] E0227 01:04:30.064956    9595 watch.go:40] Failed to load config from "/home/user/studio/dataconnect": could not find dataconnect.yaml in `/home/user/studio/dataconnect`
 {"metadata":{"emulator":{"name":"dataconnect"},"message":"E0227 01:04:30.064956    9595 watch.go:40] Failed to load config from \"/home/user/studio/dataconnect\": could not find dataconnect.yaml in `/home/user/studio/dataconnect`\n"}}
[debug] [2026-02-27T01:04:40.057Z] E0227 01:04:40.056100    9595 watch.go:40] Failed to load config from "/home/user/studio/dataconnect": could not find dataconnect.yaml in `/home/user/studio/dataconnect`
 {"metadata":{"emulator":{"name":"dataconnect"},"message":"E0227 01:04:40.056100    9595 watch.go:40] Failed to load config from \"/home/user/studio/dataconnect\": could not find dataconnect.yaml in `/home/user/studio/dataconnect`\n"}}
[debug] [2026-02-27T01:04:50.065Z] E0227 01:04:50.064982    9595 watch.go:40] Failed to load config from "/home/user/studio/dataconnect": could not find dataconnect.yaml in `/home/user/studio/dataconnect`
 {"metadata":{"emulator":{"name":"dataconnect"},"message":"E0227 01:04:50.064982    9595 watch.go:40] Failed to load config from \"/home/user/studio/dataconnect\": could not find dataconnect.yaml in `/home/user/studio/dataconnect`\n"}}
[debug] [2026-02-27T01:05:00.064Z] E0227 01:05:00.064052    9595 watch.go:40] Failed to load config from "/home/user/studio/dataconnect": could not find dataconnect.yaml in `/home/user/studio/dataconnect`
 {"metadata":{"emulator":{"name":"dataconnect"},"message":"E0227 01:05:00.064052    9595 watch.go:40] Failed to load config from \"/home/user/studio/dataconnect\": could not find dataconnect.yaml in `/home/user/studio/dataconnect`\n"}}
[debug] [2026-02-27T01:05:10.056Z] E0227 01:05:10.056207    9595 watch.go:116] watchAllDir unable to walk dir `/home/user/studio/dataconnect`: lstat /home/user/studio/dataconnect: no such file or directory
E0227 01:05:10.056348    9595 watch.go:40] Failed to load config from "/home/user/studio/dataconnect": could not find dataconnect.yaml in `/home/user/studio/dataconnect`
 {"metadata":{"emulator":{"name":"dataconnect"},"message":"E0227 01:05:10.056207    9595 watch.go:116] watchAllDir unable to walk dir `/home/user/studio/dataconnect`: lstat /home/user/studio/dataconnect: no such file or directory\nE0227 01:05:10.056348    9595 watch.go:40] Failed to load config from \"/home/user/studio/dataconnect\": could not find dataconnect.yaml in `/home/user/studio/dataconnect`\n"}}
[debug] [2026-02-27T01:05:20.065Z] E0227 01:05:20.064978    9595 watch.go:40] Failed to load config from "/home/user/studio/dataconnect": could not find dataconnect.yaml in `/home/user/studio/dataconnect`
 {"metadata":{"emulator":{"name":"dataconnect"},"message":"E0227 01:05:20.064978    9595 watch.go:40] Failed to load config from \"/home/user/studio/dataconnect\": could not find dataconnect.yaml in `/home/user/studio/dataconnect`\n"}}
[debug] [2026-02-27T01:05:30.057Z] E0227 01:05:30.057646    9595 watch.go:40] Failed to load config from "/home/user/studio/dataconnect": could not find dataconnect.yaml in `/home/user/studio/dataconnect`
 {"metadata":{"emulator":{"name":"dataconnect"},"message":"E0227 01:05:30.057646    9595 watch.go:40] Failed to load config from \"/home/user/studio/dataconnect\": could not find dataconnect.yaml in `/home/user/studio/dataconnect`\n"}}
[debug] [2026-02-27T01:05:40.056Z] E0227 01:05:40.056199    9595 watch.go:40] Failed to load config from "/home/user/studio/dataconnect": could not find dataconnect.yaml in `/home/user/studio/dataconnect`
 {"metadata":{"emulator":{"name":"dataconnect"},"message":"E0227 01:05:40.056199    9595 watch.go:40] Failed to load config from \"/home/user/studio/dataconnect\": could not find dataconnect.yaml in `/home/user/studio/dataconnect`\n"}}
[debug] [2026-02-27T01:05:50.065Z] E0227 01:05:50.064998    9595 watch.go:40] Failed to load config from "/home/user/studio/dataconnect": could not find dataconnect.yaml in `/home/user/studio/dataconnect`
 {"metadata":{"emulator":{"name":"dataconnect"},"message":"E0227 01:05:50.064998    9595 watch.go:40] Failed to load config from \"/home/user/studio/dataconnect\": could not find dataconnect.yaml in `/home/user/studio/dataconnect`\n"}}
[debug] [2026-02-27T01:06:00.066Z] E0227 01:06:00.064976    9595 watch.go:40] Failed to load config from "/home/user/studio/dataconnect": could not find dataconnect.yaml in `/home/user/studio/dataconnect`
 {"metadata":{"emulator":{"name":"dataconnect"},"message":"E0227 01:06:00.064976    9595 watch.go:40] Failed to load config from \"/home/user/studio/dataconnect\": could not find dataconnect.yaml in `/home/user/studio/dataconnect`\n"}}
[debug] [2026-02-27T01:06:10.055Z] E0227 01:06:10.055471    9595 watch.go:116] watchAllDir unable to walk dir `/home/user/studio/dataconnect`: lstat /home/user/studio/dataconnect: no such file or directory
E0227 01:06:10.055655    9595 watch.go:40] Failed to load config from "/home/user/studio/dataconnect": could not find dataconnect.yaml in `/home/user/studio/dataconnect`
 {"metadata":{"emulator":{"name":"dataconnect"},"message":"E0227 01:06:10.055471    9595 watch.go:116] watchAllDir unable to walk dir `/home/user/studio/dataconnect`: lstat /home/user/studio/dataconnect: no such file or directory\nE0227 01:06:10.055655    9595 watch.go:40] Failed to load config from \"/home/user/studio/dataconnect\": could not find dataconnect.yaml in `/home/user/studio/dataconnect`\n"}}
[debug] [2026-02-27T01:06:20.064Z] E0227 01:06:20.064129    9595 watch.go:40] Failed to load config from "/home/user/studio/dataconnect": could not find dataconnect.yaml in `/home/user/studio/dataconnect`
 {"metadata":{"emulator":{"name":"dataconnect"},"message":"E0227 01:06:20.064129    9595 watch.go:40] Failed to load config from \"/home/user/studio/dataconnect\": could not find dataconnect.yaml in `/home/user/studio/dataconnect`\n"}}
[debug] [2026-02-27T01:06:30.067Z] E0227 01:06:30.065021    9595 watch.go:40] Failed to load config from "/home/user/studio/dataconnect": could not find dataconnect.yaml in `/home/user/studio/dataconnect`
 {"metadata":{"emulator":{"name":"dataconnect"},"message":"E0227 01:06:30.065021    9595 watch.go:40] Failed to load config from \"/home/user/studio/dataconnect\": could not find dataconnect.yaml in `/home/user/studio/dataconnect`\n"}}
[debug] [2026-02-27T01:06:40.057Z] E0227 01:06:40.056265    9595 watch.go:40] Failed to load config from "/home/user/studio/dataconnect": could not find dataconnect.yaml in `/home/user/studio/dataconnect`
 {"metadata":{"emulator":{"name":"dataconnect"},"message":"E0227 01:06:40.056265    9595 watch.go:40] Failed to load config from \"/home/user/studio/dataconnect\": could not find dataconnect.yaml in `/home/user/studio/dataconnect`\n"}}
[debug] [2026-02-27T01:06:50.065Z] E0227 01:06:50.064972    9595 watch.go:40] Failed to load config from "/home/user/studio/dataconnect": could not find dataconnect.yaml in `/home/user/studio/dataconnect`
 {"metadata":{"emulator":{"name":"dataconnect"},"message":"E0227 01:06:50.064972    9595 watch.go:40] Failed to load config from \"/home/user/studio/dataconnect\": could not find dataconnect.yaml in `/home/user/studio/dataconnect`\n"}}
[debug] [2026-02-27T01:07:00.065Z] E0227 01:07:00.064950    9595 watch.go:40] Failed to load config from "/home/user/studio/dataconnect": could not find dataconnect.yaml in `/home/user/studio/dataconnect`
 {"metadata":{"emulator":{"name":"dataconnect"},"message":"E0227 01:07:00.064950    9595 watch.go:40] Failed to load config from \"/home/user/studio/dataconnect\": could not find dataconnect.yaml in `/home/user/studio/dataconnect`\n"}}
[debug] [2026-02-27T01:07:10.056Z] E0227 01:07:10.056229    9595 watch.go:40] Failed to load config from "/home/user/studio/dataconnect": could not find dataconnect.yaml in `/home/user/studio/dataconnect`
 {"metadata":{"emulator":{"name":"dataconnect"},"message":"E0227 01:07:10.056229    9595 watch.go:40] Failed to load config from \"/home/user/studio/dataconnect\": could not find dataconnect.yaml in `/home/user/studio/dataconnect`\n"}}
[debug] [2026-02-27T01:07:10.062Z] E0227 01:07:10.057436    9595 watch.go:116] watchAllDir unable to walk dir `/home/user/studio/dataconnect`: lstat /home/user/studio/dataconnect: no such file or directory
 {"metadata":{"emulator":{"name":"dataconnect"},"message":"E0227 01:07:10.057436    9595 watch.go:116] watchAllDir unable to walk dir `/home/user/studio/dataconnect`: lstat /home/user/studio/dataconnect: no such file or directory\n"}}
[debug] [2026-02-27T01:07:20.065Z] E0227 01:07:20.065049    9595 watch.go:40] Failed to load config from "/home/user/studio/dataconnect": could not find dataconnect.yaml in `/home/user/studio/dataconnect`
 {"metadata":{"emulator":{"name":"dataconnect"},"message":"E0227 01:07:20.065049    9595 watch.go:40] Failed to load config from \"/home/user/studio/dataconnect\": could not find dataconnect.yaml in `/home/user/studio/dataconnect`\n"}}
[debug] [2026-02-27T01:07:30.065Z] E0227 01:07:30.064969    9595 watch.go:40] Failed to load config from "/home/user/studio/dataconnect": could not find dataconnect.yaml in `/home/user/studio/dataconnect`
 {"metadata":{"emulator":{"name":"dataconnect"},"message":"E0227 01:07:30.064969    9595 watch.go:40] Failed to load config from \"/home/user/studio/dataconnect\": could not find dataconnect.yaml in `/home/user/studio/dataconnect`\n"}}
[debug] [2026-02-27T01:07:40.057Z] E0227 01:07:40.056142    9595 watch.go:40] Failed to load config from "/home/user/studio/dataconnect": could not find dataconnect.yaml in `/home/user/studio/dataconnect`
 {"metadata":{"emulator":{"name":"dataconnect"},"message":"E0227 01:07:40.056142    9595 watch.go:40] Failed to load config from \"/home/user/studio/dataconnect\": could not find dataconnect.yaml in `/home/user/studio/dataconnect`\n"}}
[debug] [2026-02-27T01:07:50.065Z] E0227 01:07:50.065020    9595 watch.go:40] Failed to load config from "/home/user/studio/dataconnect": could not find dataconnect.yaml in `/home/user/studio/dataconnect`
 {"metadata":{"emulator":{"name":"dataconnect"},"message":"E0227 01:07:50.065020    9595 watch.go:40] Failed to load config from \"/home/user/studio/dataconnect\": could not find dataconnect.yaml in `/home/user/studio/dataconnect`\n"}}
[debug] [2026-02-27T01:08:00.065Z] E0227 01:08:00.064975    9595 watch.go:40] Failed to load config from "/home/user/studio/dataconnect": could not find dataconnect.yaml in `/home/user/studio/dataconnect`
 {"metadata":{"emulator":{"name":"dataconnect"},"message":"E0227 01:08:00.064975    9595 watch.go:40] Failed to load config from \"/home/user/studio/dataconnect\": could not find dataconnect.yaml in `/home/user/studio/dataconnect`\n"}}
[debug] [2026-02-27T01:08:10.058Z] E0227 01:08:10.056192    9595 watch.go:40] Failed to load config from "/home/user/studio/dataconnect": could not find dataconnect.yaml in `/home/user/studio/dataconnect`
E0227 01:08:10.056282    9595 watch.go:116] watchAllDir unable to walk dir `/home/user/studio/dataconnect`: lstat /home/user/studio/dataconnect: no such file or directory
 {"metadata":{"emulator":{"name":"dataconnect"},"message":"E0227 01:08:10.056192    9595 watch.go:40] Failed to load config from \"/home/user/studio/dataconnect\": could not find dataconnect.yaml in `/home/user/studio/dataconnect`\nE0227 01:08:10.056282    9595 watch.go:116] watchAllDir unable to walk dir `/home/user/studio/dataconnect`: lstat /home/user/studio/dataconnect: no such file or directory\n"}}
[debug] [2026-02-27T01:08:20.065Z] E0227 01:08:20.064969    9595 watch.go:40] Failed to load config from "/home/user/studio/dataconnect": could not find dataconnect.yaml in `/home/user/studio/dataconnect`
 {"metadata":{"emulator":{"name":"dataconnect"},"message":"E0227 01:08:20.064969    9595 watch.go:40] Failed to load config from \"/home/user/studio/dataconnect\": could not find dataconnect.yaml in `/home/user/studio/dataconnect`\n"}}
[debug] [2026-02-27T01:08:30.066Z] E0227 01:08:30.065676    9595 watch.go:40] Failed to load config from "/home/user/studio/dataconnect": could not find dataconnect.yaml in `/home/user/studio/dataconnect`
 {"metadata":{"emulator":{"name":"dataconnect"},"message":"E0227 01:08:30.065676    9595 watch.go:40] Failed to load config from \"/home/user/studio/dataconnect\": could not find dataconnect.yaml in `/home/user/studio/dataconnect`\n"}}
[debug] [2026-02-27T01:08:40.056Z] E0227 01:08:40.055903    9595 watch.go:40] Failed to load config from "/home/user/studio/dataconnect": could not find dataconnect.yaml in `/home/user/studio/dataconnect`
 {"metadata":{"emulator":{"name":"dataconnect"},"message":"E0227 01:08:40.055903    9595 watch.go:40] Failed to load config from \"/home/user/studio/dataconnect\": could not find dataconnect.yaml in `/home/user/studio/dataconnect`\n"}}
[debug] [2026-02-27T01:08:50.067Z] E0227 01:08:50.064984    9595 watch.go:40] Failed to load config from "/home/user/studio/dataconnect": could not find dataconnect.yaml in `/home/user/studio/dataconnect`
 {"metadata":{"emulator":{"name":"dataconnect"},"message":"E0227 01:08:50.064984    9595 watch.go:40] Failed to load config from \"/home/user/studio/dataconnect\": could not find dataconnect.yaml in `/home/user/studio/dataconnect`\n"}}
[debug] [2026-02-27T01:09:00.066Z] E0227 01:09:00.065622    9595 watch.go:40] Failed to load config from "/home/user/studio/dataconnect": could not find dataconnect.yaml in `/home/user/studio/dataconnect`
 {"metadata":{"emulator":{"name":"dataconnect"},"message":"E0227 01:09:00.065622    9595 watch.go:40] Failed to load config from \"/home/user/studio/dataconnect\": could not find dataconnect.yaml in `/home/user/studio/dataconnect`\n"}}
[debug] [2026-02-27T01:09:10.058Z] E0227 01:09:10.056249    9595 watch.go:116] watchAllDir unable to walk dir `/home/user/studio/dataconnect`: lstat /home/user/studio/dataconnect: no such file or directory
E0227 01:09:10.056841    9595 watch.go:40] Failed to load config from "/home/user/studio/dataconnect": could not find dataconnect.yaml in `/home/user/studio/dataconnect`
 {"metadata":{"emulator":{"name":"dataconnect"},"message":"E0227 01:09:10.056249    9595 watch.go:116] watchAllDir unable to walk dir `/home/user/studio/dataconnect`: lstat /home/user/studio/dataconnect: no such file or directory\nE0227 01:09:10.056841    9595 watch.go:40] Failed to load config from \"/home/user/studio/dataconnect\": could not find dataconnect.yaml in `/home/user/studio/dataconnect`\n"}}
[debug] [2026-02-27T01:09:20.065Z] E0227 01:09:20.064992    9595 watch.go:40] Failed to load config from "/home/user/studio/dataconnect": could not find dataconnect.yaml in `/home/user/studio/dataconnect`
 {"metadata":{"emulator":{"name":"dataconnect"},"message":"E0227 01:09:20.064992    9595 watch.go:40] Failed to load config from \"/home/user/studio/dataconnect\": could not find dataconnect.yaml in `/home/user/studio/dataconnect`\n"}}
[debug] [2026-02-27T01:09:30.064Z] E0227 01:09:30.064038    9595 watch.go:40] Failed to load config from "/home/user/studio/dataconnect": could not find dataconnect.yaml in `/home/user/studio/dataconnect`
 {"metadata":{"emulator":{"name":"dataconnect"},"message":"E0227 01:09:30.064038    9595 watch.go:40] Failed to load config from \"/home/user/studio/dataconnect\": could not find dataconnect.yaml in `/home/user/studio/dataconnect`\n"}}
[debug] [2026-02-27T01:09:40.058Z] E0227 01:09:40.056293    9595 watch.go:40] Failed to load config from "/home/user/studio/dataconnect": could not find dataconnect.yaml in `/home/user/studio/dataconnect`
 {"metadata":{"emulator":{"name":"dataconnect"},"message":"E0227 01:09:40.056293    9595 watch.go:40] Failed to load config from \"/home/user/studio/dataconnect\": could not find dataconnect.yaml in `/home/user/studio/dataconnect`\n"}}
[debug] [2026-02-27T01:09:50.057Z] E0227 01:09:50.055587    9595 watch.go:40] Failed to load config from "/home/user/studio/dataconnect": could not find dataconnect.yaml in `/home/user/studio/dataconnect`
 {"metadata":{"emulator":{"name":"dataconnect"},"message":"E0227 01:09:50.055587    9595 watch.go:40] Failed to load config from \"/home/user/studio/dataconnect\": could not find dataconnect.yaml in `/home/user/studio/dataconnect`\n"}}
[debug] [2026-02-27T01:10:00.072Z] E0227 01:10:00.066272    9595 watch.go:40] Failed to load config from "/home/user/studio/dataconnect": could not find dataconnect.yaml in `/home/user/studio/dataconnect`
 {"metadata":{"emulator":{"name":"dataconnect"},"message":"E0227 01:10:00.066272    9595 watch.go:40] Failed to load config from \"/home/user/studio/dataconnect\": could not find dataconnect.yaml in `/home/user/studio/dataconnect`\n"}}
[debug] [2026-02-27T01:10:10.057Z] E0227 01:10:10.055674    9595 watch.go:116] watchAllDir unable to walk dir `/home/user/studio/dataconnect`: lstat /home/user/studio/dataconnect: no such file or directory
E0227 01:10:10.057080    9595 watch.go:40] Failed to load config from "/home/user/studio/dataconnect": could not find dataconnect.yaml in `/home/user/studio/dataconnect`
 {"metadata":{"emulator":{"name":"dataconnect"},"message":"E0227 01:10:10.055674    9595 watch.go:116] watchAllDir unable to walk dir `/home/user/studio/dataconnect`: lstat /home/user/studio/dataconnect: no such file or directory\nE0227 01:10:10.057080    9595 watch.go:40] Failed to load config from \"/home/user/studio/dataconnect\": could not find dataconnect.yaml in `/home/user/studio/dataconnect`\n"}}
[debug] [2026-02-27T01:10:20.065Z] E0227 01:10:20.065109    9595 watch.go:40] Failed to load config from "/home/user/studio/dataconnect": could not find dataconnect.yaml in `/home/user/studio/dataconnect`
 {"metadata":{"emulator":{"name":"dataconnect"},"message":"E0227 01:10:20.065109    9595 watch.go:40] Failed to load config from \"/home/user/studio/dataconnect\": could not find dataconnect.yaml in `/home/user/studio/dataconnect`\n"}}
[debug] [2026-02-27T01:10:30.065Z] E0227 01:10:30.065154    9595 watch.go:40] Failed to load config from "/home/user/studio/dataconnect": could not find dataconnect.yaml in `/home/user/studio/dataconnect`
 {"metadata":{"emulator":{"name":"dataconnect"},"message":"E0227 01:10:30.065154    9595 watch.go:40] Failed to load config from \"/home/user/studio/dataconnect\": could not find dataconnect.yaml in `/home/user/studio/dataconnect`\n"}}
[debug] [2026-02-27T01:10:40.056Z] E0227 01:10:40.056239    9595 watch.go:40] Failed to load config from "/home/user/studio/dataconnect": could not find dataconnect.yaml in `/home/user/studio/dataconnect`
 {"metadata":{"emulator":{"name":"dataconnect"},"message":"E0227 01:10:40.056239    9595 watch.go:40] Failed to load config from \"/home/user/studio/dataconnect\": could not find dataconnect.yaml in `/home/user/studio/dataconnect`\n"}}
[debug] [2026-02-27T01:10:50.065Z] E0227 01:10:50.065149    9595 watch.go:40] Failed to load config from "/home/user/studio/dataconnect": could not find dataconnect.yaml in `/home/user/studio/dataconnect`
 {"metadata":{"emulator":{"name":"dataconnect"},"message":"E0227 01:10:50.065149    9595 watch.go:40] Failed to load config from \"/home/user/studio/dataconnect\": could not find dataconnect.yaml in `/home/user/studio/dataconnect`\n"}}
[debug] [2026-02-27T01:11:00.065Z] E0227 01:11:00.064998    9595 watch.go:40] Failed to load config from "/home/user/studio/dataconnect": could not find dataconnect.yaml in `/home/user/studio/dataconnect`
 {"metadata":{"emulator":{"name":"dataconnect"},"message":"E0227 01:11:00.064998    9595 watch.go:40] Failed to load config from \"/home/user/studio/dataconnect\": could not find dataconnect.yaml in `/home/user/studio/dataconnect`\n"}}
[debug] [2026-02-27T01:11:10.056Z] E0227 01:11:10.056294    9595 watch.go:40] Failed to load config from "/home/user/studio/dataconnect": could not find dataconnect.yaml in `/home/user/studio/dataconnect`
 {"metadata":{"emulator":{"name":"dataconnect"},"message":"E0227 01:11:10.056294    9595 watch.go:40] Failed to load config from \"/home/user/studio/dataconnect\": could not find dataconnect.yaml in `/home/user/studio/dataconnect`\n"}}
[debug] [2026-02-27T01:11:10.065Z] E0227 01:11:10.056208    9595 watch.go:116] watchAllDir unable to walk dir `/home/user/studio/dataconnect`: lstat /home/user/studio/dataconnect: no such file or directory
 {"metadata":{"emulator":{"name":"dataconnect"},"message":"E0227 01:11:10.056208    9595 watch.go:116] watchAllDir unable to walk dir `/home/user/studio/dataconnect`: lstat /home/user/studio/dataconnect: no such file or directory\n"}}
[debug] [2026-02-27T01:11:20.067Z] E0227 01:11:20.065588    9595 watch.go:40] Failed to load config from "/home/user/studio/dataconnect": could not find dataconnect.yaml in `/home/user/studio/dataconnect`
 {"metadata":{"emulator":{"name":"dataconnect"},"message":"E0227 01:11:20.065588    9595 watch.go:40] Failed to load config from \"/home/user/studio/dataconnect\": could not find dataconnect.yaml in `/home/user/studio/dataconnect`\n"}}
[debug] [2026-02-27T01:11:30.064Z] E0227 01:11:30.063978    9595 watch.go:40] Failed to load config from "/home/user/studio/dataconnect": could not find dataconnect.yaml in `/home/user/studio/dataconnect`
 {"metadata":{"emulator":{"name":"dataconnect"},"message":"E0227 01:11:30.063978    9595 watch.go:40] Failed to load config from \"/home/user/studio/dataconnect\": could not find dataconnect.yaml in `/home/user/studio/dataconnect`\n"}}
[debug] [2026-02-27T01:11:40.058Z] E0227 01:11:40.056306    9595 watch.go:40] Failed to load config from "/home/user/studio/dataconnect": could not find dataconnect.yaml in `/home/user/studio/dataconnect`
 {"metadata":{"emulator":{"name":"dataconnect"},"message":"E0227 01:11:40.056306    9595 watch.go:40] Failed to load config from \"/home/user/studio/dataconnect\": could not find dataconnect.yaml in `/home/user/studio/dataconnect`\n"}}
[debug] [2026-02-27T01:11:50.059Z] E0227 01:11:50.059074    9595 watch.go:40] Failed to load config from "/home/user/studio/dataconnect": could not find dataconnect.yaml in `/home/user/studio/dataconnect`
 {"metadata":{"emulator":{"name":"dataconnect"},"message":"E0227 01:11:50.059074    9595 watch.go:40] Failed to load config from \"/home/user/studio/dataconnect\": could not find dataconnect.yaml in `/home/user/studio/dataconnect`\n"}}
[debug] [2026-02-27T01:12:00.056Z] E0227 01:12:00.055567    9595 watch.go:40] Failed to load config from "/home/user/studio/dataconnect": could not find dataconnect.yaml in `/home/user/studio/dataconnect`
 {"metadata":{"emulator":{"name":"dataconnect"},"message":"E0227 01:12:00.055567    9595 watch.go:40] Failed to load config from \"/home/user/studio/dataconnect\": could not find dataconnect.yaml in `/home/user/studio/dataconnect`\n"}}
[debug] [2026-02-27T01:12:10.056Z] E0227 01:12:10.055675    9595 watch.go:40] Failed to load config from "/home/user/studio/dataconnect": could not find dataconnect.yaml in `/home/user/studio/dataconnect`
E0227 01:12:10.055868    9595 watch.go:116] watchAllDir unable to walk dir `/home/user/studio/dataconnect`: lstat /home/user/studio/dataconnect: no such file or directory
 {"metadata":{"emulator":{"name":"dataconnect"},"message":"E0227 01:12:10.055675    9595 watch.go:40] Failed to load config from \"/home/user/studio/dataconnect\": could not find dataconnect.yaml in `/home/user/studio/dataconnect`\nE0227 01:12:10.055868    9595 watch.go:116] watchAllDir unable to walk dir `/home/user/studio/dataconnect`: lstat /home/user/studio/dataconnect: no such file or directory\n"}}
[debug] [2026-02-27T01:12:20.065Z] E0227 01:12:20.064016    9595 watch.go:40] Failed to load config from "/home/user/studio/dataconnect": could not find dataconnect.yaml in `/home/user/studio/dataconnect`
 {"metadata":{"emulator":{"name":"dataconnect"},"message":"E0227 01:12:20.064016    9595 watch.go:40] Failed to load config from \"/home/user/studio/dataconnect\": could not find dataconnect.yaml in `/home/user/studio/dataconnect`\n"}}
[debug] [2026-02-27T01:12:30.065Z] E0227 01:12:30.065084    9595 watch.go:40] Failed to load config from "/home/user/studio/dataconnect": could not find dataconnect.yaml in `/home/user/studio/dataconnect`
 {"metadata":{"emulator":{"name":"dataconnect"},"message":"E0227 01:12:30.065084    9595 watch.go:40] Failed to load config from \"/home/user/studio/dataconnect\": could not find dataconnect.yaml in `/home/user/studio/dataconnect`\n"}}
[debug] [2026-02-27T01:12:40.069Z] E0227 01:12:40.056244    9595 watch.go:40] Failed to load config from "/home/user/studio/dataconnect": could not find dataconnect.yaml in `/home/user/studio/dataconnect`
 {"metadata":{"emulator":{"name":"dataconnect"},"message":"E0227 01:12:40.056244    9595 watch.go:40] Failed to load config from \"/home/user/studio/dataconnect\": could not find dataconnect.yaml in `/home/user/studio/dataconnect`\n"}}
[debug] [2026-02-27T01:12:50.065Z] E0227 01:12:50.064934    9595 watch.go:40] Failed to load config from "/home/user/studio/dataconnect": could not find dataconnect.yaml in `/home/user/studio/dataconnect`
 {"metadata":{"emulator":{"name":"dataconnect"},"message":"E0227 01:12:50.064934    9595 watch.go:40] Failed to load config from \"/home/user/studio/dataconnect\": could not find dataconnect.yaml in `/home/user/studio/dataconnect`\n"}}
[debug] [2026-02-27T01:13:00.084Z] E0227 01:13:00.063975    9595 watch.go:40] Failed to load config from "/home/user/studio/dataconnect": could not find dataconnect.yaml in `/home/user/studio/dataconnect`
 {"metadata":{"emulator":{"name":"dataconnect"},"message":"E0227 01:13:00.063975    9595 watch.go:40] Failed to load config from \"/home/user/studio/dataconnect\": could not find dataconnect.yaml in `/home/user/studio/dataconnect`\n"}}
[debug] [2026-02-27T01:13:10.057Z] E0227 01:13:10.056217    9595 watch.go:116] watchAllDir unable to walk dir `/home/user/studio/dataconnect`: lstat /home/user/studio/dataconnect: no such file or directory
E0227 01:13:10.056302    9595 watch.go:40] Failed to load config from "/home/user/studio/dataconnect": could not find dataconnect.yaml in `/home/user/studio/dataconnect`
 {"metadata":{"emulator":{"name":"dataconnect"},"message":"E0227 01:13:10.056217    9595 watch.go:116] watchAllDir unable to walk dir `/home/user/studio/dataconnect`: lstat /home/user/studio/dataconnect: no such file or directory\nE0227 01:13:10.056302    9595 watch.go:40] Failed to load config from \"/home/user/studio/dataconnect\": could not find dataconnect.yaml in `/home/user/studio/dataconnect`\n"}}
[debug] [2026-02-27T01:13:20.065Z] E0227 01:13:20.065218    9595 watch.go:40] Failed to load config from "/home/user/studio/dataconnect": could not find dataconnect.yaml in `/home/user/studio/dataconnect`
 {"metadata":{"emulator":{"name":"dataconnect"},"message":"E0227 01:13:20.065218    9595 watch.go:40] Failed to load config from \"/home/user/studio/dataconnect\": could not find dataconnect.yaml in `/home/user/studio/dataconnect`\n"}}
[debug] [2026-02-27T01:13:30.067Z] E0227 01:13:30.064991    9595 watch.go:40] Failed to load config from "/home/user/studio/dataconnect": could not find dataconnect.yaml in `/home/user/studio/dataconnect`
 {"metadata":{"emulator":{"name":"dataconnect"},"message":"E0227 01:13:30.064991    9595 watch.go:40] Failed to load config from \"/home/user/studio/dataconnect\": could not find dataconnect.yaml in `/home/user/studio/dataconnect`\n"}}
[debug] [2026-02-27T01:13:40.057Z] E0227 01:13:40.056906    9595 watch.go:40] Failed to load config from "/home/user/studio/dataconnect": could not find dataconnect.yaml in `/home/user/studio/dataconnect`
 {"metadata":{"emulator":{"name":"dataconnect"},"message":"E0227 01:13:40.056906    9595 watch.go:40] Failed to load config from \"/home/user/studio/dataconnect\": could not find dataconnect.yaml in `/home/user/studio/dataconnect`\n"}}
[debug] [2026-02-27T01:13:50.072Z] E0227 01:13:50.065013    9595 watch.go:40] Failed to load config from "/home/user/studio/dataconnect": could not find dataconnect.yaml in `/home/user/studio/dataconnect`
 {"metadata":{"emulator":{"name":"dataconnect"},"message":"E0227 01:13:50.065013    9595 watch.go:40] Failed to load config from \"/home/user/studio/dataconnect\": could not find dataconnect.yaml in `/home/user/studio/dataconnect`\n"}}
[debug] [2026-02-27T01:14:00.056Z] E0227 01:14:00.056056    9595 watch.go:40] Failed to load config from "/home/user/studio/dataconnect": could not find dataconnect.yaml in `/home/user/studio/dataconnect`
 {"metadata":{"emulator":{"name":"dataconnect"},"message":"E0227 01:14:00.056056    9595 watch.go:40] Failed to load config from \"/home/user/studio/dataconnect\": could not find dataconnect.yaml in `/home/user/studio/dataconnect`\n"}}
[debug] [2026-02-27T01:14:10.058Z] E0227 01:14:10.056269    9595 watch.go:116] watchAllDir unable to walk dir `/home/user/studio/dataconnect`: lstat /home/user/studio/dataconnect: no such file or directory
E0227 01:14:10.056464    9595 watch.go:40] Failed to load config from "/home/user/studio/dataconnect": could not find dataconnect.yaml in `/home/user/studio/dataconnect`
 {"metadata":{"emulator":{"name":"dataconnect"},"message":"E0227 01:14:10.056269    9595 watch.go:116] watchAllDir unable to walk dir `/home/user/studio/dataconnect`: lstat /home/user/studio/dataconnect: no such file or directory\nE0227 01:14:10.056464    9595 watch.go:40] Failed to load config from \"/home/user/studio/dataconnect\": could not find dataconnect.yaml in `/home/user/studio/dataconnect`\n"}}
[debug] [2026-02-27T01:14:20.064Z] E0227 01:14:20.063966    9595 watch.go:40] Failed to load config from "/home/user/studio/dataconnect": could not find dataconnect.yaml in `/home/user/studio/dataconnect`
 {"metadata":{"emulator":{"name":"dataconnect"},"message":"E0227 01:14:20.063966    9595 watch.go:40] Failed to load config from \"/home/user/studio/dataconnect\": could not find dataconnect.yaml in `/home/user/studio/dataconnect`\n"}}
[debug] [2026-02-27T01:14:30.065Z] E0227 01:14:30.064963    9595 watch.go:40] Failed to load config from "/home/user/studio/dataconnect": could not find dataconnect.yaml in `/home/user/studio/dataconnect`
 {"metadata":{"emulator":{"name":"dataconnect"},"message":"E0227 01:14:30.064963    9595 watch.go:40] Failed to load config from \"/home/user/studio/dataconnect\": could not find dataconnect.yaml in `/home/user/studio/dataconnect`\n"}}
[debug] [2026-02-27T01:14:40.056Z] E0227 01:14:40.056279    9595 watch.go:40] Failed to load config from "/home/user/studio/dataconnect": could not find dataconnect.yaml in `/home/user/studio/dataconnect`
 {"metadata":{"emulator":{"name":"dataconnect"},"message":"E0227 01:14:40.056279    9595 watch.go:40] Failed to load config from \"/home/user/studio/dataconnect\": could not find dataconnect.yaml in `/home/user/studio/dataconnect`\n"}}
[debug] [2026-02-27T01:14:50.066Z] E0227 01:14:50.065984    9595 watch.go:40] Failed to load config from "/home/user/studio/dataconnect": could not find dataconnect.yaml in `/home/user/studio/dataconnect`
 {"metadata":{"emulator":{"name":"dataconnect"},"message":"E0227 01:14:50.065984    9595 watch.go:40] Failed to load config from \"/home/user/studio/dataconnect\": could not find dataconnect.yaml in `/home/user/studio/dataconnect`\n"}}
[debug] [2026-02-27T01:15:00.065Z] E0227 01:15:00.064979    9595 watch.go:40] Failed to load config from "/home/user/studio/dataconnect": could not find dataconnect.yaml in `/home/user/studio/dataconnect`
 {"metadata":{"emulator":{"name":"dataconnect"},"message":"E0227 01:15:00.064979    9595 watch.go:40] Failed to load config from \"/home/user/studio/dataconnect\": could not find dataconnect.yaml in `/home/user/studio/dataconnect`\n"}}
[debug] [2026-02-27T01:15:10.057Z] E0227 01:15:10.056888    9595 watch.go:116] watchAllDir unable to walk dir `/home/user/studio/dataconnect`: lstat /home/user/studio/dataconnect: no such file or directory
E0227 01:15:10.057003    9595 watch.go:40] Failed to load config from "/home/user/studio/dataconnect": could not find dataconnect.yaml in `/home/user/studio/dataconnect`
 {"metadata":{"emulator":{"name":"dataconnect"},"message":"E0227 01:15:10.056888    9595 watch.go:116] watchAllDir unable to walk dir `/home/user/studio/dataconnect`: lstat /home/user/studio/dataconnect: no such file or directory\nE0227 01:15:10.057003    9595 watch.go:40] Failed to load config from \"/home/user/studio/dataconnect\": could not find dataconnect.yaml in `/home/user/studio/dataconnect`\n"}}
[debug] [2026-02-27T01:15:20.067Z] E0227 01:15:20.064979    9595 watch.go:40] Failed to load config from "/home/user/studio/dataconnect": could not find dataconnect.yaml in `/home/user/studio/dataconnect`
 {"metadata":{"emulator":{"name":"dataconnect"},"message":"E0227 01:15:20.064979    9595 watch.go:40] Failed to load config from \"/home/user/studio/dataconnect\": could not find dataconnect.yaml in `/home/user/studio/dataconnect`\n"}}
[debug] [2026-02-27T01:15:30.065Z] E0227 01:15:30.064990    9595 watch.go:40] Failed to load config from "/home/user/studio/dataconnect": could not find dataconnect.yaml in `/home/user/studio/dataconnect`
 {"metadata":{"emulator":{"name":"dataconnect"},"message":"E0227 01:15:30.064990    9595 watch.go:40] Failed to load config from \"/home/user/studio/dataconnect\": could not find dataconnect.yaml in `/home/user/studio/dataconnect`\n"}}
[debug] [2026-02-27T01:15:40.056Z] E0227 01:15:40.056195    9595 watch.go:40] Failed to load config from "/home/user/studio/dataconnect": could not find dataconnect.yaml in `/home/user/studio/dataconnect`
 {"metadata":{"emulator":{"name":"dataconnect"},"message":"E0227 01:15:40.056195    9595 watch.go:40] Failed to load config from \"/home/user/studio/dataconnect\": could not find dataconnect.yaml in `/home/user/studio/dataconnect`\n"}}
[debug] [2026-02-27T01:15:50.065Z] E0227 01:15:50.064956    9595 watch.go:40] Failed to load config from "/home/user/studio/dataconnect": could not find dataconnect.yaml in `/home/user/studio/dataconnect`
 {"metadata":{"emulator":{"name":"dataconnect"},"message":"E0227 01:15:50.064956    9595 watch.go:40] Failed to load config from \"/home/user/studio/dataconnect\": could not find dataconnect.yaml in `/home/user/studio/dataconnect`\n"}}
[debug] [2026-02-27T01:16:00.065Z] E0227 01:16:00.065016    9595 watch.go:40] Failed to load config from "/home/user/studio/dataconnect": could not find dataconnect.yaml in `/home/user/studio/dataconnect`
 {"metadata":{"emulator":{"name":"dataconnect"},"message":"E0227 01:16:00.065016    9595 watch.go:40] Failed to load config from \"/home/user/studio/dataconnect\": could not find dataconnect.yaml in `/home/user/studio/dataconnect`\n"}}
[debug] [2026-02-27T01:16:10.056Z] E0227 01:16:10.055496    9595 watch.go:116] watchAllDir unable to walk dir `/home/user/studio/dataconnect`: lstat /home/user/studio/dataconnect: no such file or directory
E0227 01:16:10.055739    9595 watch.go:40] Failed to load config from "/home/user/studio/dataconnect": could not find dataconnect.yaml in `/home/user/studio/dataconnect`
 {"metadata":{"emulator":{"name":"dataconnect"},"message":"E0227 01:16:10.055496    9595 watch.go:116] watchAllDir unable to walk dir `/home/user/studio/dataconnect`: lstat /home/user/studio/dataconnect: no such file or directory\nE0227 01:16:10.055739    9595 watch.go:40] Failed to load config from \"/home/user/studio/dataconnect\": could not find dataconnect.yaml in `/home/user/studio/dataconnect`\n"}}
[debug] [2026-02-27T01:16:20.065Z] E0227 01:16:20.065031    9595 watch.go:40] Failed to load config from "/home/user/studio/dataconnect": could not find dataconnect.yaml in `/home/user/studio/dataconnect`
 {"metadata":{"emulator":{"name":"dataconnect"},"message":"E0227 01:16:20.065031    9595 watch.go:40] Failed to load config from \"/home/user/studio/dataconnect\": could not find dataconnect.yaml in `/home/user/studio/dataconnect`\n"}}
[debug] [2026-02-27T01:16:30.065Z] E0227 01:16:30.065046    9595 watch.go:40] Failed to load config from "/home/user/studio/dataconnect": could not find dataconnect.yaml in `/home/user/studio/dataconnect`
 {"metadata":{"emulator":{"name":"dataconnect"},"message":"E0227 01:16:30.065046    9595 watch.go:40] Failed to load config from \"/home/user/studio/dataconnect\": could not find dataconnect.yaml in `/home/user/studio/dataconnect`\n"}}
[debug] [2026-02-27T01:16:40.056Z] E0227 01:16:40.056273    9595 watch.go:40] Failed to load config from "/home/user/studio/dataconnect": could not find dataconnect.yaml in `/home/user/studio/dataconnect`
 {"metadata":{"emulator":{"name":"dataconnect"},"message":"E0227 01:16:40.056273    9595 watch.go:40] Failed to load config from \"/home/user/studio/dataconnect\": could not find dataconnect.yaml in `/home/user/studio/dataconnect`\n"}}
[debug] [2026-02-27T01:16:50.065Z] E0227 01:16:50.064001    9595 watch.go:40] Failed to load config from "/home/user/studio/dataconnect": could not find dataconnect.yaml in `/home/user/studio/dataconnect`
 {"metadata":{"emulator":{"name":"dataconnect"},"message":"E0227 01:16:50.064001    9595 watch.go:40] Failed to load config from \"/home/user/studio/dataconnect\": could not find dataconnect.yaml in `/home/user/studio/dataconnect`\n"}}
[debug] [2026-02-27T01:17:00.065Z] E0227 01:17:00.065049    9595 watch.go:40] Failed to load config from "/home/user/studio/dataconnect": could not find dataconnect.yaml in `/home/user/studio/dataconnect`
 {"metadata":{"emulator":{"name":"dataconnect"},"message":"E0227 01:17:00.065049    9595 watch.go:40] Failed to load config from \"/home/user/studio/dataconnect\": could not find dataconnect.yaml in `/home/user/studio/dataconnect`\n"}}
[debug] [2026-02-27T01:17:10.058Z] E0227 01:17:10.056207    9595 watch.go:116] watchAllDir unable to walk dir `/home/user/studio/dataconnect`: lstat /home/user/studio/dataconnect: no such file or directory
E0227 01:17:10.056400    9595 watch.go:40] Failed to load config from "/home/user/studio/dataconnect": could not find dataconnect.yaml in `/home/user/studio/dataconnect`
 {"metadata":{"emulator":{"name":"dataconnect"},"message":"E0227 01:17:10.056207    9595 watch.go:116] watchAllDir unable to walk dir `/home/user/studio/dataconnect`: lstat /home/user/studio/dataconnect: no such file or directory\nE0227 01:17:10.056400    9595 watch.go:40] Failed to load config from \"/home/user/studio/dataconnect\": could not find dataconnect.yaml in `/home/user/studio/dataconnect`\n"}}
[debug] [2026-02-27T01:17:20.064Z] E0227 01:17:20.064001    9595 watch.go:40] Failed to load config from "/home/user/studio/dataconnect": could not find dataconnect.yaml in `/home/user/studio/dataconnect`
 {"metadata":{"emulator":{"name":"dataconnect"},"message":"E0227 01:17:20.064001    9595 watch.go:40] Failed to load config from \"/home/user/studio/dataconnect\": could not find dataconnect.yaml in `/home/user/studio/dataconnect`\n"}}
[debug] [2026-02-27T01:17:30.065Z] E0227 01:17:30.063962    9595 watch.go:40] Failed to load config from "/home/user/studio/dataconnect": could not find dataconnect.yaml in `/home/user/studio/dataconnect`
 {"metadata":{"emulator":{"name":"dataconnect"},"message":"E0227 01:17:30.063962    9595 watch.go:40] Failed to load config from \"/home/user/studio/dataconnect\": could not find dataconnect.yaml in `/home/user/studio/dataconnect`\n"}}
[debug] [2026-02-27T01:17:40.056Z] E0227 01:17:40.056381    9595 watch.go:40] Failed to load config from "/home/user/studio/dataconnect": could not find dataconnect.yaml in `/home/user/studio/dataconnect`
 {"metadata":{"emulator":{"name":"dataconnect"},"message":"E0227 01:17:40.056381    9595 watch.go:40] Failed to load config from \"/home/user/studio/dataconnect\": could not find dataconnect.yaml in `/home/user/studio/dataconnect`\n"}}
[debug] [2026-02-27T01:17:50.064Z] E0227 01:17:50.064055    9595 watch.go:40] Failed to load config from "/home/user/studio/dataconnect": could not find dataconnect.yaml in `/home/user/studio/dataconnect`
 {"metadata":{"emulator":{"name":"dataconnect"},"message":"E0227 01:17:50.064055    9595 watch.go:40] Failed to load config from \"/home/user/studio/dataconnect\": could not find dataconnect.yaml in `/home/user/studio/dataconnect`\n"}}
[debug] [2026-02-27T01:18:00.065Z] E0227 01:18:00.064945    9595 watch.go:40] Failed to load config from "/home/user/studio/dataconnect": could not find dataconnect.yaml in `/home/user/studio/dataconnect`
 {"metadata":{"emulator":{"name":"dataconnect"},"message":"E0227 01:18:00.064945    9595 watch.go:40] Failed to load config from \"/home/user/studio/dataconnect\": could not find dataconnect.yaml in `/home/user/studio/dataconnect`\n"}}
[debug] [2026-02-27T01:18:10.056Z] E0227 01:18:10.056175    9595 watch.go:116] watchAllDir unable to walk dir `/home/user/studio/dataconnect`: lstat /home/user/studio/dataconnect: no such file or directory
E0227 01:18:10.056293    9595 watch.go:40] Failed to load config from "/home/user/studio/dataconnect": could not find dataconnect.yaml in `/home/user/studio/dataconnect`
 {"metadata":{"emulator":{"name":"dataconnect"},"message":"E0227 01:18:10.056175    9595 watch.go:116] watchAllDir unable to walk dir `/home/user/studio/dataconnect`: lstat /home/user/studio/dataconnect: no such file or directory\nE0227 01:18:10.056293    9595 watch.go:40] Failed to load config from \"/home/user/studio/dataconnect\": could not find dataconnect.yaml in `/home/user/studio/dataconnect`\n"}}
[debug] [2026-02-27T01:18:20.064Z] E0227 01:18:20.064042    9595 watch.go:40] Failed to load config from "/home/user/studio/dataconnect": could not find dataconnect.yaml in `/home/user/studio/dataconnect`
 {"metadata":{"emulator":{"name":"dataconnect"},"message":"E0227 01:18:20.064042    9595 watch.go:40] Failed to load config from \"/home/user/studio/dataconnect\": could not find dataconnect.yaml in `/home/user/studio/dataconnect`\n"}}
[debug] [2026-02-27T01:18:30.069Z] E0227 01:18:30.066855    9595 watch.go:40] Failed to load config from "/home/user/studio/dataconnect": could not find dataconnect.yaml in `/home/user/studio/dataconnect`
 {"metadata":{"emulator":{"name":"dataconnect"},"message":"E0227 01:18:30.066855    9595 watch.go:40] Failed to load config from \"/home/user/studio/dataconnect\": could not find dataconnect.yaml in `/home/user/studio/dataconnect`\n"}}
[debug] [2026-02-27T01:18:40.056Z] E0227 01:18:40.056189    9595 watch.go:40] Failed to load config from "/home/user/studio/dataconnect": could not find dataconnect.yaml in `/home/user/studio/dataconnect`
 {"metadata":{"emulator":{"name":"dataconnect"},"message":"E0227 01:18:40.056189    9595 watch.go:40] Failed to load config from \"/home/user/studio/dataconnect\": could not find dataconnect.yaml in `/home/user/studio/dataconnect`\n"}}
[debug] [2026-02-27T01:18:50.065Z] E0227 01:18:50.065004    9595 watch.go:40] Failed to load config from "/home/user/studio/dataconnect": could not find dataconnect.yaml in `/home/user/studio/dataconnect`
 {"metadata":{"emulator":{"name":"dataconnect"},"message":"E0227 01:18:50.065004    9595 watch.go:40] Failed to load config from \"/home/user/studio/dataconnect\": could not find dataconnect.yaml in `/home/user/studio/dataconnect`\n"}}
[debug] [2026-02-27T01:19:00.068Z] E0227 01:19:00.065733    9595 watch.go:40] Failed to load config from "/home/user/studio/dataconnect": could not find dataconnect.yaml in `/home/user/studio/dataconnect`
 {"metadata":{"emulator":{"name":"dataconnect"},"message":"E0227 01:19:00.065733    9595 watch.go:40] Failed to load config from \"/home/user/studio/dataconnect\": could not find dataconnect.yaml in `/home/user/studio/dataconnect`\n"}}
[debug] [2026-02-27T01:19:10.058Z] E0227 01:19:10.056181    9595 watch.go:116] watchAllDir unable to walk dir `/home/user/studio/dataconnect`: lstat /home/user/studio/dataconnect: no such file or directory
E0227 01:19:10.056394    9595 watch.go:40] Failed to load config from "/home/user/studio/dataconnect": could not find dataconnect.yaml in `/home/user/studio/dataconnect`
 {"metadata":{"emulator":{"name":"dataconnect"},"message":"E0227 01:19:10.056181    9595 watch.go:116] watchAllDir unable to walk dir `/home/user/studio/dataconnect`: lstat /home/user/studio/dataconnect: no such file or directory\nE0227 01:19:10.056394    9595 watch.go:40] Failed to load config from \"/home/user/studio/dataconnect\": could not find dataconnect.yaml in `/home/user/studio/dataconnect`\n"}}
[debug] [2026-02-27T01:19:20.067Z] E0227 01:19:20.065617    9595 watch.go:40] Failed to load config from "/home/user/studio/dataconnect": could not find dataconnect.yaml in `/home/user/studio/dataconnect`
 {"metadata":{"emulator":{"name":"dataconnect"},"message":"E0227 01:19:20.065617    9595 watch.go:40] Failed to load config from \"/home/user/studio/dataconnect\": could not find dataconnect.yaml in `/home/user/studio/dataconnect`\n"}}
[debug] [2026-02-27T01:19:30.064Z] E0227 01:19:30.063980    9595 watch.go:40] Failed to load config from "/home/user/studio/dataconnect": could not find dataconnect.yaml in `/home/user/studio/dataconnect`
 {"metadata":{"emulator":{"name":"dataconnect"},"message":"E0227 01:19:30.063980    9595 watch.go:40] Failed to load config from \"/home/user/studio/dataconnect\": could not find dataconnect.yaml in `/home/user/studio/dataconnect`\n"}}
[debug] [2026-02-27T01:19:40.056Z] E0227 01:19:40.055855    9595 watch.go:40] Failed to load config from "/home/user/studio/dataconnect": could not find dataconnect.yaml in `/home/user/studio/dataconnect`
 {"metadata":{"emulator":{"name":"dataconnect"},"message":"E0227 01:19:40.055855    9595 watch.go:40] Failed to load config from \"/home/user/studio/dataconnect\": could not find dataconnect.yaml in `/home/user/studio/dataconnect`\n"}}
[debug] [2026-02-27T01:19:50.065Z] E0227 01:19:50.064989    9595 watch.go:40] Failed to load config from "/home/user/studio/dataconnect": could not find dataconnect.yaml in `/home/user/studio/dataconnect`
 {"metadata":{"emulator":{"name":"dataconnect"},"message":"E0227 01:19:50.064989    9595 watch.go:40] Failed to load config from \"/home/user/studio/dataconnect\": could not find dataconnect.yaml in `/home/user/studio/dataconnect`\n"}}
[debug] [2026-02-27T01:20:00.065Z] E0227 01:20:00.065000    9595 watch.go:40] Failed to load config from "/home/user/studio/dataconnect": could not find dataconnect.yaml in `/home/user/studio/dataconnect`
 {"metadata":{"emulator":{"name":"dataconnect"},"message":"E0227 01:20:00.065000    9595 watch.go:40] Failed to load config from \"/home/user/studio/dataconnect\": could not find dataconnect.yaml in `/home/user/studio/dataconnect`\n"}}
[debug] [2026-02-27T01:20:10.057Z] E0227 01:20:10.056213    9595 watch.go:116] watchAllDir unable to walk dir `/home/user/studio/dataconnect`: lstat /home/user/studio/dataconnect: no such file or directory
E0227 01:20:10.056409    9595 watch.go:40] Failed to load config from "/home/user/studio/dataconnect": could not find dataconnect.yaml in `/home/user/studio/dataconnect`
 {"metadata":{"emulator":{"name":"dataconnect"},"message":"E0227 01:20:10.056213    9595 watch.go:116] watchAllDir unable to walk dir `/home/user/studio/dataconnect`: lstat /home/user/studio/dataconnect: no such file or directory\nE0227 01:20:10.056409    9595 watch.go:40] Failed to load config from \"/home/user/studio/dataconnect\": could not find dataconnect.yaml in `/home/user/studio/dataconnect`\n"}}
[debug] [2026-02-27T01:20:20.056Z] E0227 01:20:20.056301    9595 watch.go:40] Failed to load config from "/home/user/studio/dataconnect": could not find dataconnect.yaml in `/home/user/studio/dataconnect`
 {"metadata":{"emulator":{"name":"dataconnect"},"message":"E0227 01:20:20.056301    9595 watch.go:40] Failed to load config from \"/home/user/studio/dataconnect\": could not find dataconnect.yaml in `/home/user/studio/dataconnect`\n"}}
[debug] [2026-02-27T01:20:30.067Z] E0227 01:20:30.065973    9595 watch.go:40] Failed to load config from "/home/user/studio/dataconnect": could not find dataconnect.yaml in `/home/user/studio/dataconnect`
 {"metadata":{"emulator":{"name":"dataconnect"},"message":"E0227 01:20:30.065973    9595 watch.go:40] Failed to load config from \"/home/user/studio/dataconnect\": could not find dataconnect.yaml in `/home/user/studio/dataconnect`\n"}}
[debug] [2026-02-27T01:20:40.067Z] E0227 01:20:40.056182    9595 watch.go:40] Failed to load config from "/home/user/studio/dataconnect": could not find dataconnect.yaml in `/home/user/studio/dataconnect`
 {"metadata":{"emulator":{"name":"dataconnect"},"message":"E0227 01:20:40.056182    9595 watch.go:40] Failed to load config from \"/home/user/studio/dataconnect\": could not find dataconnect.yaml in `/home/user/studio/dataconnect`\n"}}
[debug] [2026-02-27T01:20:50.087Z] E0227 01:20:50.064942    9595 watch.go:40] Failed to load config from "/home/user/studio/dataconnect": could not find dataconnect.yaml in `/home/user/studio/dataconnect`
 {"metadata":{"emulator":{"name":"dataconnect"},"message":"E0227 01:20:50.064942    9595 watch.go:40] Failed to load config from \"/home/user/studio/dataconnect\": could not find dataconnect.yaml in `/home/user/studio/dataconnect`\n"}}
[debug] [2026-02-27T01:21:00.066Z] E0227 01:21:00.065043    9595 watch.go:40] Failed to load config from "/home/user/studio/dataconnect": could not find dataconnect.yaml in `/home/user/studio/dataconnect`
 {"metadata":{"emulator":{"name":"dataconnect"},"message":"E0227 01:21:00.065043    9595 watch.go:40] Failed to load config from \"/home/user/studio/dataconnect\": could not find dataconnect.yaml in `/home/user/studio/dataconnect`\n"}}
[debug] [2026-02-27T01:21:10.057Z] E0227 01:21:10.056208    9595 watch.go:116] watchAllDir unable to walk dir `/home/user/studio/dataconnect`: lstat /home/user/studio/dataconnect: no such file or directory
E0227 01:21:10.056423    9595 watch.go:40] Failed to load config from "/home/user/studio/dataconnect": could not find dataconnect.yaml in `/home/user/studio/dataconnect`
 {"metadata":{"emulator":{"name":"dataconnect"},"message":"E0227 01:21:10.056208    9595 watch.go:116] watchAllDir unable to walk dir `/home/user/studio/dataconnect`: lstat /home/user/studio/dataconnect: no such file or directory\nE0227 01:21:10.056423    9595 watch.go:40] Failed to load config from \"/home/user/studio/dataconnect\": could not find dataconnect.yaml in `/home/user/studio/dataconnect`\n"}}
[debug] [2026-02-27T01:21:20.066Z] E0227 01:21:20.064991    9595 watch.go:40] Failed to load config from "/home/user/studio/dataconnect": could not find dataconnect.yaml in `/home/user/studio/dataconnect`
 {"metadata":{"emulator":{"name":"dataconnect"},"message":"E0227 01:21:20.064991    9595 watch.go:40] Failed to load config from \"/home/user/studio/dataconnect\": could not find dataconnect.yaml in `/home/user/studio/dataconnect`\n"}}
[debug] [2026-02-27T01:21:30.068Z] E0227 01:21:30.067973    9595 watch.go:40] Failed to load config from "/home/user/studio/dataconnect": could not find dataconnect.yaml in `/home/user/studio/dataconnect`
 {"metadata":{"emulator":{"name":"dataconnect"},"message":"E0227 01:21:30.067973    9595 watch.go:40] Failed to load config from \"/home/user/studio/dataconnect\": could not find dataconnect.yaml in `/home/user/studio/dataconnect`\n"}}
[debug] [2026-02-27T01:21:40.056Z] E0227 01:21:40.056236    9595 watch.go:40] Failed to load config from "/home/user/studio/dataconnect": could not find dataconnect.yaml in `/home/user/studio/dataconnect`
 {"metadata":{"emulator":{"name":"dataconnect"},"message":"E0227 01:21:40.056236    9595 watch.go:40] Failed to load config from \"/home/user/studio/dataconnect\": could not find dataconnect.yaml in `/home/user/studio/dataconnect`\n"}}
[debug] [2026-02-27T01:21:50.065Z] E0227 01:21:50.064950    9595 watch.go:40] Failed to load config from "/home/user/studio/dataconnect": could not find dataconnect.yaml in `/home/user/studio/dataconnect`
 {"metadata":{"emulator":{"name":"dataconnect"},"message":"E0227 01:21:50.064950    9595 watch.go:40] Failed to load config from \"/home/user/studio/dataconnect\": could not find dataconnect.yaml in `/home/user/studio/dataconnect`\n"}}
[debug] [2026-02-27T01:22:00.065Z] E0227 01:22:00.065004    9595 watch.go:40] Failed to load config from "/home/user/studio/dataconnect": could not find dataconnect.yaml in `/home/user/studio/dataconnect`
 {"metadata":{"emulator":{"name":"dataconnect"},"message":"E0227 01:22:00.065004    9595 watch.go:40] Failed to load config from \"/home/user/studio/dataconnect\": could not find dataconnect.yaml in `/home/user/studio/dataconnect`\n"}}
[debug] [2026-02-27T01:22:10.061Z] E0227 01:22:10.055504    9595 watch.go:116] watchAllDir unable to walk dir `/home/user/studio/dataconnect`: lstat /home/user/studio/dataconnect: no such file or directory
E0227 01:22:10.055632    9595 watch.go:40] Failed to load config from "/home/user/studio/dataconnect": could not find dataconnect.yaml in `/home/user/studio/dataconnect`
 {"metadata":{"emulator":{"name":"dataconnect"},"message":"E0227 01:22:10.055504    9595 watch.go:116] watchAllDir unable to walk dir `/home/user/studio/dataconnect`: lstat /home/user/studio/dataconnect: no such file or directory\nE0227 01:22:10.055632    9595 watch.go:40] Failed to load config from \"/home/user/studio/dataconnect\": could not find dataconnect.yaml in `/home/user/studio/dataconnect`\n"}}
[debug] [2026-02-27T01:22:20.064Z] E0227 01:22:20.063993    9595 watch.go:40] Failed to load config from "/home/user/studio/dataconnect": could not find dataconnect.yaml in `/home/user/studio/dataconnect`
 {"metadata":{"emulator":{"name":"dataconnect"},"message":"E0227 01:22:20.063993    9595 watch.go:40] Failed to load config from \"/home/user/studio/dataconnect\": could not find dataconnect.yaml in `/home/user/studio/dataconnect`\n"}}
[debug] [2026-02-27T01:22:30.060Z] E0227 01:22:30.060438    9595 watch.go:40] Failed to load config from "/home/user/studio/dataconnect": could not find dataconnect.yaml in `/home/user/studio/dataconnect`
 {"metadata":{"emulator":{"name":"dataconnect"},"message":"E0227 01:22:30.060438    9595 watch.go:40] Failed to load config from \"/home/user/studio/dataconnect\": could not find dataconnect.yaml in `/home/user/studio/dataconnect`\n"}}
[debug] [2026-02-27T01:22:40.056Z] E0227 01:22:40.055583    9595 watch.go:40] Failed to load config from "/home/user/studio/dataconnect": could not find dataconnect.yaml in `/home/user/studio/dataconnect`
 {"metadata":{"emulator":{"name":"dataconnect"},"message":"E0227 01:22:40.055583    9595 watch.go:40] Failed to load config from \"/home/user/studio/dataconnect\": could not find dataconnect.yaml in `/home/user/studio/dataconnect`\n"}}
[debug] [2026-02-27T01:22:50.064Z] E0227 01:22:50.064011    9595 watch.go:40] Failed to load config from "/home/user/studio/dataconnect": could not find dataconnect.yaml in `/home/user/studio/dataconnect`
 {"metadata":{"emulator":{"name":"dataconnect"},"message":"E0227 01:22:50.064011    9595 watch.go:40] Failed to load config from \"/home/user/studio/dataconnect\": could not find dataconnect.yaml in `/home/user/studio/dataconnect`\n"}}
[debug] [2026-02-27T01:23:00.066Z] E0227 01:23:00.065642    9595 watch.go:40] Failed to load config from "/home/user/studio/dataconnect": could not find dataconnect.yaml in `/home/user/studio/dataconnect`
 {"metadata":{"emulator":{"name":"dataconnect"},"message":"E0227 01:23:00.065642    9595 watch.go:40] Failed to load config from \"/home/user/studio/dataconnect\": could not find dataconnect.yaml in `/home/user/studio/dataconnect`\n"}}
[debug] [2026-02-27T01:23:10.056Z] E0227 01:23:10.056153    9595 watch.go:116] watchAllDir unable to walk dir `/home/user/studio/dataconnect`: lstat /home/user/studio/dataconnect: no such file or directory
E0227 01:23:10.056351    9595 watch.go:40] Failed to load config from "/home/user/studio/dataconnect": could not find dataconnect.yaml in `/home/user/studio/dataconnect`
 {"metadata":{"emulator":{"name":"dataconnect"},"message":"E0227 01:23:10.056153    9595 watch.go:116] watchAllDir unable to walk dir `/home/user/studio/dataconnect`: lstat /home/user/studio/dataconnect: no such file or directory\nE0227 01:23:10.056351    9595 watch.go:40] Failed to load config from \"/home/user/studio/dataconnect\": could not find dataconnect.yaml in `/home/user/studio/dataconnect`\n"}}
[debug] [2026-02-27T01:23:20.066Z] E0227 01:23:20.064959    9595 watch.go:40] Failed to load config from "/home/user/studio/dataconnect": could not find dataconnect.yaml in `/home/user/studio/dataconnect`
 {"metadata":{"emulator":{"name":"dataconnect"},"message":"E0227 01:23:20.064959    9595 watch.go:40] Failed to load config from \"/home/user/studio/dataconnect\": could not find dataconnect.yaml in `/home/user/studio/dataconnect`\n"}}
[debug] [2026-02-27T01:23:30.073Z] E0227 01:23:30.065044    9595 watch.go:40] Failed to load config from "/home/user/studio/dataconnect": could not find dataconnect.yaml in `/home/user/studio/dataconnect`
 {"metadata":{"emulator":{"name":"dataconnect"},"message":"E0227 01:23:30.065044    9595 watch.go:40] Failed to load config from \"/home/user/studio/dataconnect\": could not find dataconnect.yaml in `/home/user/studio/dataconnect`\n"}}
[debug] [2026-02-27T01:23:40.056Z] E0227 01:23:40.056208    9595 watch.go:40] Failed to load config from "/home/user/studio/dataconnect": could not find dataconnect.yaml in `/home/user/studio/dataconnect`
 {"metadata":{"emulator":{"name":"dataconnect"},"message":"E0227 01:23:40.056208    9595 watch.go:40] Failed to load config from \"/home/user/studio/dataconnect\": could not find dataconnect.yaml in `/home/user/studio/dataconnect`\n"}}
[debug] [2026-02-27T01:23:50.067Z] E0227 01:23:50.065152    9595 watch.go:40] Failed to load config from "/home/user/studio/dataconnect": could not find dataconnect.yaml in `/home/user/studio/dataconnect`
 {"metadata":{"emulator":{"name":"dataconnect"},"message":"E0227 01:23:50.065152    9595 watch.go:40] Failed to load config from \"/home/user/studio/dataconnect\": could not find dataconnect.yaml in `/home/user/studio/dataconnect`\n"}}
[debug] [2026-02-27T01:24:00.065Z] E0227 01:24:00.065020    9595 watch.go:40] Failed to load config from "/home/user/studio/dataconnect": could not find dataconnect.yaml in `/home/user/studio/dataconnect`
 {"metadata":{"emulator":{"name":"dataconnect"},"message":"E0227 01:24:00.065020    9595 watch.go:40] Failed to load config from \"/home/user/studio/dataconnect\": could not find dataconnect.yaml in `/home/user/studio/dataconnect`\n"}}
[debug] [2026-02-27T01:24:10.058Z] E0227 01:24:10.056223    9595 watch.go:116] watchAllDir unable to walk dir `/home/user/studio/dataconnect`: lstat /home/user/studio/dataconnect: no such file or directory
E0227 01:24:10.056372    9595 watch.go:40] Failed to load config from "/home/user/studio/dataconnect": could not find dataconnect.yaml in `/home/user/studio/dataconnect`
 {"metadata":{"emulator":{"name":"dataconnect"},"message":"E0227 01:24:10.056223    9595 watch.go:116] watchAllDir unable to walk dir `/home/user/studio/dataconnect`: lstat /home/user/studio/dataconnect: no such file or directory\nE0227 01:24:10.056372    9595 watch.go:40] Failed to load config from \"/home/user/studio/dataconnect\": could not find dataconnect.yaml in `/home/user/studio/dataconnect`\n"}}
[debug] [2026-02-27T01:24:20.065Z] E0227 01:24:20.064974    9595 watch.go:40] Failed to load config from "/home/user/studio/dataconnect": could not find dataconnect.yaml in `/home/user/studio/dataconnect`
 {"metadata":{"emulator":{"name":"dataconnect"},"message":"E0227 01:24:20.064974    9595 watch.go:40] Failed to load config from \"/home/user/studio/dataconnect\": could not find dataconnect.yaml in `/home/user/studio/dataconnect`\n"}}
[debug] [2026-02-27T01:24:30.065Z] E0227 01:24:30.064958    9595 watch.go:40] Failed to load config from "/home/user/studio/dataconnect": could not find dataconnect.yaml in `/home/user/studio/dataconnect`
 {"metadata":{"emulator":{"name":"dataconnect"},"message":"E0227 01:24:30.064958    9595 watch.go:40] Failed to load config from \"/home/user/studio/dataconnect\": could not find dataconnect.yaml in `/home/user/studio/dataconnect`\n"}}
[debug] [2026-02-27T01:24:40.057Z] E0227 01:24:40.056064    9595 watch.go:40] Failed to load config from "/home/user/studio/dataconnect": could not find dataconnect.yaml in `/home/user/studio/dataconnect`
 {"metadata":{"emulator":{"name":"dataconnect"},"message":"E0227 01:24:40.056064    9595 watch.go:40] Failed to load config from \"/home/user/studio/dataconnect\": could not find dataconnect.yaml in `/home/user/studio/dataconnect`\n"}}
[debug] [2026-02-27T01:24:50.065Z] E0227 01:24:50.065077    9595 watch.go:40] Failed to load config from "/home/user/studio/dataconnect": could not find dataconnect.yaml in `/home/user/studio/dataconnect`
 {"metadata":{"emulator":{"name":"dataconnect"},"message":"E0227 01:24:50.065077    9595 watch.go:40] Failed to load config from \"/home/user/studio/dataconnect\": could not find dataconnect.yaml in `/home/user/studio/dataconnect`\n"}}
[debug] [2026-02-27T01:25:00.066Z] E0227 01:25:00.065668    9595 watch.go:40] Failed to load config from "/home/user/studio/dataconnect": could not find dataconnect.yaml in `/home/user/studio/dataconnect`
 {"metadata":{"emulator":{"name":"dataconnect"},"message":"E0227 01:25:00.065668    9595 watch.go:40] Failed to load config from \"/home/user/studio/dataconnect\": could not find dataconnect.yaml in `/home/user/studio/dataconnect`\n"}}
[debug] [2026-02-27T01:25:10.058Z] E0227 01:25:10.056209    9595 watch.go:40] Failed to load config from "/home/user/studio/dataconnect": could not find dataconnect.yaml in `/home/user/studio/dataconnect`
 {"metadata":{"emulator":{"name":"dataconnect"},"message":"E0227 01:25:10.056209    9595 watch.go:40] Failed to load config from \"/home/user/studio/dataconnect\": could not find dataconnect.yaml in `/home/user/studio/dataconnect`\n"}}
[debug] [2026-02-27T01:25:10.063Z] E0227 01:25:10.059223    9595 watch.go:116] watchAllDir unable to walk dir `/home/user/studio/dataconnect`: lstat /home/user/studio/dataconnect: no such file or directory
 {"metadata":{"emulator":{"name":"dataconnect"},"message":"E0227 01:25:10.059223    9595 watch.go:116] watchAllDir unable to walk dir `/home/user/studio/dataconnect`: lstat /home/user/studio/dataconnect: no such file or directory\n"}}
[debug] [2026-02-27T01:25:20.069Z] E0227 01:25:20.065057    9595 watch.go:40] Failed to load config from "/home/user/studio/dataconnect": could not find dataconnect.yaml in `/home/user/studio/dataconnect`
 {"metadata":{"emulator":{"name":"dataconnect"},"message":"E0227 01:25:20.065057    9595 watch.go:40] Failed to load config from \"/home/user/studio/dataconnect\": could not find dataconnect.yaml in `/home/user/studio/dataconnect`\n"}}
[debug] [2026-02-27T01:25:30.065Z] E0227 01:25:30.064963    9595 watch.go:40] Failed to load config from "/home/user/studio/dataconnect": could not find dataconnect.yaml in `/home/user/studio/dataconnect`
 {"metadata":{"emulator":{"name":"dataconnect"},"message":"E0227 01:25:30.064963    9595 watch.go:40] Failed to load config from \"/home/user/studio/dataconnect\": could not find dataconnect.yaml in `/home/user/studio/dataconnect`\n"}}
[debug] [2026-02-27T01:25:40.058Z] E0227 01:25:40.056222    9595 watch.go:40] Failed to load config from "/home/user/studio/dataconnect": could not find dataconnect.yaml in `/home/user/studio/dataconnect`
 {"metadata":{"emulator":{"name":"dataconnect"},"message":"E0227 01:25:40.056222    9595 watch.go:40] Failed to load config from \"/home/user/studio/dataconnect\": could not find dataconnect.yaml in `/home/user/studio/dataconnect`\n"}}
[debug] [2026-02-27T01:25:50.065Z] E0227 01:25:50.065014    9595 watch.go:40] Failed to load config from "/home/user/studio/dataconnect": could not find dataconnect.yaml in `/home/user/studio/dataconnect`
 {"metadata":{"emulator":{"name":"dataconnect"},"message":"E0227 01:25:50.065014    9595 watch.go:40] Failed to load config from \"/home/user/studio/dataconnect\": could not find dataconnect.yaml in `/home/user/studio/dataconnect`\n"}}
[debug] [2026-02-27T01:26:00.065Z] E0227 01:26:00.064954    9595 watch.go:40] Failed to load config from "/home/user/studio/dataconnect": could not find dataconnect.yaml in `/home/user/studio/dataconnect`
 {"metadata":{"emulator":{"name":"dataconnect"},"message":"E0227 01:26:00.064954    9595 watch.go:40] Failed to load config from \"/home/user/studio/dataconnect\": could not find dataconnect.yaml in `/home/user/studio/dataconnect`\n"}}
[debug] [2026-02-27T01:26:10.081Z] E0227 01:26:10.056251    9595 watch.go:40] Failed to load config from "/home/user/studio/dataconnect": could not find dataconnect.yaml in `/home/user/studio/dataconnect`
E0227 01:26:10.056139    9595 watch.go:116] watchAllDir unable to walk dir `/home/user/studio/dataconnect`: lstat /home/user/studio/dataconnect: no such file or directory
 {"metadata":{"emulator":{"name":"dataconnect"},"message":"E0227 01:26:10.056251    9595 watch.go:40] Failed to load config from \"/home/user/studio/dataconnect\": could not find dataconnect.yaml in `/home/user/studio/dataconnect`\nE0227 01:26:10.056139    9595 watch.go:116] watchAllDir unable to walk dir `/home/user/studio/dataconnect`: lstat /home/user/studio/dataconnect: no such file or directory\n"}}
[debug] [2026-02-27T01:26:20.071Z] E0227 01:26:20.067019    9595 watch.go:40] Failed to load config from "/home/user/studio/dataconnect": could not find dataconnect.yaml in `/home/user/studio/dataconnect`
 {"metadata":{"emulator":{"name":"dataconnect"},"message":"E0227 01:26:20.067019    9595 watch.go:40] Failed to load config from \"/home/user/studio/dataconnect\": could not find dataconnect.yaml in `/home/user/studio/dataconnect`\n"}}
[debug] [2026-02-27T01:26:30.065Z] E0227 01:26:30.064964    9595 watch.go:40] Failed to load config from "/home/user/studio/dataconnect": could not find dataconnect.yaml in `/home/user/studio/dataconnect`
 {"metadata":{"emulator":{"name":"dataconnect"},"message":"E0227 01:26:30.064964    9595 watch.go:40] Failed to load config from \"/home/user/studio/dataconnect\": could not find dataconnect.yaml in `/home/user/studio/dataconnect`\n"}}
[debug] [2026-02-27T01:26:40.059Z] E0227 01:26:40.059189    9595 watch.go:40] Failed to load config from "/home/user/studio/dataconnect": could not find dataconnect.yaml in `/home/user/studio/dataconnect`
 {"metadata":{"emulator":{"name":"dataconnect"},"message":"E0227 01:26:40.059189    9595 watch.go:40] Failed to load config from \"/home/user/studio/dataconnect\": could not find dataconnect.yaml in `/home/user/studio/dataconnect`\n"}}
[debug] [2026-02-27T01:26:50.065Z] E0227 01:26:50.064986    9595 watch.go:40] Failed to load config from "/home/user/studio/dataconnect": could not find dataconnect.yaml in `/home/user/studio/dataconnect`
 {"metadata":{"emulator":{"name":"dataconnect"},"message":"E0227 01:26:50.064986    9595 watch.go:40] Failed to load config from \"/home/user/studio/dataconnect\": could not find dataconnect.yaml in `/home/user/studio/dataconnect`\n"}}
[debug] [2026-02-27T01:27:00.065Z] E0227 01:27:00.065011    9595 watch.go:40] Failed to load config from "/home/user/studio/dataconnect": could not find dataconnect.yaml in `/home/user/studio/dataconnect`
 {"metadata":{"emulator":{"name":"dataconnect"},"message":"E0227 01:27:00.065011    9595 watch.go:40] Failed to load config from \"/home/user/studio/dataconnect\": could not find dataconnect.yaml in `/home/user/studio/dataconnect`\n"}}
[debug] [2026-02-27T01:27:10.056Z] E0227 01:27:10.056123    9595 watch.go:116] watchAllDir unable to walk dir `/home/user/studio/dataconnect`: lstat /home/user/studio/dataconnect: no such file or directory
E0227 01:27:10.056295    9595 watch.go:40] Failed to load config from "/home/user/studio/dataconnect": could not find dataconnect.yaml in `/home/user/studio/dataconnect`
 {"metadata":{"emulator":{"name":"dataconnect"},"message":"E0227 01:27:10.056123    9595 watch.go:116] watchAllDir unable to walk dir `/home/user/studio/dataconnect`: lstat /home/user/studio/dataconnect: no such file or directory\nE0227 01:27:10.056295    9595 watch.go:40] Failed to load config from \"/home/user/studio/dataconnect\": could not find dataconnect.yaml in `/home/user/studio/dataconnect`\n"}}
[debug] [2026-02-27T01:27:20.064Z] E0227 01:27:20.064009    9595 watch.go:40] Failed to load config from "/home/user/studio/dataconnect": could not find dataconnect.yaml in `/home/user/studio/dataconnect`
 {"metadata":{"emulator":{"name":"dataconnect"},"message":"E0227 01:27:20.064009    9595 watch.go:40] Failed to load config from \"/home/user/studio/dataconnect\": could not find dataconnect.yaml in `/home/user/studio/dataconnect`\n"}}
[debug] [2026-02-27T01:27:30.067Z] E0227 01:27:30.066879    9595 watch.go:40] Failed to load config from "/home/user/studio/dataconnect": could not find dataconnect.yaml in `/home/user/studio/dataconnect`
 {"metadata":{"emulator":{"name":"dataconnect"},"message":"E0227 01:27:30.066879    9595 watch.go:40] Failed to load config from \"/home/user/studio/dataconnect\": could not find dataconnect.yaml in `/home/user/studio/dataconnect`\n"}}
[debug] [2026-02-27T01:27:40.056Z] E0227 01:27:40.056187    9595 watch.go:40] Failed to load config from "/home/user/studio/dataconnect": could not find dataconnect.yaml in `/home/user/studio/dataconnect`
 {"metadata":{"emulator":{"name":"dataconnect"},"message":"E0227 01:27:40.056187    9595 watch.go:40] Failed to load config from \"/home/user/studio/dataconnect\": could not find dataconnect.yaml in `/home/user/studio/dataconnect`\n"}}
[debug] [2026-02-27T01:27:50.081Z] E0227 01:27:50.065038    9595 watch.go:40] Failed to load config from "/home/user/studio/dataconnect": could not find dataconnect.yaml in `/home/user/studio/dataconnect`
 {"metadata":{"emulator":{"name":"dataconnect"},"message":"E0227 01:27:50.065038    9595 watch.go:40] Failed to load config from \"/home/user/studio/dataconnect\": could not find dataconnect.yaml in `/home/user/studio/dataconnect`\n"}}
[debug] [2026-02-27T01:28:00.065Z] E0227 01:28:00.064986    9595 watch.go:40] Failed to load config from "/home/user/studio/dataconnect": could not find dataconnect.yaml in `/home/user/studio/dataconnect`
 {"metadata":{"emulator":{"name":"dataconnect"},"message":"E0227 01:28:00.064986    9595 watch.go:40] Failed to load config from \"/home/user/studio/dataconnect\": could not find dataconnect.yaml in `/home/user/studio/dataconnect`\n"}}
[debug] [2026-02-27T01:28:10.057Z] E0227 01:28:10.055467    9595 watch.go:116] watchAllDir unable to walk dir `/home/user/studio/dataconnect`: lstat /home/user/studio/dataconnect: no such file or directory
E0227 01:28:10.055595    9595 watch.go:40] Failed to load config from "/home/user/studio/dataconnect": could not find dataconnect.yaml in `/home/user/studio/dataconnect`
 {"metadata":{"emulator":{"name":"dataconnect"},"message":"E0227 01:28:10.055467    9595 watch.go:116] watchAllDir unable to walk dir `/home/user/studio/dataconnect`: lstat /home/user/studio/dataconnect: no such file or directory\nE0227 01:28:10.055595    9595 watch.go:40] Failed to load config from \"/home/user/studio/dataconnect\": could not find dataconnect.yaml in `/home/user/studio/dataconnect`\n"}}
[debug] [2026-02-27T01:28:20.066Z] E0227 01:28:20.064043    9595 watch.go:40] Failed to load config from "/home/user/studio/dataconnect": could not find dataconnect.yaml in `/home/user/studio/dataconnect`
 {"metadata":{"emulator":{"name":"dataconnect"},"message":"E0227 01:28:20.064043    9595 watch.go:40] Failed to load config from \"/home/user/studio/dataconnect\": could not find dataconnect.yaml in `/home/user/studio/dataconnect`\n"}}
[debug] [2026-02-27T01:28:30.065Z] E0227 01:28:30.065002    9595 watch.go:40] Failed to load config from "/home/user/studio/dataconnect": could not find dataconnect.yaml in `/home/user/studio/dataconnect`
 {"metadata":{"emulator":{"name":"dataconnect"},"message":"E0227 01:28:30.065002    9595 watch.go:40] Failed to load config from \"/home/user/studio/dataconnect\": could not find dataconnect.yaml in `/home/user/studio/dataconnect`\n"}}
[debug] [2026-02-27T01:28:40.073Z] E0227 01:28:40.056217    9595 watch.go:40] Failed to load config from "/home/user/studio/dataconnect": could not find dataconnect.yaml in `/home/user/studio/dataconnect`
 {"metadata":{"emulator":{"name":"dataconnect"},"message":"E0227 01:28:40.056217    9595 watch.go:40] Failed to load config from \"/home/user/studio/dataconnect\": could not find dataconnect.yaml in `/home/user/studio/dataconnect`\n"}}
[debug] [2026-02-27T01:28:50.059Z] E0227 01:28:50.059089    9595 watch.go:40] Failed to load config from "/home/user/studio/dataconnect": could not find dataconnect.yaml in `/home/user/studio/dataconnect`
 {"metadata":{"emulator":{"name":"dataconnect"},"message":"E0227 01:28:50.059089    9595 watch.go:40] Failed to load config from \"/home/user/studio/dataconnect\": could not find dataconnect.yaml in `/home/user/studio/dataconnect`\n"}}
[debug] [2026-02-27T01:29:00.058Z] E0227 01:29:00.057021    9595 watch.go:40] Failed to load config from "/home/user/studio/dataconnect": could not find dataconnect.yaml in `/home/user/studio/dataconnect`
 {"metadata":{"emulator":{"name":"dataconnect"},"message":"E0227 01:29:00.057021    9595 watch.go:40] Failed to load config from \"/home/user/studio/dataconnect\": could not find dataconnect.yaml in `/home/user/studio/dataconnect`\n"}}
[debug] [2026-02-27T01:29:10.057Z] E0227 01:29:10.056277    9595 watch.go:40] Failed to load config from "/home/user/studio/dataconnect": could not find dataconnect.yaml in `/home/user/studio/dataconnect`
E0227 01:29:10.056393    9595 watch.go:116] watchAllDir unable to walk dir `/home/user/studio/dataconnect`: lstat /home/user/studio/dataconnect: no such file or directory
 {"metadata":{"emulator":{"name":"dataconnect"},"message":"E0227 01:29:10.056277    9595 watch.go:40] Failed to load config from \"/home/user/studio/dataconnect\": could not find dataconnect.yaml in `/home/user/studio/dataconnect`\nE0227 01:29:10.056393    9595 watch.go:116] watchAllDir unable to walk dir `/home/user/studio/dataconnect`: lstat /home/user/studio/dataconnect: no such file or directory\n"}}
[debug] [2026-02-27T01:29:20.069Z] E0227 01:29:20.069056    9595 watch.go:40] Failed to load config from "/home/user/studio/dataconnect": could not find dataconnect.yaml in `/home/user/studio/dataconnect`
 {"metadata":{"emulator":{"name":"dataconnect"},"message":"E0227 01:29:20.069056    9595 watch.go:40] Failed to load config from \"/home/user/studio/dataconnect\": could not find dataconnect.yaml in `/home/user/studio/dataconnect`\n"}}
[debug] [2026-02-27T01:29:30.065Z] E0227 01:29:30.064991    9595 watch.go:40] Failed to load config from "/home/user/studio/dataconnect": could not find dataconnect.yaml in `/home/user/studio/dataconnect`
 {"metadata":{"emulator":{"name":"dataconnect"},"message":"E0227 01:29:30.064991    9595 watch.go:40] Failed to load config from \"/home/user/studio/dataconnect\": could not find dataconnect.yaml in `/home/user/studio/dataconnect`\n"}}
[debug] [2026-02-27T01:29:40.056Z] E0227 01:29:40.056199    9595 watch.go:40] Failed to load config from "/home/user/studio/dataconnect": could not find dataconnect.yaml in `/home/user/studio/dataconnect`
 {"metadata":{"emulator":{"name":"dataconnect"},"message":"E0227 01:29:40.056199    9595 watch.go:40] Failed to load config from \"/home/user/studio/dataconnect\": could not find dataconnect.yaml in `/home/user/studio/dataconnect`\n"}}
[debug] [2026-02-27T01:29:50.064Z] E0227 01:29:50.064087    9595 watch.go:40] Failed to load config from "/home/user/studio/dataconnect": could not find dataconnect.yaml in `/home/user/studio/dataconnect`
 {"metadata":{"emulator":{"name":"dataconnect"},"message":"E0227 01:29:50.064087    9595 watch.go:40] Failed to load config from \"/home/user/studio/dataconnect\": could not find dataconnect.yaml in `/home/user/studio/dataconnect`\n"}}
[debug] [2026-02-27T01:30:00.072Z] E0227 01:30:00.069963    9595 watch.go:40] Failed to load config from "/home/user/studio/dataconnect": could not find dataconnect.yaml in `/home/user/studio/dataconnect`
 {"metadata":{"emulator":{"name":"dataconnect"},"message":"E0227 01:30:00.069963    9595 watch.go:40] Failed to load config from \"/home/user/studio/dataconnect\": could not find dataconnect.yaml in `/home/user/studio/dataconnect`\n"}}
[debug] [2026-02-27T01:30:10.057Z] E0227 01:30:10.056928    9595 watch.go:116] watchAllDir unable to walk dir `/home/user/studio/dataconnect`: lstat /home/user/studio/dataconnect: no such file or directory
 {"metadata":{"emulator":{"name":"dataconnect"},"message":"E0227 01:30:10.056928    9595 watch.go:116] watchAllDir unable to walk dir `/home/user/studio/dataconnect`: lstat /home/user/studio/dataconnect: no such file or directory\n"}}
[debug] [2026-02-27T01:30:10.067Z] E0227 01:30:10.057128    9595 watch.go:40] Failed to load config from "/home/user/studio/dataconnect": could not find dataconnect.yaml in `/home/user/studio/dataconnect`
 {"metadata":{"emulator":{"name":"dataconnect"},"message":"E0227 01:30:10.057128    9595 watch.go:40] Failed to load config from \"/home/user/studio/dataconnect\": could not find dataconnect.yaml in `/home/user/studio/dataconnect`\n"}}
[debug] [2026-02-27T01:30:20.067Z] E0227 01:30:20.065111    9595 watch.go:40] Failed to load config from "/home/user/studio/dataconnect": could not find dataconnect.yaml in `/home/user/studio/dataconnect`
 {"metadata":{"emulator":{"name":"dataconnect"},"message":"E0227 01:30:20.065111    9595 watch.go:40] Failed to load config from \"/home/user/studio/dataconnect\": could not find dataconnect.yaml in `/home/user/studio/dataconnect`\n"}}
[debug] [2026-02-27T01:30:30.065Z] E0227 01:30:30.064957    9595 watch.go:40] Failed to load config from "/home/user/studio/dataconnect": could not find dataconnect.yaml in `/home/user/studio/dataconnect`
 {"metadata":{"emulator":{"name":"dataconnect"},"message":"E0227 01:30:30.064957    9595 watch.go:40] Failed to load config from \"/home/user/studio/dataconnect\": could not find dataconnect.yaml in `/home/user/studio/dataconnect`\n"}}
[debug] [2026-02-27T01:30:40.059Z] E0227 01:30:40.056953    9595 watch.go:40] Failed to load config from "/home/user/studio/dataconnect": could not find dataconnect.yaml in `/home/user/studio/dataconnect`
 {"metadata":{"emulator":{"name":"dataconnect"},"message":"E0227 01:30:40.056953    9595 watch.go:40] Failed to load config from \"/home/user/studio/dataconnect\": could not find dataconnect.yaml in `/home/user/studio/dataconnect`\n"}}
[debug] [2026-02-27T01:30:50.065Z] E0227 01:30:50.065000    9595 watch.go:40] Failed to load config from "/home/user/studio/dataconnect": could not find dataconnect.yaml in `/home/user/studio/dataconnect`
 {"metadata":{"emulator":{"name":"dataconnect"},"message":"E0227 01:30:50.065000    9595 watch.go:40] Failed to load config from \"/home/user/studio/dataconnect\": could not find dataconnect.yaml in `/home/user/studio/dataconnect`\n"}}
[debug] [2026-02-27T01:31:00.059Z] E0227 01:31:00.055564    9595 watch.go:40] Failed to load config from "/home/user/studio/dataconnect": could not find dataconnect.yaml in `/home/user/studio/dataconnect`
 {"metadata":{"emulator":{"name":"dataconnect"},"message":"E0227 01:31:00.055564    9595 watch.go:40] Failed to load config from \"/home/user/studio/dataconnect\": could not find dataconnect.yaml in `/home/user/studio/dataconnect`\n"}}
[debug] [2026-02-27T01:31:10.056Z] E0227 01:31:10.056187    9595 watch.go:40] Failed to load config from "/home/user/studio/dataconnect": could not find dataconnect.yaml in `/home/user/studio/dataconnect`
E0227 01:31:10.056303    9595 watch.go:116] watchAllDir unable to walk dir `/home/user/studio/dataconnect`: lstat /home/user/studio/dataconnect: no such file or directory
 {"metadata":{"emulator":{"name":"dataconnect"},"message":"E0227 01:31:10.056187    9595 watch.go:40] Failed to load config from \"/home/user/studio/dataconnect\": could not find dataconnect.yaml in `/home/user/studio/dataconnect`\nE0227 01:31:10.056303    9595 watch.go:116] watchAllDir unable to walk dir `/home/user/studio/dataconnect`: lstat /home/user/studio/dataconnect: no such file or directory\n"}}
[debug] [2026-02-27T01:31:20.066Z] E0227 01:31:20.066370    9595 watch.go:40] Failed to load config from "/home/user/studio/dataconnect": could not find dataconnect.yaml in `/home/user/studio/dataconnect`
 {"metadata":{"emulator":{"name":"dataconnect"},"message":"E0227 01:31:20.066370    9595 watch.go:40] Failed to load config from \"/home/user/studio/dataconnect\": could not find dataconnect.yaml in `/home/user/studio/dataconnect`\n"}}
[debug] [2026-02-27T01:31:30.065Z] E0227 01:31:30.064960    9595 watch.go:40] Failed to load config from "/home/user/studio/dataconnect": could not find dataconnect.yaml in `/home/user/studio/dataconnect`
 {"metadata":{"emulator":{"name":"dataconnect"},"message":"E0227 01:31:30.064960    9595 watch.go:40] Failed to load config from \"/home/user/studio/dataconnect\": could not find dataconnect.yaml in `/home/user/studio/dataconnect`\n"}}
[debug] [2026-02-27T01:31:40.056Z] E0227 01:31:40.056300    9595 watch.go:40] Failed to load config from "/home/user/studio/dataconnect": could not find dataconnect.yaml in `/home/user/studio/dataconnect`
 {"metadata":{"emulator":{"name":"dataconnect"},"message":"E0227 01:31:40.056300    9595 watch.go:40] Failed to load config from \"/home/user/studio/dataconnect\": could not find dataconnect.yaml in `/home/user/studio/dataconnect`\n"}}
[debug] [2026-02-27T01:31:50.064Z] E0227 01:31:50.064040    9595 watch.go:40] Failed to load config from "/home/user/studio/dataconnect": could not find dataconnect.yaml in `/home/user/studio/dataconnect`
 {"metadata":{"emulator":{"name":"dataconnect"},"message":"E0227 01:31:50.064040    9595 watch.go:40] Failed to load config from \"/home/user/studio/dataconnect\": could not find dataconnect.yaml in `/home/user/studio/dataconnect`\n"}}
[debug] [2026-02-27T01:32:00.066Z] E0227 01:32:00.065856    9595 watch.go:40] Failed to load config from "/home/user/studio/dataconnect": could not find dataconnect.yaml in `/home/user/studio/dataconnect`
 {"metadata":{"emulator":{"name":"dataconnect"},"message":"E0227 01:32:00.065856    9595 watch.go:40] Failed to load config from \"/home/user/studio/dataconnect\": could not find dataconnect.yaml in `/home/user/studio/dataconnect`\n"}}
[debug] [2026-02-27T01:32:10.056Z] E0227 01:32:10.056264    9595 watch.go:40] Failed to load config from "/home/user/studio/dataconnect": could not find dataconnect.yaml in `/home/user/studio/dataconnect`
E0227 01:32:10.056378    9595 watch.go:116] watchAllDir unable to walk dir `/home/user/studio/dataconnect`: lstat /home/user/studio/dataconnect: no such file or directory
 {"metadata":{"emulator":{"name":"dataconnect"},"message":"E0227 01:32:10.056264    9595 watch.go:40] Failed to load config from \"/home/user/studio/dataconnect\": could not find dataconnect.yaml in `/home/user/studio/dataconnect`\nE0227 01:32:10.056378    9595 watch.go:116] watchAllDir unable to walk dir `/home/user/studio/dataconnect`: lstat /home/user/studio/dataconnect: no such file or directory\n"}}
[debug] [2026-02-27T01:32:20.066Z] E0227 01:32:20.064033    9595 watch.go:40] Failed to load config from "/home/user/studio/dataconnect": could not find dataconnect.yaml in `/home/user/studio/dataconnect`
 {"metadata":{"emulator":{"name":"dataconnect"},"message":"E0227 01:32:20.064033    9595 watch.go:40] Failed to load config from \"/home/user/studio/dataconnect\": could not find dataconnect.yaml in `/home/user/studio/dataconnect`\n"}}
[debug] [2026-02-27T01:32:30.065Z] E0227 01:32:30.064987    9595 watch.go:40] Failed to load config from "/home/user/studio/dataconnect": could not find dataconnect.yaml in `/home/user/studio/dataconnect`
 {"metadata":{"emulator":{"name":"dataconnect"},"message":"E0227 01:32:30.064987    9595 watch.go:40] Failed to load config from \"/home/user/studio/dataconnect\": could not find dataconnect.yaml in `/home/user/studio/dataconnect`\n"}}
[debug] [2026-02-27T01:32:40.058Z] E0227 01:32:40.057985    9595 watch.go:40] Failed to load config from "/home/user/studio/dataconnect": could not find dataconnect.yaml in `/home/user/studio/dataconnect`
 {"metadata":{"emulator":{"name":"dataconnect"},"message":"E0227 01:32:40.057985    9595 watch.go:40] Failed to load config from \"/home/user/studio/dataconnect\": could not find dataconnect.yaml in `/home/user/studio/dataconnect`\n"}}
[debug] [2026-02-27T01:32:50.065Z] E0227 01:32:50.064996    9595 watch.go:40] Failed to load config from "/home/user/studio/dataconnect": could not find dataconnect.yaml in `/home/user/studio/dataconnect`
 {"metadata":{"emulator":{"name":"dataconnect"},"message":"E0227 01:32:50.064996    9595 watch.go:40] Failed to load config from \"/home/user/studio/dataconnect\": could not find dataconnect.yaml in `/home/user/studio/dataconnect`\n"}}
[debug] [2026-02-27T01:33:00.065Z] E0227 01:33:00.065131    9595 watch.go:40] Failed to load config from "/home/user/studio/dataconnect": could not find dataconnect.yaml in `/home/user/studio/dataconnect`
 {"metadata":{"emulator":{"name":"dataconnect"},"message":"E0227 01:33:00.065131    9595 watch.go:40] Failed to load config from \"/home/user/studio/dataconnect\": could not find dataconnect.yaml in `/home/user/studio/dataconnect`\n"}}
[debug] [2026-02-27T01:33:10.058Z] E0227 01:33:10.056145    9595 watch.go:116] watchAllDir unable to walk dir `/home/user/studio/dataconnect`: lstat /home/user/studio/dataconnect: no such file or directory
E0227 01:33:10.056481    9595 watch.go:40] Failed to load config from "/home/user/studio/dataconnect": could not find dataconnect.yaml in `/home/user/studio/dataconnect`
 {"metadata":{"emulator":{"name":"dataconnect"},"message":"E0227 01:33:10.056145    9595 watch.go:116] watchAllDir unable to walk dir `/home/user/studio/dataconnect`: lstat /home/user/studio/dataconnect: no such file or directory\nE0227 01:33:10.056481    9595 watch.go:40] Failed to load config from \"/home/user/studio/dataconnect\": could not find dataconnect.yaml in `/home/user/studio/dataconnect`\n"}}
[debug] [2026-02-27T01:33:20.067Z] E0227 01:33:20.064998    9595 watch.go:40] Failed to load config from "/home/user/studio/dataconnect": could not find dataconnect.yaml in `/home/user/studio/dataconnect`
 {"metadata":{"emulator":{"name":"dataconnect"},"message":"E0227 01:33:20.064998    9595 watch.go:40] Failed to load config from \"/home/user/studio/dataconnect\": could not find dataconnect.yaml in `/home/user/studio/dataconnect`\n"}}
[debug] [2026-02-27T01:33:30.066Z] E0227 01:33:30.065996    9595 watch.go:40] Failed to load config from "/home/user/studio/dataconnect": could not find dataconnect.yaml in `/home/user/studio/dataconnect`
 {"metadata":{"emulator":{"name":"dataconnect"},"message":"E0227 01:33:30.065996    9595 watch.go:40] Failed to load config from \"/home/user/studio/dataconnect\": could not find dataconnect.yaml in `/home/user/studio/dataconnect`\n"}}
[debug] [2026-02-27T01:33:40.057Z] E0227 01:33:40.056991    9595 watch.go:40] Failed to load config from "/home/user/studio/dataconnect": could not find dataconnect.yaml in `/home/user/studio/dataconnect`
 {"metadata":{"emulator":{"name":"dataconnect"},"message":"E0227 01:33:40.056991    9595 watch.go:40] Failed to load config from \"/home/user/studio/dataconnect\": could not find dataconnect.yaml in `/home/user/studio/dataconnect`\n"}}
[debug] [2026-02-27T01:33:50.069Z] E0227 01:33:50.068607    9595 watch.go:40] Failed to load config from "/home/user/studio/dataconnect": could not find dataconnect.yaml in `/home/user/studio/dataconnect`
 {"metadata":{"emulator":{"name":"dataconnect"},"message":"E0227 01:33:50.068607    9595 watch.go:40] Failed to load config from \"/home/user/studio/dataconnect\": could not find dataconnect.yaml in `/home/user/studio/dataconnect`\n"}}
[debug] [2026-02-27T01:34:00.065Z] E0227 01:34:00.063971    9595 watch.go:40] Failed to load config from "/home/user/studio/dataconnect": could not find dataconnect.yaml in `/home/user/studio/dataconnect`
 {"metadata":{"emulator":{"name":"dataconnect"},"message":"E0227 01:34:00.063971    9595 watch.go:40] Failed to load config from \"/home/user/studio/dataconnect\": could not find dataconnect.yaml in `/home/user/studio/dataconnect`\n"}}
[debug] [2026-02-27T01:34:10.058Z] E0227 01:34:10.056956    9595 watch.go:116] watchAllDir unable to walk dir `/home/user/studio/dataconnect`: lstat /home/user/studio/dataconnect: no such file or directory
E0227 01:34:10.057145    9595 watch.go:40] Failed to load config from "/home/user/studio/dataconnect": could not find dataconnect.yaml in `/home/user/studio/dataconnect`
 {"metadata":{"emulator":{"name":"dataconnect"},"message":"E0227 01:34:10.056956    9595 watch.go:116] watchAllDir unable to walk dir `/home/user/studio/dataconnect`: lstat /home/user/studio/dataconnect: no such file or directory\nE0227 01:34:10.057145    9595 watch.go:40] Failed to load config from \"/home/user/studio/dataconnect\": could not find dataconnect.yaml in `/home/user/studio/dataconnect`\n"}}
[debug] [2026-02-27T01:34:20.065Z] E0227 01:34:20.063978    9595 watch.go:40] Failed to load config from "/home/user/studio/dataconnect": could not find dataconnect.yaml in `/home/user/studio/dataconnect`
 {"metadata":{"emulator":{"name":"dataconnect"},"message":"E0227 01:34:20.063978    9595 watch.go:40] Failed to load config from \"/home/user/studio/dataconnect\": could not find dataconnect.yaml in `/home/user/studio/dataconnect`\n"}}
[debug] [2026-02-27T01:34:30.066Z] E0227 01:34:30.065002    9595 watch.go:40] Failed to load config from "/home/user/studio/dataconnect": could not find dataconnect.yaml in `/home/user/studio/dataconnect`
 {"metadata":{"emulator":{"name":"dataconnect"},"message":"E0227 01:34:30.065002    9595 watch.go:40] Failed to load config from \"/home/user/studio/dataconnect\": could not find dataconnect.yaml in `/home/user/studio/dataconnect`\n"}}
[debug] [2026-02-27T01:34:40.056Z] E0227 01:34:40.056222    9595 watch.go:40] Failed to load config from "/home/user/studio/dataconnect": could not find dataconnect.yaml in `/home/user/studio/dataconnect`
 {"metadata":{"emulator":{"name":"dataconnect"},"message":"E0227 01:34:40.056222    9595 watch.go:40] Failed to load config from \"/home/user/studio/dataconnect\": could not find dataconnect.yaml in `/home/user/studio/dataconnect`\n"}}
[debug] [2026-02-27T01:34:50.065Z] E0227 01:34:50.065018    9595 watch.go:40] Failed to load config from "/home/user/studio/dataconnect": could not find dataconnect.yaml in `/home/user/studio/dataconnect`
 {"metadata":{"emulator":{"name":"dataconnect"},"message":"E0227 01:34:50.065018    9595 watch.go:40] Failed to load config from \"/home/user/studio/dataconnect\": could not find dataconnect.yaml in `/home/user/studio/dataconnect`\n"}}
[debug] [2026-02-27T01:35:00.065Z] E0227 01:35:00.064971    9595 watch.go:40] Failed to load config from "/home/user/studio/dataconnect": could not find dataconnect.yaml in `/home/user/studio/dataconnect`
 {"metadata":{"emulator":{"name":"dataconnect"},"message":"E0227 01:35:00.064971    9595 watch.go:40] Failed to load config from \"/home/user/studio/dataconnect\": could not find dataconnect.yaml in `/home/user/studio/dataconnect`\n"}}
[debug] [2026-02-27T01:35:10.056Z] E0227 01:35:10.055568    9595 watch.go:116] watchAllDir unable to walk dir `/home/user/studio/dataconnect`: lstat /home/user/studio/dataconnect: no such file or directory
E0227 01:35:10.055743    9595 watch.go:40] Failed to load config from "/home/user/studio/dataconnect": could not find dataconnect.yaml in `/home/user/studio/dataconnect`
 {"metadata":{"emulator":{"name":"dataconnect"},"message":"E0227 01:35:10.055568    9595 watch.go:116] watchAllDir unable to walk dir `/home/user/studio/dataconnect`: lstat /home/user/studio/dataconnect: no such file or directory\nE0227 01:35:10.055743    9595 watch.go:40] Failed to load config from \"/home/user/studio/dataconnect\": could not find dataconnect.yaml in `/home/user/studio/dataconnect`\n"}}
[debug] [2026-02-27T01:35:20.065Z] E0227 01:35:20.064225    9595 watch.go:40] Failed to load config from "/home/user/studio/dataconnect": could not find dataconnect.yaml in `/home/user/studio/dataconnect`
 {"metadata":{"emulator":{"name":"dataconnect"},"message":"E0227 01:35:20.064225    9595 watch.go:40] Failed to load config from \"/home/user/studio/dataconnect\": could not find dataconnect.yaml in `/home/user/studio/dataconnect`\n"}}
[debug] [2026-02-27T01:35:30.108Z] E0227 01:35:30.065003    9595 watch.go:40] Failed to load config from "/home/user/studio/dataconnect": could not find dataconnect.yaml in `/home/user/studio/dataconnect`
 {"metadata":{"emulator":{"name":"dataconnect"},"message":"E0227 01:35:30.065003    9595 watch.go:40] Failed to load config from \"/home/user/studio/dataconnect\": could not find dataconnect.yaml in `/home/user/studio/dataconnect`\n"}}
[debug] [2026-02-27T01:35:40.056Z] E0227 01:35:40.056242    9595 watch.go:40] Failed to load config from "/home/user/studio/dataconnect": could not find dataconnect.yaml in `/home/user/studio/dataconnect`
 {"metadata":{"emulator":{"name":"dataconnect"},"message":"E0227 01:35:40.056242    9595 watch.go:40] Failed to load config from \"/home/user/studio/dataconnect\": could not find dataconnect.yaml in `/home/user/studio/dataconnect`\n"}}
[debug] [2026-02-27T01:35:50.326Z] E0227 01:35:50.305342    9595 watch.go:40] Failed to load config from "/home/user/studio/dataconnect": could not find dataconnect.yaml in `/home/user/studio/dataconnect`
 {"metadata":{"emulator":{"name":"dataconnect"},"message":"E0227 01:35:50.305342    9595 watch.go:40] Failed to load config from \"/home/user/studio/dataconnect\": could not find dataconnect.yaml in `/home/user/studio/dataconnect`\n"}}
[debug] [2026-02-27T01:36:00.112Z] E0227 01:36:00.065015    9595 watch.go:40] Failed to load config from "/home/user/studio/dataconnect": could not find dataconnect.yaml in `/home/user/studio/dataconnect`
 {"metadata":{"emulator":{"name":"dataconnect"},"message":"E0227 01:36:00.065015    9595 watch.go:40] Failed to load config from \"/home/user/studio/dataconnect\": could not find dataconnect.yaml in `/home/user/studio/dataconnect`\n"}}
[debug] [2026-02-27T01:36:10.288Z] E0227 01:36:10.253603    9595 watch.go:40] Failed to load config from "/home/user/studio/dataconnect": could not find dataconnect.yaml in `/home/user/studio/dataconnect`
 {"metadata":{"emulator":{"name":"dataconnect"},"message":"E0227 01:36:10.253603    9595 watch.go:40] Failed to load config from \"/home/user/studio/dataconnect\": could not find dataconnect.yaml in `/home/user/studio/dataconnect`\n"}}
[debug] [2026-02-27T01:36:10.341Z] E0227 01:36:10.085816    9595 watch.go:116] watchAllDir unable to walk dir `/home/user/studio/dataconnect`: lstat /home/user/studio/dataconnect: no such file or directory
 {"metadata":{"emulator":{"name":"dataconnect"},"message":"E0227 01:36:10.085816    9595 watch.go:116] watchAllDir unable to walk dir `/home/user/studio/dataconnect`: lstat /home/user/studio/dataconnect: no such file or directory\n"}}
[debug] [2026-02-27T01:36:20.345Z] E0227 01:36:20.279947    9595 watch.go:40] Failed to load config from "/home/user/studio/dataconnect": could not find dataconnect.yaml in `/home/user/studio/dataconnect`
 {"metadata":{"emulator":{"name":"dataconnect"},"message":"E0227 01:36:20.279947    9595 watch.go:40] Failed to load config from \"/home/user/studio/dataconnect\": could not find dataconnect.yaml in `/home/user/studio/dataconnect`\n"}}
[debug] [2026-02-27T01:36:30.647Z] E0227 01:36:30.566881    9595 watch.go:40] Failed to load config from "/home/user/studio/dataconnect": could not find dataconnect.yaml in `/home/user/studio/dataconnect`
 {"metadata":{"emulator":{"name":"dataconnect"},"message":"E0227 01:36:30.566881    9595 watch.go:40] Failed to load config from \"/home/user/studio/dataconnect\": could not find dataconnect.yaml in `/home/user/studio/dataconnect`\n"}}
[debug] [2026-02-27T01:36:40.692Z] E0227 01:36:40.560314    9595 watch.go:40] Failed to load config from "/home/user/studio/dataconnect": could not find dataconnect.yaml in `/home/user/studio/dataconnect`
 {"metadata":{"emulator":{"name":"dataconnect"},"message":"E0227 01:36:40.560314    9595 watch.go:40] Failed to load config from \"/home/user/studio/dataconnect\": could not find dataconnect.yaml in `/home/user/studio/dataconnect`\n"}}
[debug] [2026-02-27T01:36:50.446Z] E0227 01:36:50.374875    9595 watch.go:40] Failed to load config from "/home/user/studio/dataconnect": could not find dataconnect.yaml in `/home/user/studio/dataconnect`
 {"metadata":{"emulator":{"name":"dataconnect"},"message":"E0227 01:36:50.374875    9595 watch.go:40] Failed to load config from \"/home/user/studio/dataconnect\": could not find dataconnect.yaml in `/home/user/studio/dataconnect`\n"}}
[debug] [2026-02-27T01:37:00.085Z] E0227 01:37:00.066020    9595 watch.go:40] Failed to load config from "/home/user/studio/dataconnect": could not find dataconnect.yaml in `/home/user/studio/dataconnect`
 {"metadata":{"emulator":{"name":"dataconnect"},"message":"E0227 01:37:00.066020    9595 watch.go:40] Failed to load config from \"/home/user/studio/dataconnect\": could not find dataconnect.yaml in `/home/user/studio/dataconnect`\n"}}
[debug] [2026-02-27T01:37:10.252Z] E0227 01:37:10.229263    9595 watch.go:40] Failed to load config from "/home/user/studio/dataconnect": could not find dataconnect.yaml in `/home/user/studio/dataconnect`
 {"metadata":{"emulator":{"name":"dataconnect"},"message":"E0227 01:37:10.229263    9595 watch.go:40] Failed to load config from \"/home/user/studio/dataconnect\": could not find dataconnect.yaml in `/home/user/studio/dataconnect`\n"}}
[debug] [2026-02-27T01:37:10.383Z] E0227 01:37:10.057902    9595 watch.go:116] watchAllDir unable to walk dir `/home/user/studio/dataconnect`: lstat /home/user/studio/dataconnect: no such file or directory
 {"metadata":{"emulator":{"name":"dataconnect"},"message":"E0227 01:37:10.057902    9595 watch.go:116] watchAllDir unable to walk dir `/home/user/studio/dataconnect`: lstat /home/user/studio/dataconnect: no such file or directory\n"}}
[debug] [2026-02-27T01:37:20.060Z] E0227 01:37:20.055599    9595 watch.go:40] Failed to load config from "/home/user/studio/dataconnect": could not find dataconnect.yaml in `/home/user/studio/dataconnect`
 {"metadata":{"emulator":{"name":"dataconnect"},"message":"E0227 01:37:20.055599    9595 watch.go:40] Failed to load config from \"/home/user/studio/dataconnect\": could not find dataconnect.yaml in `/home/user/studio/dataconnect`\n"}}
[debug] [2026-02-27T01:37:30.087Z] E0227 01:37:30.065045    9595 watch.go:40] Failed to load config from "/home/user/studio/dataconnect": could not find dataconnect.yaml in `/home/user/studio/dataconnect`
 {"metadata":{"emulator":{"name":"dataconnect"},"message":"E0227 01:37:30.065045    9595 watch.go:40] Failed to load config from \"/home/user/studio/dataconnect\": could not find dataconnect.yaml in `/home/user/studio/dataconnect`\n"}}
[debug] [2026-02-27T01:37:40.056Z] E0227 01:37:40.056186    9595 watch.go:40] Failed to load config from "/home/user/studio/dataconnect": could not find dataconnect.yaml in `/home/user/studio/dataconnect`
 {"metadata":{"emulator":{"name":"dataconnect"},"message":"E0227 01:37:40.056186    9595 watch.go:40] Failed to load config from \"/home/user/studio/dataconnect\": could not find dataconnect.yaml in `/home/user/studio/dataconnect`\n"}}
[debug] [2026-02-27T01:37:50.065Z] E0227 01:37:50.064989    9595 watch.go:40] Failed to load config from "/home/user/studio/dataconnect": could not find dataconnect.yaml in `/home/user/studio/dataconnect`
 {"metadata":{"emulator":{"name":"dataconnect"},"message":"E0227 01:37:50.064989    9595 watch.go:40] Failed to load config from \"/home/user/studio/dataconnect\": could not find dataconnect.yaml in `/home/user/studio/dataconnect`\n"}}
[debug] [2026-02-27T01:38:00.068Z] E0227 01:38:00.065620    9595 watch.go:40] Failed to load config from "/home/user/studio/dataconnect": could not find dataconnect.yaml in `/home/user/studio/dataconnect`
 {"metadata":{"emulator":{"name":"dataconnect"},"message":"E0227 01:38:00.065620    9595 watch.go:40] Failed to load config from \"/home/user/studio/dataconnect\": could not find dataconnect.yaml in `/home/user/studio/dataconnect`\n"}}
[debug] [2026-02-27T01:38:10.055Z] E0227 01:38:10.055507    9595 watch.go:116] watchAllDir unable to walk dir `/home/user/studio/dataconnect`: lstat /home/user/studio/dataconnect: no such file or directory
E0227 01:38:10.055682    9595 watch.go:40] Failed to load config from "/home/user/studio/dataconnect": could not find dataconnect.yaml in `/home/user/studio/dataconnect`
 {"metadata":{"emulator":{"name":"dataconnect"},"message":"E0227 01:38:10.055507    9595 watch.go:116] watchAllDir unable to walk dir `/home/user/studio/dataconnect`: lstat /home/user/studio/dataconnect: no such file or directory\nE0227 01:38:10.055682    9595 watch.go:40] Failed to load config from \"/home/user/studio/dataconnect\": could not find dataconnect.yaml in `/home/user/studio/dataconnect`\n"}}
[debug] [2026-02-27T01:38:20.065Z] E0227 01:38:20.063972    9595 watch.go:40] Failed to load config from "/home/user/studio/dataconnect": could not find dataconnect.yaml in `/home/user/studio/dataconnect`
 {"metadata":{"emulator":{"name":"dataconnect"},"message":"E0227 01:38:20.063972    9595 watch.go:40] Failed to load config from \"/home/user/studio/dataconnect\": could not find dataconnect.yaml in `/home/user/studio/dataconnect`\n"}}
[debug] [2026-02-27T01:38:30.068Z] E0227 01:38:30.067978    9595 watch.go:40] Failed to load config from "/home/user/studio/dataconnect": could not find dataconnect.yaml in `/home/user/studio/dataconnect`
 {"metadata":{"emulator":{"name":"dataconnect"},"message":"E0227 01:38:30.067978    9595 watch.go:40] Failed to load config from \"/home/user/studio/dataconnect\": could not find dataconnect.yaml in `/home/user/studio/dataconnect`\n"}}
[debug] [2026-02-27T01:38:40.056Z] E0227 01:38:40.055560    9595 watch.go:40] Failed to load config from "/home/user/studio/dataconnect": could not find dataconnect.yaml in `/home/user/studio/dataconnect`
 {"metadata":{"emulator":{"name":"dataconnect"},"message":"E0227 01:38:40.055560    9595 watch.go:40] Failed to load config from \"/home/user/studio/dataconnect\": could not find dataconnect.yaml in `/home/user/studio/dataconnect`\n"}}
[debug] [2026-02-27T01:38:50.065Z] E0227 01:38:50.064014    9595 watch.go:40] Failed to load config from "/home/user/studio/dataconnect": could not find dataconnect.yaml in `/home/user/studio/dataconnect`
 {"metadata":{"emulator":{"name":"dataconnect"},"message":"E0227 01:38:50.064014    9595 watch.go:40] Failed to load config from \"/home/user/studio/dataconnect\": could not find dataconnect.yaml in `/home/user/studio/dataconnect`\n"}}
[debug] [2026-02-27T01:39:00.069Z] E0227 01:39:00.064994    9595 watch.go:40] Failed to load config from "/home/user/studio/dataconnect": could not find dataconnect.yaml in `/home/user/studio/dataconnect`
 {"metadata":{"emulator":{"name":"dataconnect"},"message":"E0227 01:39:00.064994    9595 watch.go:40] Failed to load config from \"/home/user/studio/dataconnect\": could not find dataconnect.yaml in `/home/user/studio/dataconnect`\n"}}
[debug] [2026-02-27T01:39:10.058Z] E0227 01:39:10.055463    9595 watch.go:116] watchAllDir unable to walk dir `/home/user/studio/dataconnect`: lstat /home/user/studio/dataconnect: no such file or directory
E0227 01:39:10.055604    9595 watch.go:40] Failed to load config from "/home/user/studio/dataconnect": could not find dataconnect.yaml in `/home/user/studio/dataconnect`
 {"metadata":{"emulator":{"name":"dataconnect"},"message":"E0227 01:39:10.055463    9595 watch.go:116] watchAllDir unable to walk dir `/home/user/studio/dataconnect`: lstat /home/user/studio/dataconnect: no such file or directory\nE0227 01:39:10.055604    9595 watch.go:40] Failed to load config from \"/home/user/studio/dataconnect\": could not find dataconnect.yaml in `/home/user/studio/dataconnect`\n"}}
[debug] [2026-02-27T01:39:20.056Z] E0227 01:39:20.055559    9595 watch.go:40] Failed to load config from "/home/user/studio/dataconnect": could not find dataconnect.yaml in `/home/user/studio/dataconnect`
 {"metadata":{"emulator":{"name":"dataconnect"},"message":"E0227 01:39:20.055559    9595 watch.go:40] Failed to load config from \"/home/user/studio/dataconnect\": could not find dataconnect.yaml in `/home/user/studio/dataconnect`\n"}}
[debug] [2026-02-27T01:39:30.057Z] E0227 01:39:30.055595    9595 watch.go:40] Failed to load config from "/home/user/studio/dataconnect": could not find dataconnect.yaml in `/home/user/studio/dataconnect`
 {"metadata":{"emulator":{"name":"dataconnect"},"message":"E0227 01:39:30.055595    9595 watch.go:40] Failed to load config from \"/home/user/studio/dataconnect\": could not find dataconnect.yaml in `/home/user/studio/dataconnect`\n"}}
[debug] [2026-02-27T01:39:40.058Z] E0227 01:39:40.055696    9595 watch.go:40] Failed to load config from "/home/user/studio/dataconnect": could not find dataconnect.yaml in `/home/user/studio/dataconnect`
 {"metadata":{"emulator":{"name":"dataconnect"},"message":"E0227 01:39:40.055696    9595 watch.go:40] Failed to load config from \"/home/user/studio/dataconnect\": could not find dataconnect.yaml in `/home/user/studio/dataconnect`\n"}}
[debug] [2026-02-27T01:39:50.067Z] E0227 01:39:50.063991    9595 watch.go:40] Failed to load config from "/home/user/studio/dataconnect": could not find dataconnect.yaml in `/home/user/studio/dataconnect`
 {"metadata":{"emulator":{"name":"dataconnect"},"message":"E0227 01:39:50.063991    9595 watch.go:40] Failed to load config from \"/home/user/studio/dataconnect\": could not find dataconnect.yaml in `/home/user/studio/dataconnect`\n"}}
[debug] [2026-02-27T01:40:00.065Z] E0227 01:40:00.064978    9595 watch.go:40] Failed to load config from "/home/user/studio/dataconnect": could not find dataconnect.yaml in `/home/user/studio/dataconnect`
 {"metadata":{"emulator":{"name":"dataconnect"},"message":"E0227 01:40:00.064978    9595 watch.go:40] Failed to load config from \"/home/user/studio/dataconnect\": could not find dataconnect.yaml in `/home/user/studio/dataconnect`\n"}}
[debug] [2026-02-27T01:40:10.058Z] E0227 01:40:10.057927    9595 watch.go:40] Failed to load config from "/home/user/studio/dataconnect": could not find dataconnect.yaml in `/home/user/studio/dataconnect`
 {"metadata":{"emulator":{"name":"dataconnect"},"message":"E0227 01:40:10.057927    9595 watch.go:40] Failed to load config from \"/home/user/studio/dataconnect\": could not find dataconnect.yaml in `/home/user/studio/dataconnect`\n"}}
[debug] [2026-02-27T01:40:10.171Z] E0227 01:40:10.055422    9595 watch.go:116] watchAllDir unable to walk dir `/home/user/studio/dataconnect`: lstat /home/user/studio/dataconnect: no such file or directory
 {"metadata":{"emulator":{"name":"dataconnect"},"message":"E0227 01:40:10.055422    9595 watch.go:116] watchAllDir unable to walk dir `/home/user/studio/dataconnect`: lstat /home/user/studio/dataconnect: no such file or directory\n"}}
[debug] [2026-02-27T01:40:20.066Z] E0227 01:40:20.065165    9595 watch.go:40] Failed to load config from "/home/user/studio/dataconnect": could not find dataconnect.yaml in `/home/user/studio/dataconnect`
 {"metadata":{"emulator":{"name":"dataconnect"},"message":"E0227 01:40:20.065165    9595 watch.go:40] Failed to load config from \"/home/user/studio/dataconnect\": could not find dataconnect.yaml in `/home/user/studio/dataconnect`\n"}}
[debug] [2026-02-27T01:40:30.065Z] E0227 01:40:30.064959    9595 watch.go:40] Failed to load config from "/home/user/studio/dataconnect": could not find dataconnect.yaml in `/home/user/studio/dataconnect`
 {"metadata":{"emulator":{"name":"dataconnect"},"message":"E0227 01:40:30.064959    9595 watch.go:40] Failed to load config from \"/home/user/studio/dataconnect\": could not find dataconnect.yaml in `/home/user/studio/dataconnect`\n"}}
[debug] [2026-02-27T01:40:40.076Z] E0227 01:40:40.056982    9595 watch.go:40] Failed to load config from "/home/user/studio/dataconnect": could not find dataconnect.yaml in `/home/user/studio/dataconnect`
 {"metadata":{"emulator":{"name":"dataconnect"},"message":"E0227 01:40:40.056982    9595 watch.go:40] Failed to load config from \"/home/user/studio/dataconnect\": could not find dataconnect.yaml in `/home/user/studio/dataconnect`\n"}}
[debug] [2026-02-27T01:40:50.100Z] E0227 01:40:50.064985    9595 watch.go:40] Failed to load config from "/home/user/studio/dataconnect": could not find dataconnect.yaml in `/home/user/studio/dataconnect`
 {"metadata":{"emulator":{"name":"dataconnect"},"message":"E0227 01:40:50.064985    9595 watch.go:40] Failed to load config from \"/home/user/studio/dataconnect\": could not find dataconnect.yaml in `/home/user/studio/dataconnect`\n"}}
[debug] [2026-02-27T01:41:00.068Z] E0227 01:41:00.066041    9595 watch.go:40] Failed to load config from "/home/user/studio/dataconnect": could not find dataconnect.yaml in `/home/user/studio/dataconnect`
 {"metadata":{"emulator":{"name":"dataconnect"},"message":"E0227 01:41:00.066041    9595 watch.go:40] Failed to load config from \"/home/user/studio/dataconnect\": could not find dataconnect.yaml in `/home/user/studio/dataconnect`\n"}}
[debug] [2026-02-27T01:41:10.058Z] E0227 01:41:10.057932    9595 watch.go:116] watchAllDir unable to walk dir `/home/user/studio/dataconnect`: lstat /home/user/studio/dataconnect: no such file or directory
 {"metadata":{"emulator":{"name":"dataconnect"},"message":"E0227 01:41:10.057932    9595 watch.go:116] watchAllDir unable to walk dir `/home/user/studio/dataconnect`: lstat /home/user/studio/dataconnect: no such file or directory\n"}}
[debug] [2026-02-27T01:41:10.161Z] E0227 01:41:10.103530    9595 watch.go:40] Failed to load config from "/home/user/studio/dataconnect": could not find dataconnect.yaml in `/home/user/studio/dataconnect`
 {"metadata":{"emulator":{"name":"dataconnect"},"message":"E0227 01:41:10.103530    9595 watch.go:40] Failed to load config from \"/home/user/studio/dataconnect\": could not find dataconnect.yaml in `/home/user/studio/dataconnect`\n"}}
[debug] [2026-02-27T01:41:20.065Z] E0227 01:41:20.064991    9595 watch.go:40] Failed to load config from "/home/user/studio/dataconnect": could not find dataconnect.yaml in `/home/user/studio/dataconnect`
 {"metadata":{"emulator":{"name":"dataconnect"},"message":"E0227 01:41:20.064991    9595 watch.go:40] Failed to load config from \"/home/user/studio/dataconnect\": could not find dataconnect.yaml in `/home/user/studio/dataconnect`\n"}}
[debug] [2026-02-27T01:41:30.071Z] E0227 01:41:30.069015    9595 watch.go:40] Failed to load config from "/home/user/studio/dataconnect": could not find dataconnect.yaml in `/home/user/studio/dataconnect`
 {"metadata":{"emulator":{"name":"dataconnect"},"message":"E0227 01:41:30.069015    9595 watch.go:40] Failed to load config from \"/home/user/studio/dataconnect\": could not find dataconnect.yaml in `/home/user/studio/dataconnect`\n"}}
[debug] [2026-02-27T01:41:40.059Z] E0227 01:41:40.056173    9595 watch.go:40] Failed to load config from "/home/user/studio/dataconnect": could not find dataconnect.yaml in `/home/user/studio/dataconnect`
 {"metadata":{"emulator":{"name":"dataconnect"},"message":"E0227 01:41:40.056173    9595 watch.go:40] Failed to load config from \"/home/user/studio/dataconnect\": could not find dataconnect.yaml in `/home/user/studio/dataconnect`\n"}}
[debug] [2026-02-27T01:41:50.066Z] E0227 01:41:50.065959    9595 watch.go:40] Failed to load config from "/home/user/studio/dataconnect": could not find dataconnect.yaml in `/home/user/studio/dataconnect`
 {"metadata":{"emulator":{"name":"dataconnect"},"message":"E0227 01:41:50.065959    9595 watch.go:40] Failed to load config from \"/home/user/studio/dataconnect\": could not find dataconnect.yaml in `/home/user/studio/dataconnect`\n"}}
[debug] [2026-02-27T01:42:00.101Z] E0227 01:42:00.065051    9595 watch.go:40] Failed to load config from "/home/user/studio/dataconnect": could not find dataconnect.yaml in `/home/user/studio/dataconnect`
 {"metadata":{"emulator":{"name":"dataconnect"},"message":"E0227 01:42:00.065051    9595 watch.go:40] Failed to load config from \"/home/user/studio/dataconnect\": could not find dataconnect.yaml in `/home/user/studio/dataconnect`\n"}}
[debug] [2026-02-27T01:42:10.097Z] E0227 01:42:10.056460    9595 watch.go:40] Failed to load config from "/home/user/studio/dataconnect": could not find dataconnect.yaml in `/home/user/studio/dataconnect`
 {"metadata":{"emulator":{"name":"dataconnect"},"message":"E0227 01:42:10.056460    9595 watch.go:40] Failed to load config from \"/home/user/studio/dataconnect\": could not find dataconnect.yaml in `/home/user/studio/dataconnect`\n"}}
[debug] [2026-02-27T01:42:10.342Z] E0227 01:42:10.056173    9595 watch.go:116] watchAllDir unable to walk dir `/home/user/studio/dataconnect`: lstat /home/user/studio/dataconnect: no such file or directory
 {"metadata":{"emulator":{"name":"dataconnect"},"message":"E0227 01:42:10.056173    9595 watch.go:116] watchAllDir unable to walk dir `/home/user/studio/dataconnect`: lstat /home/user/studio/dataconnect: no such file or directory\n"}}
[debug] [2026-02-27T01:42:20.096Z] E0227 01:42:20.088400    9595 watch.go:40] Failed to load config from "/home/user/studio/dataconnect": could not find dataconnect.yaml in `/home/user/studio/dataconnect`
 {"metadata":{"emulator":{"name":"dataconnect"},"message":"E0227 01:42:20.088400    9595 watch.go:40] Failed to load config from \"/home/user/studio/dataconnect\": could not find dataconnect.yaml in `/home/user/studio/dataconnect`\n"}}
[debug] [2026-02-27T01:42:30.411Z] E0227 01:42:30.243137    9595 watch.go:40] Failed to load config from "/home/user/studio/dataconnect": could not find dataconnect.yaml in `/home/user/studio/dataconnect`
 {"metadata":{"emulator":{"name":"dataconnect"},"message":"E0227 01:42:30.243137    9595 watch.go:40] Failed to load config from \"/home/user/studio/dataconnect\": could not find dataconnect.yaml in `/home/user/studio/dataconnect`\n"}}
[debug] [2026-02-27T01:42:40.110Z] E0227 01:42:40.073491    9595 watch.go:40] Failed to load config from "/home/user/studio/dataconnect": could not find dataconnect.yaml in `/home/user/studio/dataconnect`
 {"metadata":{"emulator":{"name":"dataconnect"},"message":"E0227 01:42:40.073491    9595 watch.go:40] Failed to load config from \"/home/user/studio/dataconnect\": could not find dataconnect.yaml in `/home/user/studio/dataconnect`\n"}}
[debug] [2026-02-27T01:42:50.066Z] E0227 01:42:50.066003    9595 watch.go:40] Failed to load config from "/home/user/studio/dataconnect": could not find dataconnect.yaml in `/home/user/studio/dataconnect`
 {"metadata":{"emulator":{"name":"dataconnect"},"message":"E0227 01:42:50.066003    9595 watch.go:40] Failed to load config from \"/home/user/studio/dataconnect\": could not find dataconnect.yaml in `/home/user/studio/dataconnect`\n"}}
[debug] [2026-02-27T01:43:00.068Z] E0227 01:43:00.068074    9595 watch.go:40] Failed to load config from "/home/user/studio/dataconnect": could not find dataconnect.yaml in `/home/user/studio/dataconnect`
 {"metadata":{"emulator":{"name":"dataconnect"},"message":"E0227 01:43:00.068074    9595 watch.go:40] Failed to load config from \"/home/user/studio/dataconnect\": could not find dataconnect.yaml in `/home/user/studio/dataconnect`\n"}}
[debug] [2026-02-27T01:43:10.218Z] E0227 01:43:10.215126    9595 watch.go:40] Failed to load config from "/home/user/studio/dataconnect": could not find dataconnect.yaml in `/home/user/studio/dataconnect`
 {"metadata":{"emulator":{"name":"dataconnect"},"message":"E0227 01:43:10.215126    9595 watch.go:40] Failed to load config from \"/home/user/studio/dataconnect\": could not find dataconnect.yaml in `/home/user/studio/dataconnect`\n"}}
[debug] [2026-02-27T01:43:10.441Z] E0227 01:43:10.215239    9595 watch.go:116] watchAllDir unable to walk dir `/home/user/studio/dataconnect`: lstat /home/user/studio/dataconnect: no such file or directory
 {"metadata":{"emulator":{"name":"dataconnect"},"message":"E0227 01:43:10.215239    9595 watch.go:116] watchAllDir unable to walk dir `/home/user/studio/dataconnect`: lstat /home/user/studio/dataconnect: no such file or directory\n"}}
[debug] [2026-02-27T01:43:20.135Z] E0227 01:43:20.128634    9595 watch.go:40] Failed to load config from "/home/user/studio/dataconnect": could not find dataconnect.yaml in `/home/user/studio/dataconnect`
 {"metadata":{"emulator":{"name":"dataconnect"},"message":"E0227 01:43:20.128634    9595 watch.go:40] Failed to load config from \"/home/user/studio/dataconnect\": could not find dataconnect.yaml in `/home/user/studio/dataconnect`\n"}}
[debug] [2026-02-27T01:43:30.796Z] E0227 01:43:30.621069    9595 watch.go:40] Failed to load config from "/home/user/studio/dataconnect": could not find dataconnect.yaml in `/home/user/studio/dataconnect`
 {"metadata":{"emulator":{"name":"dataconnect"},"message":"E0227 01:43:30.621069    9595 watch.go:40] Failed to load config from \"/home/user/studio/dataconnect\": could not find dataconnect.yaml in `/home/user/studio/dataconnect`\n"}}
[debug] [2026-02-27T01:43:40.401Z] E0227 01:43:40.336843    9595 watch.go:40] Failed to load config from "/home/user/studio/dataconnect": could not find dataconnect.yaml in `/home/user/studio/dataconnect`
 {"metadata":{"emulator":{"name":"dataconnect"},"message":"E0227 01:43:40.336843    9595 watch.go:40] Failed to load config from \"/home/user/studio/dataconnect\": could not find dataconnect.yaml in `/home/user/studio/dataconnect`\n"}}
[debug] [2026-02-27T04:39:33.377Z] [Firebase Plugin] Activating Firebase extension.
[debug] [2026-02-27T04:40:35.950Z] [Firebase Plugin] requireAuthWrapper
[debug] [2026-02-27T04:40:35.953Z] > command requires scopes: ["email","openid","https://www.googleapis.com/auth/cloudplatformprojects.readonly","https://www.googleapis.com/auth/firebase","https://www.googleapis.com/auth/cloud-platform","https://www.googleapis.com/auth/userinfo.email"]
[debug] [2026-02-27T04:40:35.954Z] > authorizing via signed-in user (joshfox1987@gmail.com)
[debug] [2026-02-27T04:40:35.963Z] Checked if tokens are valid: false, expires at: 1772167864419
[debug] [2026-02-27T04:40:35.964Z] Checked if tokens are valid: false, expires at: 1772167864419
[debug] [2026-02-27T04:40:35.965Z] > refreshing access token with scopes: []
[debug] [2026-02-27T04:40:35.970Z] >>> [apiv2][query] POST https://www.googleapis.com/oauth2/v3/token [none]
[debug] [2026-02-27T04:40:35.971Z] >>> [apiv2][body] POST https://www.googleapis.com/oauth2/v3/token [omitted]
[debug] [2026-02-27T04:40:36.104Z] [Firebase Plugin] VSCode notification server listening on port 40001
[debug] [2026-02-27T04:40:36.554Z] <<< [apiv2][status] POST https://www.googleapis.com/oauth2/v3/token 200
[debug] [2026-02-27T04:40:36.559Z] <<< [apiv2][body] POST https://www.googleapis.com/oauth2/v3/token [omitted]
[debug] [2026-02-27T04:40:36.588Z] [Firebase Plugin] User found:  joshfox1987@gmail.com
[info] [Firebase Plugin] (Core:Project) New user detected, fetching projects
[debug] [2026-02-27T04:40:36.594Z] Checked if tokens are valid: true, expires at: 1772170835560
[debug] [2026-02-27T04:40:36.598Z] >>> [apiv2][query] GET https://firebase.googleapis.com/v1beta1/projects pageSize=1000
[debug] [2026-02-27T04:40:37.344Z] <<< [apiv2][status] GET https://firebase.googleapis.com/v1beta1/projects 200
[debug] [2026-02-27T04:40:37.361Z] <<< [apiv2][body] GET https://firebase.googleapis.com/v1beta1/projects [omitted]
[info] [Firebase Plugin] Starting Data Connect toolkit (version 3.1.4) on port 50001
[debug] [2026-02-27T04:40:42.803Z] 'fdc build' failed with error: Unable to build your Data Connect schema and connectors (exit code 1): E0227 04:40:42.795870     927 cmd.go:43] Error loading data connect config: could not find dataconnect.yaml in `/home/user/studio/dataconnect`
 {"metadata":{"emulator":{"name":"dataconnect"},"message":"'fdc build' failed with error: Unable to build your Data Connect schema and connectors (exit code 1): E0227 04:40:42.795870     927 cmd.go:43] Error loading data connect config: could not find dataconnect.yaml in `/home/user/studio/dataconnect`\n"}}
[debug] [2026-02-27T04:40:42.806Z] Ignoring unsupported arg: auto_download {"metadata":{"emulator":{"name":"dataconnect"},"message":"Ignoring unsupported arg: auto_download"}}
[debug] [2026-02-27T04:40:42.807Z] Ignoring unsupported arg: port {"metadata":{"emulator":{"name":"dataconnect"},"message":"Ignoring unsupported arg: port"}}
[debug] [2026-02-27T04:40:42.807Z] Starting Data Connect Emulator with command {"binary":"/home/user/.cache/firebase/emulators/dataconnect-emulator-3.1.4","args":["--logtostderr","-v=2","dev","--listen=localhost:50001","--config_dir=/home/user/studio/dataconnect","--enable_output_schema_extensions=true","--enable_output_generated_sdk=true"],"optionalArgs":["listen","config_dir","enable_output_schema_extensions","enable_output_generated_sdk"],"joinArgs":true,"shell":false,"port":9399} {"metadata":{"emulator":{"name":"dataconnect"},"message":"Starting Data Connect Emulator with command {\"binary\":\"/home/user/.cache/firebase/emulators/dataconnect-emulator-3.1.4\",\"args\":[\"--logtostderr\",\"-v=2\",\"dev\",\"--listen=localhost:50001\",\"--config_dir=/home/user/studio/dataconnect\",\"--enable_output_schema_extensions=true\",\"--enable_output_generated_sdk=true\"],\"optionalArgs\":[\"listen\",\"config_dir\",\"enable_output_schema_extensions\",\"enable_output_generated_sdk\"],\"joinArgs\":true,\"shell\":false,\"port\":9399}"}}
[info] i  dataconnect: Data Connect Emulator logging to dataconnect-debug.log {"metadata":{"emulator":{"name":"dataconnect"},"message":"Data Connect Emulator logging to dataconnect-debug.log"}}
[debug] [2026-02-27T04:40:43.226Z] E0227 04:40:42.916827     932 dev.go:83] Failed to load initial config from "/home/user/studio/dataconnect": could not find dataconnect.yaml in `/home/user/studio/dataconnect`
E0227 04:40:42.919173     932 watch.go:116] watchAllDir unable to walk dir `/home/user/studio/dataconnect`: lstat /home/user/studio/dataconnect: no such file or directory
I0227 04:40:42.953194     932 dev.go:104] Listening on address (HTTP + gRPC): 127.0.0.1:50001
 {"metadata":{"emulator":{"name":"dataconnect"},"message":"E0227 04:40:42.916827     932 dev.go:83] Failed to load initial config from \"/home/user/studio/dataconnect\": could not find dataconnect.yaml in `/home/user/studio/dataconnect`\nE0227 04:40:42.919173     932 watch.go:116] watchAllDir unable to walk dir `/home/user/studio/dataconnect`: lstat /home/user/studio/dataconnect: no such file or directory\nI0227 04:40:42.953194     932 dev.go:104] Listening on address (HTTP + gRPC): 127.0.0.1:50001\n"}}
[error] [Firebase Plugin] error:  {}
[debug] [2026-02-27T04:40:52.932Z] E0227 04:40:52.927045     932 watch.go:40] Failed to load config from "/home/user/studio/dataconnect": could not find dataconnect.yaml in `/home/user/studio/dataconnect`
 {"metadata":{"emulator":{"name":"dataconnect"},"message":"E0227 04:40:52.927045     932 watch.go:40] Failed to load config from \"/home/user/studio/dataconnect\": could not find dataconnect.yaml in `/home/user/studio/dataconnect`\n"}}
[debug] [2026-02-27T04:41:02.929Z] E0227 04:41:02.929003     932 watch.go:40] Failed to load config from "/home/user/studio/dataconnect": could not find dataconnect.yaml in `/home/user/studio/dataconnect`
 {"metadata":{"emulator":{"name":"dataconnect"},"message":"E0227 04:41:02.929003     932 watch.go:40] Failed to load config from \"/home/user/studio/dataconnect\": could not find dataconnect.yaml in `/home/user/studio/dataconnect`\n"}}
[debug] [2026-02-27T04:41:12.921Z] E0227 04:41:12.920141     932 watch.go:40] Failed to load config from "/home/user/studio/dataconnect": could not find dataconnect.yaml in `/home/user/studio/dataconnect`
 {"metadata":{"emulator":{"name":"dataconnect"},"message":"E0227 04:41:12.920141     932 watch.go:40] Failed to load config from \"/home/user/studio/dataconnect\": could not find dataconnect.yaml in `/home/user/studio/dataconnect`\n"}}
[debug] [2026-02-27T04:41:22.929Z] E0227 04:41:22.929109     932 watch.go:40] Failed to load config from "/home/user/studio/dataconnect": could not find dataconnect.yaml in `/home/user/studio/dataconnect`
 {"metadata":{"emulator":{"name":"dataconnect"},"message":"E0227 04:41:22.929109     932 watch.go:40] Failed to load config from \"/home/user/studio/dataconnect\": could not find dataconnect.yaml in `/home/user/studio/dataconnect`\n"}}
[debug] [2026-02-27T04:41:32.929Z] E0227 04:41:32.929224     932 watch.go:40] Failed to load config from "/home/user/studio/dataconnect": could not find dataconnect.yaml in `/home/user/studio/dataconnect`
 {"metadata":{"emulator":{"name":"dataconnect"},"message":"E0227 04:41:32.929224     932 watch.go:40] Failed to load config from \"/home/user/studio/dataconnect\": could not find dataconnect.yaml in `/home/user/studio/dataconnect`\n"}}
[debug] [2026-02-27T04:41:42.920Z] E0227 04:41:42.920080     932 watch.go:116] watchAllDir unable to walk dir `/home/user/studio/dataconnect`: lstat /home/user/studio/dataconnect: no such file or directory
E0227 04:41:42.920173     932 watch.go:40] Failed to load config from "/home/user/studio/dataconnect": could not find dataconnect.yaml in `/home/user/studio/dataconnect`
 {"metadata":{"emulator":{"name":"dataconnect"},"message":"E0227 04:41:42.920080     932 watch.go:116] watchAllDir unable to walk dir `/home/user/studio/dataconnect`: lstat /home/user/studio/dataconnect: no such file or directory\nE0227 04:41:42.920173     932 watch.go:40] Failed to load config from \"/home/user/studio/dataconnect\": could not find dataconnect.yaml in `/home/user/studio/dataconnect`\n"}}
[debug] [2026-02-27T04:41:52.957Z] E0227 04:41:52.928943     932 watch.go:40] Failed to load config from "/home/user/studio/dataconnect": could not find dataconnect.yaml in `/home/user/studio/dataconnect`
 {"metadata":{"emulator":{"name":"dataconnect"},"message":"E0227 04:41:52.928943     932 watch.go:40] Failed to load config from \"/home/user/studio/dataconnect\": could not find dataconnect.yaml in `/home/user/studio/dataconnect`\n"}}
[debug] [2026-02-27T04:42:02.951Z] E0227 04:42:02.928926     932 watch.go:40] Failed to load config from "/home/user/studio/dataconnect": could not find dataconnect.yaml in `/home/user/studio/dataconnect`
 {"metadata":{"emulator":{"name":"dataconnect"},"message":"E0227 04:42:02.928926     932 watch.go:40] Failed to load config from \"/home/user/studio/dataconnect\": could not find dataconnect.yaml in `/home/user/studio/dataconnect`\n"}}
[debug] [2026-02-27T04:42:12.965Z] E0227 04:42:12.920134     932 watch.go:40] Failed to load config from "/home/user/studio/dataconnect": could not find dataconnect.yaml in `/home/user/studio/dataconnect`
 {"metadata":{"emulator":{"name":"dataconnect"},"message":"E0227 04:42:12.920134     932 watch.go:40] Failed to load config from \"/home/user/studio/dataconnect\": could not find dataconnect.yaml in `/home/user/studio/dataconnect`\n"}}
[debug] [2026-02-27T04:42:22.965Z] E0227 04:42:22.927504     932 watch.go:40] Failed to load config from "/home/user/studio/dataconnect": could not find dataconnect.yaml in `/home/user/studio/dataconnect`
 {"metadata":{"emulator":{"name":"dataconnect"},"message":"E0227 04:42:22.927504     932 watch.go:40] Failed to load config from \"/home/user/studio/dataconnect\": could not find dataconnect.yaml in `/home/user/studio/dataconnect`\n"}}
[debug] [2026-02-27T04:42:32.928Z] E0227 04:42:32.927914     932 watch.go:40] Failed to load config from "/home/user/studio/dataconnect": could not find dataconnect.yaml in `/home/user/studio/dataconnect`
 {"metadata":{"emulator":{"name":"dataconnect"},"message":"E0227 04:42:32.927914     932 watch.go:40] Failed to load config from \"/home/user/studio/dataconnect\": could not find dataconnect.yaml in `/home/user/studio/dataconnect`\n"}}
[debug] [2026-02-27T04:42:42.920Z] E0227 04:42:42.920098     932 watch.go:116] watchAllDir unable to walk dir `/home/user/studio/dataconnect`: lstat /home/user/studio/dataconnect: no such file or directory
E0227 04:42:42.920243     932 watch.go:40] Failed to load config from "/home/user/studio/dataconnect": could not find dataconnect.yaml in `/home/user/studio/dataconnect`
 {"metadata":{"emulator":{"name":"dataconnect"},"message":"E0227 04:42:42.920098     932 watch.go:116] watchAllDir unable to walk dir `/home/user/studio/dataconnect`: lstat /home/user/studio/dataconnect: no such file or directory\nE0227 04:42:42.920243     932 watch.go:40] Failed to load config from \"/home/user/studio/dataconnect\": could not find dataconnect.yaml in `/home/user/studio/dataconnect`\n"}}
[debug] [2026-02-27T04:42:52.920Z] E0227 04:42:52.919518     932 watch.go:40] Failed to load config from "/home/user/studio/dataconnect": could not find dataconnect.yaml in `/home/user/studio/dataconnect`
 {"metadata":{"emulator":{"name":"dataconnect"},"message":"E0227 04:42:52.919518     932 watch.go:40] Failed to load config from \"/home/user/studio/dataconnect\": could not find dataconnect.yaml in `/home/user/studio/dataconnect`\n"}}
[debug] [2026-02-27T04:43:02.933Z] E0227 04:43:02.932948     932 watch.go:40] Failed to load config from "/home/user/studio/dataconnect": could not find dataconnect.yaml in `/home/user/studio/dataconnect`
 {"metadata":{"emulator":{"name":"dataconnect"},"message":"E0227 04:43:02.932948     932 watch.go:40] Failed to load config from \"/home/user/studio/dataconnect\": could not find dataconnect.yaml in `/home/user/studio/dataconnect`\n"}}
[debug] [2026-02-27T04:43:12.920Z] E0227 04:43:12.920138     932 watch.go:40] Failed to load config from "/home/user/studio/dataconnect": could not find dataconnect.yaml in `/home/user/studio/dataconnect`
 {"metadata":{"emulator":{"name":"dataconnect"},"message":"E0227 04:43:12.920138     932 watch.go:40] Failed to load config from \"/home/user/studio/dataconnect\": could not find dataconnect.yaml in `/home/user/studio/dataconnect`\n"}}
[debug] [2026-02-27T04:43:22.929Z] E0227 04:43:22.928938     932 watch.go:40] Failed to load config from "/home/user/studio/dataconnect": could not find dataconnect.yaml in `/home/user/studio/dataconnect`
 {"metadata":{"emulator":{"name":"dataconnect"},"message":"E0227 04:43:22.928938     932 watch.go:40] Failed to load config from \"/home/user/studio/dataconnect\": could not find dataconnect.yaml in `/home/user/studio/dataconnect`\n"}}
[debug] [2026-02-27T04:43:32.929Z] E0227 04:43:32.928936     932 watch.go:40] Failed to load config from "/home/user/studio/dataconnect": could not find dataconnect.yaml in `/home/user/studio/dataconnect`
 {"metadata":{"emulator":{"name":"dataconnect"},"message":"E0227 04:43:32.928936     932 watch.go:40] Failed to load config from \"/home/user/studio/dataconnect\": could not find dataconnect.yaml in `/home/user/studio/dataconnect`\n"}}
[debug] [2026-02-27T04:43:42.920Z] E0227 04:43:42.920071     932 watch.go:116] watchAllDir unable to walk dir `/home/user/studio/dataconnect`: lstat /home/user/studio/dataconnect: no such file or directory
 {"metadata":{"emulator":{"name":"dataconnect"},"message":"E0227 04:43:42.920071     932 watch.go:116] watchAllDir unable to walk dir `/home/user/studio/dataconnect`: lstat /home/user/studio/dataconnect: no such file or directory\n"}}
[debug] [2026-02-27T04:43:42.924Z] E0227 04:43:42.921414     932 watch.go:40] Failed to load config from "/home/user/studio/dataconnect": could not find dataconnect.yaml in `/home/user/studio/dataconnect`
 {"metadata":{"emulator":{"name":"dataconnect"},"message":"E0227 04:43:42.921414     932 watch.go:40] Failed to load config from \"/home/user/studio/dataconnect\": could not find dataconnect.yaml in `/home/user/studio/dataconnect`\n"}}
[debug] [2026-02-27T04:43:52.931Z] E0227 04:43:52.928917     932 watch.go:40] Failed to load config from "/home/user/studio/dataconnect": could not find dataconnect.yaml in `/home/user/studio/dataconnect`
 {"metadata":{"emulator":{"name":"dataconnect"},"message":"E0227 04:43:52.928917     932 watch.go:40] Failed to load config from \"/home/user/studio/dataconnect\": could not find dataconnect.yaml in `/home/user/studio/dataconnect`\n"}}
[debug] [2026-02-27T04:44:02.930Z] E0227 04:44:02.929130     932 watch.go:40] Failed to load config from "/home/user/studio/dataconnect": could not find dataconnect.yaml in `/home/user/studio/dataconnect`
 {"metadata":{"emulator":{"name":"dataconnect"},"message":"E0227 04:44:02.929130     932 watch.go:40] Failed to load config from \"/home/user/studio/dataconnect\": could not find dataconnect.yaml in `/home/user/studio/dataconnect`\n"}}
[debug] [2026-02-27T04:44:12.920Z] E0227 04:44:12.920114     932 watch.go:40] Failed to load config from "/home/user/studio/dataconnect": could not find dataconnect.yaml in `/home/user/studio/dataconnect`
 {"metadata":{"emulator":{"name":"dataconnect"},"message":"E0227 04:44:12.920114     932 watch.go:40] Failed to load config from \"/home/user/studio/dataconnect\": could not find dataconnect.yaml in `/home/user/studio/dataconnect`\n"}}
[debug] [2026-02-27T04:44:22.929Z] E0227 04:44:22.928938     932 watch.go:40] Failed to load config from "/home/user/studio/dataconnect": could not find dataconnect.yaml in `/home/user/studio/dataconnect`
 {"metadata":{"emulator":{"name":"dataconnect"},"message":"E0227 04:44:22.928938     932 watch.go:40] Failed to load config from \"/home/user/studio/dataconnect\": could not find dataconnect.yaml in `/home/user/studio/dataconnect`\n"}}
[debug] [2026-02-27T04:44:32.929Z] E0227 04:44:32.928913     932 watch.go:40] Failed to load config from "/home/user/studio/dataconnect": could not find dataconnect.yaml in `/home/user/studio/dataconnect`
 {"metadata":{"emulator":{"name":"dataconnect"},"message":"E0227 04:44:32.928913     932 watch.go:40] Failed to load config from \"/home/user/studio/dataconnect\": could not find dataconnect.yaml in `/home/user/studio/dataconnect`\n"}}
[debug] [2026-02-27T04:44:42.920Z] E0227 04:44:42.920115     932 watch.go:116] watchAllDir unable to walk dir `/home/user/studio/dataconnect`: lstat /home/user/studio/dataconnect: no such file or directory
E0227 04:44:42.920272     932 watch.go:40] Failed to load config from "/home/user/studio/dataconnect": could not find dataconnect.yaml in `/home/user/studio/dataconnect`
 {"metadata":{"emulator":{"name":"dataconnect"},"message":"E0227 04:44:42.920115     932 watch.go:116] watchAllDir unable to walk dir `/home/user/studio/dataconnect`: lstat /home/user/studio/dataconnect: no such file or directory\nE0227 04:44:42.920272     932 watch.go:40] Failed to load config from \"/home/user/studio/dataconnect\": could not find dataconnect.yaml in `/home/user/studio/dataconnect`\n"}}
[debug] [2026-02-27T04:44:52.932Z] E0227 04:44:52.927902     932 watch.go:40] Failed to load config from "/home/user/studio/dataconnect": could not find dataconnect.yaml in `/home/user/studio/dataconnect`
 {"metadata":{"emulator":{"name":"dataconnect"},"message":"E0227 04:44:52.927902     932 watch.go:40] Failed to load config from \"/home/user/studio/dataconnect\": could not find dataconnect.yaml in `/home/user/studio/dataconnect`\n"}}
[debug] [2026-02-27T04:45:02.920Z] E0227 04:45:02.919621     932 watch.go:40] Failed to load config from "/home/user/studio/dataconnect": could not find dataconnect.yaml in `/home/user/studio/dataconnect`
 {"metadata":{"emulator":{"name":"dataconnect"},"message":"E0227 04:45:02.919621     932 watch.go:40] Failed to load config from \"/home/user/studio/dataconnect\": could not find dataconnect.yaml in `/home/user/studio/dataconnect`\n"}}
[debug] [2026-02-27T04:45:12.921Z] E0227 04:45:12.920122     932 watch.go:40] Failed to load config from "/home/user/studio/dataconnect": could not find dataconnect.yaml in `/home/user/studio/dataconnect`
 {"metadata":{"emulator":{"name":"dataconnect"},"message":"E0227 04:45:12.920122     932 watch.go:40] Failed to load config from \"/home/user/studio/dataconnect\": could not find dataconnect.yaml in `/home/user/studio/dataconnect`\n"}}
[debug] [2026-02-27T04:45:22.929Z] E0227 04:45:22.928942     932 watch.go:40] Failed to load config from "/home/user/studio/dataconnect": could not find dataconnect.yaml in `/home/user/studio/dataconnect`
 {"metadata":{"emulator":{"name":"dataconnect"},"message":"E0227 04:45:22.928942     932 watch.go:40] Failed to load config from \"/home/user/studio/dataconnect\": could not find dataconnect.yaml in `/home/user/studio/dataconnect`\n"}}
[debug] [2026-02-27T04:45:32.929Z] E0227 04:45:32.928997     932 watch.go:40] Failed to load config from "/home/user/studio/dataconnect": could not find dataconnect.yaml in `/home/user/studio/dataconnect`
 {"metadata":{"emulator":{"name":"dataconnect"},"message":"E0227 04:45:32.928997     932 watch.go:40] Failed to load config from \"/home/user/studio/dataconnect\": could not find dataconnect.yaml in `/home/user/studio/dataconnect`\n"}}
[debug] [2026-02-27T04:45:42.921Z] E0227 04:45:42.920343     932 watch.go:116] watchAllDir unable to walk dir `/home/user/studio/dataconnect`: lstat /home/user/studio/dataconnect: no such file or directory
E0227 04:45:42.920521     932 watch.go:40] Failed to load config from "/home/user/studio/dataconnect": could not find dataconnect.yaml in `/home/user/studio/dataconnect`
 {"metadata":{"emulator":{"name":"dataconnect"},"message":"E0227 04:45:42.920343     932 watch.go:116] watchAllDir unable to walk dir `/home/user/studio/dataconnect`: lstat /home/user/studio/dataconnect: no such file or directory\nE0227 04:45:42.920521     932 watch.go:40] Failed to load config from \"/home/user/studio/dataconnect\": could not find dataconnect.yaml in `/home/user/studio/dataconnect`\n"}}
[debug] [2026-02-27T04:45:52.929Z] E0227 04:45:52.928901     932 watch.go:40] Failed to load config from "/home/user/studio/dataconnect": could not find dataconnect.yaml in `/home/user/studio/dataconnect`
 {"metadata":{"emulator":{"name":"dataconnect"},"message":"E0227 04:45:52.928901     932 watch.go:40] Failed to load config from \"/home/user/studio/dataconnect\": could not find dataconnect.yaml in `/home/user/studio/dataconnect`\n"}}
[debug] [2026-02-27T04:46:02.929Z] E0227 04:46:02.929656     932 watch.go:40] Failed to load config from "/home/user/studio/dataconnect": could not find dataconnect.yaml in `/home/user/studio/dataconnect`
 {"metadata":{"emulator":{"name":"dataconnect"},"message":"E0227 04:46:02.929656     932 watch.go:40] Failed to load config from \"/home/user/studio/dataconnect\": could not find dataconnect.yaml in `/home/user/studio/dataconnect`\n"}}
[debug] [2026-02-27T04:46:12.920Z] E0227 04:46:12.919957     932 watch.go:40] Failed to load config from "/home/user/studio/dataconnect": could not find dataconnect.yaml in `/home/user/studio/dataconnect`
 {"metadata":{"emulator":{"name":"dataconnect"},"message":"E0227 04:46:12.919957     932 watch.go:40] Failed to load config from \"/home/user/studio/dataconnect\": could not find dataconnect.yaml in `/home/user/studio/dataconnect`\n"}}
[debug] [2026-02-27T04:46:22.929Z] E0227 04:46:22.929024     932 watch.go:40] Failed to load config from "/home/user/studio/dataconnect": could not find dataconnect.yaml in `/home/user/studio/dataconnect`
 {"metadata":{"emulator":{"name":"dataconnect"},"message":"E0227 04:46:22.929024     932 watch.go:40] Failed to load config from \"/home/user/studio/dataconnect\": could not find dataconnect.yaml in `/home/user/studio/dataconnect`\n"}}
[debug] [2026-02-27T04:46:32.931Z] E0227 04:46:32.930910     932 watch.go:40] Failed to load config from "/home/user/studio/dataconnect": could not find dataconnect.yaml in `/home/user/studio/dataconnect`
 {"metadata":{"emulator":{"name":"dataconnect"},"message":"E0227 04:46:32.930910     932 watch.go:40] Failed to load config from \"/home/user/studio/dataconnect\": could not find dataconnect.yaml in `/home/user/studio/dataconnect`\n"}}
[debug] [2026-02-27T04:46:42.920Z] E0227 04:46:42.920080     932 watch.go:116] watchAllDir unable to walk dir `/home/user/studio/dataconnect`: lstat /home/user/studio/dataconnect: no such file or directory
E0227 04:46:42.920221     932 watch.go:40] Failed to load config from "/home/user/studio/dataconnect": could not find dataconnect.yaml in `/home/user/studio/dataconnect`
 {"metadata":{"emulator":{"name":"dataconnect"},"message":"E0227 04:46:42.920080     932 watch.go:116] watchAllDir unable to walk dir `/home/user/studio/dataconnect`: lstat /home/user/studio/dataconnect: no such file or directory\nE0227 04:46:42.920221     932 watch.go:40] Failed to load config from \"/home/user/studio/dataconnect\": could not find dataconnect.yaml in `/home/user/studio/dataconnect`\n"}}
[debug] [2026-02-27T04:46:52.929Z] E0227 04:46:52.928918     932 watch.go:40] Failed to load config from "/home/user/studio/dataconnect": could not find dataconnect.yaml in `/home/user/studio/dataconnect`
 {"metadata":{"emulator":{"name":"dataconnect"},"message":"E0227 04:46:52.928918     932 watch.go:40] Failed to load config from \"/home/user/studio/dataconnect\": could not find dataconnect.yaml in `/home/user/studio/dataconnect`\n"}}
[debug] [2026-02-27T04:47:02.931Z] E0227 04:47:02.927922     932 watch.go:40] Failed to load config from "/home/user/studio/dataconnect": could not find dataconnect.yaml in `/home/user/studio/dataconnect`
 {"metadata":{"emulator":{"name":"dataconnect"},"message":"E0227 04:47:02.927922     932 watch.go:40] Failed to load config from \"/home/user/studio/dataconnect\": could not find dataconnect.yaml in `/home/user/studio/dataconnect`\n"}}
[debug] [2026-02-27T04:47:12.919Z] E0227 04:47:12.919547     932 watch.go:40] Failed to load config from "/home/user/studio/dataconnect": could not find dataconnect.yaml in `/home/user/studio/dataconnect`
 {"metadata":{"emulator":{"name":"dataconnect"},"message":"E0227 04:47:12.919547     932 watch.go:40] Failed to load config from \"/home/user/studio/dataconnect\": could not find dataconnect.yaml in `/home/user/studio/dataconnect`\n"}}
[debug] [2026-02-27T04:47:22.929Z] E0227 04:47:22.928949     932 watch.go:40] Failed to load config from "/home/user/studio/dataconnect": could not find dataconnect.yaml in `/home/user/studio/dataconnect`
 {"metadata":{"emulator":{"name":"dataconnect"},"message":"E0227 04:47:22.928949     932 watch.go:40] Failed to load config from \"/home/user/studio/dataconnect\": could not find dataconnect.yaml in `/home/user/studio/dataconnect`\n"}}
[debug] [2026-02-27T04:47:32.929Z] E0227 04:47:32.928981     932 watch.go:40] Failed to load config from "/home/user/studio/dataconnect": could not find dataconnect.yaml in `/home/user/studio/dataconnect`
 {"metadata":{"emulator":{"name":"dataconnect"},"message":"E0227 04:47:32.928981     932 watch.go:40] Failed to load config from \"/home/user/studio/dataconnect\": could not find dataconnect.yaml in `/home/user/studio/dataconnect`\n"}}
[debug] [2026-02-27T04:47:42.920Z] E0227 04:47:42.920140     932 watch.go:40] Failed to load config from "/home/user/studio/dataconnect": could not find dataconnect.yaml in `/home/user/studio/dataconnect`
 {"metadata":{"emulator":{"name":"dataconnect"},"message":"E0227 04:47:42.920140     932 watch.go:40] Failed to load config from \"/home/user/studio/dataconnect\": could not find dataconnect.yaml in `/home/user/studio/dataconnect`\n"}}
[debug] [2026-02-27T04:47:42.930Z] E0227 04:47:42.920239     932 watch.go:116] watchAllDir unable to walk dir `/home/user/studio/dataconnect`: lstat /home/user/studio/dataconnect: no such file or directory
 {"metadata":{"emulator":{"name":"dataconnect"},"message":"E0227 04:47:42.920239     932 watch.go:116] watchAllDir unable to walk dir `/home/user/studio/dataconnect`: lstat /home/user/studio/dataconnect: no such file or directory\n"}}
[debug] [2026-02-27T04:47:52.931Z] E0227 04:47:52.930874     932 watch.go:40] Failed to load config from "/home/user/studio/dataconnect": could not find dataconnect.yaml in `/home/user/studio/dataconnect`
 {"metadata":{"emulator":{"name":"dataconnect"},"message":"E0227 04:47:52.930874     932 watch.go:40] Failed to load config from \"/home/user/studio/dataconnect\": could not find dataconnect.yaml in `/home/user/studio/dataconnect`\n"}}
[debug] [2026-02-27T04:48:02.929Z] E0227 04:48:02.928906     932 watch.go:40] Failed to load config from "/home/user/studio/dataconnect": could not find dataconnect.yaml in `/home/user/studio/dataconnect`
 {"metadata":{"emulator":{"name":"dataconnect"},"message":"E0227 04:48:02.928906     932 watch.go:40] Failed to load config from \"/home/user/studio/dataconnect\": could not find dataconnect.yaml in `/home/user/studio/dataconnect`\n"}}
[debug] [2026-02-27T04:48:12.920Z] E0227 04:48:12.920056     932 watch.go:40] Failed to load config from "/home/user/studio/dataconnect": could not find dataconnect.yaml in `/home/user/studio/dataconnect`
 {"metadata":{"emulator":{"name":"dataconnect"},"message":"E0227 04:48:12.920056     932 watch.go:40] Failed to load config from \"/home/user/studio/dataconnect\": could not find dataconnect.yaml in `/home/user/studio/dataconnect`\n"}}
[debug] [2026-02-27T04:48:22.928Z] E0227 04:48:22.927936     932 watch.go:40] Failed to load config from "/home/user/studio/dataconnect": could not find dataconnect.yaml in `/home/user/studio/dataconnect`
 {"metadata":{"emulator":{"name":"dataconnect"},"message":"E0227 04:48:22.927936     932 watch.go:40] Failed to load config from \"/home/user/studio/dataconnect\": could not find dataconnect.yaml in `/home/user/studio/dataconnect`\n"}}
[debug] [2026-02-27T04:48:32.929Z] E0227 04:48:32.928903     932 watch.go:40] Failed to load config from "/home/user/studio/dataconnect": could not find dataconnect.yaml in `/home/user/studio/dataconnect`
 {"metadata":{"emulator":{"name":"dataconnect"},"message":"E0227 04:48:32.928903     932 watch.go:40] Failed to load config from \"/home/user/studio/dataconnect\": could not find dataconnect.yaml in `/home/user/studio/dataconnect`\n"}}
[debug] [2026-02-27T04:48:42.920Z] E0227 04:48:42.920089     932 watch.go:116] watchAllDir unable to walk dir `/home/user/studio/dataconnect`: lstat /home/user/studio/dataconnect: no such file or directory
E0227 04:48:42.920209     932 watch.go:40] Failed to load config from "/home/user/studio/dataconnect": could not find dataconnect.yaml in `/home/user/studio/dataconnect`
 {"metadata":{"emulator":{"name":"dataconnect"},"message":"E0227 04:48:42.920089     932 watch.go:116] watchAllDir unable to walk dir `/home/user/studio/dataconnect`: lstat /home/user/studio/dataconnect: no such file or directory\nE0227 04:48:42.920209     932 watch.go:40] Failed to load config from \"/home/user/studio/dataconnect\": could not find dataconnect.yaml in `/home/user/studio/dataconnect`\n"}}
[debug] [2026-02-27T04:48:52.929Z] E0227 04:48:52.928916     932 watch.go:40] Failed to load config from "/home/user/studio/dataconnect": could not find dataconnect.yaml in `/home/user/studio/dataconnect`
 {"metadata":{"emulator":{"name":"dataconnect"},"message":"E0227 04:48:52.928916     932 watch.go:40] Failed to load config from \"/home/user/studio/dataconnect\": could not find dataconnect.yaml in `/home/user/studio/dataconnect`\n"}}
[debug] [2026-02-27T04:49:02.929Z] E0227 04:49:02.928964     932 watch.go:40] Failed to load config from "/home/user/studio/dataconnect": could not find dataconnect.yaml in `/home/user/studio/dataconnect`
 {"metadata":{"emulator":{"name":"dataconnect"},"message":"E0227 04:49:02.928964     932 watch.go:40] Failed to load config from \"/home/user/studio/dataconnect\": could not find dataconnect.yaml in `/home/user/studio/dataconnect`\n"}}
[debug] [2026-02-27T04:49:12.989Z] E0227 04:49:12.966933     932 watch.go:40] Failed to load config from "/home/user/studio/dataconnect": could not find dataconnect.yaml in `/home/user/studio/dataconnect`
 {"metadata":{"emulator":{"name":"dataconnect"},"message":"E0227 04:49:12.966933     932 watch.go:40] Failed to load config from \"/home/user/studio/dataconnect\": could not find dataconnect.yaml in `/home/user/studio/dataconnect`\n"}}
[debug] [2026-02-27T04:49:22.919Z] E0227 04:49:22.919680     932 watch.go:40] Failed to load config from "/home/user/studio/dataconnect": could not find dataconnect.yaml in `/home/user/studio/dataconnect`
 {"metadata":{"emulator":{"name":"dataconnect"},"message":"E0227 04:49:22.919680     932 watch.go:40] Failed to load config from \"/home/user/studio/dataconnect\": could not find dataconnect.yaml in `/home/user/studio/dataconnect`\n"}}
[debug] [2026-02-27T04:49:32.929Z] E0227 04:49:32.928933     932 watch.go:40] Failed to load config from "/home/user/studio/dataconnect": could not find dataconnect.yaml in `/home/user/studio/dataconnect`
 {"metadata":{"emulator":{"name":"dataconnect"},"message":"E0227 04:49:32.928933     932 watch.go:40] Failed to load config from \"/home/user/studio/dataconnect\": could not find dataconnect.yaml in `/home/user/studio/dataconnect`\n"}}
[debug] [2026-02-27T04:49:42.920Z] E0227 04:49:42.920440     932 watch.go:40] Failed to load config from "/home/user/studio/dataconnect": could not find dataconnect.yaml in `/home/user/studio/dataconnect`
 {"metadata":{"emulator":{"name":"dataconnect"},"message":"E0227 04:49:42.920440     932 watch.go:40] Failed to load config from \"/home/user/studio/dataconnect\": could not find dataconnect.yaml in `/home/user/studio/dataconnect`\n"}}
[debug] [2026-02-27T04:49:42.964Z] E0227 04:49:42.920106     932 watch.go:116] watchAllDir unable to walk dir `/home/user/studio/dataconnect`: lstat /home/user/studio/dataconnect: no such file or directory
 {"metadata":{"emulator":{"name":"dataconnect"},"message":"E0227 04:49:42.920106     932 watch.go:116] watchAllDir unable to walk dir `/home/user/studio/dataconnect`: lstat /home/user/studio/dataconnect: no such file or directory\n"}}
[debug] [2026-02-27T04:49:52.929Z] E0227 04:49:52.929723     932 watch.go:40] Failed to load config from "/home/user/studio/dataconnect": could not find dataconnect.yaml in `/home/user/studio/dataconnect`
 {"metadata":{"emulator":{"name":"dataconnect"},"message":"E0227 04:49:52.929723     932 watch.go:40] Failed to load config from \"/home/user/studio/dataconnect\": could not find dataconnect.yaml in `/home/user/studio/dataconnect`\n"}}
[debug] [2026-02-27T04:50:02.931Z] E0227 04:50:02.927918     932 watch.go:40] Failed to load config from "/home/user/studio/dataconnect": could not find dataconnect.yaml in `/home/user/studio/dataconnect`
 {"metadata":{"emulator":{"name":"dataconnect"},"message":"E0227 04:50:02.927918     932 watch.go:40] Failed to load config from \"/home/user/studio/dataconnect\": could not find dataconnect.yaml in `/home/user/studio/dataconnect`\n"}}
[debug] [2026-02-27T04:50:12.921Z] E0227 04:50:12.920897     932 watch.go:40] Failed to load config from "/home/user/studio/dataconnect": could not find dataconnect.yaml in `/home/user/studio/dataconnect`
 {"metadata":{"emulator":{"name":"dataconnect"},"message":"E0227 04:50:12.920897     932 watch.go:40] Failed to load config from \"/home/user/studio/dataconnect\": could not find dataconnect.yaml in `/home/user/studio/dataconnect`\n"}}
[debug] [2026-02-27T04:50:22.929Z] E0227 04:50:22.929787     932 watch.go:40] Failed to load config from "/home/user/studio/dataconnect": could not find dataconnect.yaml in `/home/user/studio/dataconnect`
 {"metadata":{"emulator":{"name":"dataconnect"},"message":"E0227 04:50:22.929787     932 watch.go:40] Failed to load config from \"/home/user/studio/dataconnect\": could not find dataconnect.yaml in `/home/user/studio/dataconnect`\n"}}
[debug] [2026-02-27T04:50:32.928Z] E0227 04:50:32.927986     932 watch.go:40] Failed to load config from "/home/user/studio/dataconnect": could not find dataconnect.yaml in `/home/user/studio/dataconnect`
 {"metadata":{"emulator":{"name":"dataconnect"},"message":"E0227 04:50:32.927986     932 watch.go:40] Failed to load config from \"/home/user/studio/dataconnect\": could not find dataconnect.yaml in `/home/user/studio/dataconnect`\n"}}
[debug] [2026-02-27T04:50:42.920Z] E0227 04:50:42.920284     932 watch.go:116] watchAllDir unable to walk dir `/home/user/studio/dataconnect`: lstat /home/user/studio/dataconnect: no such file or directory
 {"metadata":{"emulator":{"name":"dataconnect"},"message":"E0227 04:50:42.920284     932 watch.go:116] watchAllDir unable to walk dir `/home/user/studio/dataconnect`: lstat /home/user/studio/dataconnect: no such file or directory\n"}}
[debug] [2026-02-27T04:50:42.929Z] E0227 04:50:42.921705     932 watch.go:40] Failed to load config from "/home/user/studio/dataconnect": could not find dataconnect.yaml in `/home/user/studio/dataconnect`
 {"metadata":{"emulator":{"name":"dataconnect"},"message":"E0227 04:50:42.921705     932 watch.go:40] Failed to load config from \"/home/user/studio/dataconnect\": could not find dataconnect.yaml in `/home/user/studio/dataconnect`\n"}}
[debug] [2026-02-27T04:50:52.928Z] E0227 04:50:52.928073     932 watch.go:40] Failed to load config from "/home/user/studio/dataconnect": could not find dataconnect.yaml in `/home/user/studio/dataconnect`
 {"metadata":{"emulator":{"name":"dataconnect"},"message":"E0227 04:50:52.928073     932 watch.go:40] Failed to load config from \"/home/user/studio/dataconnect\": could not find dataconnect.yaml in `/home/user/studio/dataconnect`\n"}}
[debug] [2026-02-27T04:51:02.931Z] E0227 04:51:02.929198     932 watch.go:40] Failed to load config from "/home/user/studio/dataconnect": could not find dataconnect.yaml in `/home/user/studio/dataconnect`
 {"metadata":{"emulator":{"name":"dataconnect"},"message":"E0227 04:51:02.929198     932 watch.go:40] Failed to load config from \"/home/user/studio/dataconnect\": could not find dataconnect.yaml in `/home/user/studio/dataconnect`\n"}}
[debug] [2026-02-27T04:51:12.921Z] E0227 04:51:12.919563     932 watch.go:40] Failed to load config from "/home/user/studio/dataconnect": could not find dataconnect.yaml in `/home/user/studio/dataconnect`
 {"metadata":{"emulator":{"name":"dataconnect"},"message":"E0227 04:51:12.919563     932 watch.go:40] Failed to load config from \"/home/user/studio/dataconnect\": could not find dataconnect.yaml in `/home/user/studio/dataconnect`\n"}}
[debug] [2026-02-27T04:51:22.930Z] E0227 04:51:22.929153     932 watch.go:40] Failed to load config from "/home/user/studio/dataconnect": could not find dataconnect.yaml in `/home/user/studio/dataconnect`
 {"metadata":{"emulator":{"name":"dataconnect"},"message":"E0227 04:51:22.929153     932 watch.go:40] Failed to load config from \"/home/user/studio/dataconnect\": could not find dataconnect.yaml in `/home/user/studio/dataconnect`\n"}}
[debug] [2026-02-27T04:51:32.960Z] E0227 04:51:32.929049     932 watch.go:40] Failed to load config from "/home/user/studio/dataconnect": could not find dataconnect.yaml in `/home/user/studio/dataconnect`
 {"metadata":{"emulator":{"name":"dataconnect"},"message":"E0227 04:51:32.929049     932 watch.go:40] Failed to load config from \"/home/user/studio/dataconnect\": could not find dataconnect.yaml in `/home/user/studio/dataconnect`\n"}}
[debug] [2026-02-27T04:51:42.920Z] E0227 04:51:42.920112     932 watch.go:40] Failed to load config from "/home/user/studio/dataconnect": could not find dataconnect.yaml in `/home/user/studio/dataconnect`
 {"metadata":{"emulator":{"name":"dataconnect"},"message":"E0227 04:51:42.920112     932 watch.go:40] Failed to load config from \"/home/user/studio/dataconnect\": could not find dataconnect.yaml in `/home/user/studio/dataconnect`\n"}}
[debug] [2026-02-27T04:51:42.963Z] E0227 04:51:42.920045     932 watch.go:116] watchAllDir unable to walk dir `/home/user/studio/dataconnect`: lstat /home/user/studio/dataconnect: no such file or directory
 {"metadata":{"emulator":{"name":"dataconnect"},"message":"E0227 04:51:42.920045     932 watch.go:116] watchAllDir unable to walk dir `/home/user/studio/dataconnect`: lstat /home/user/studio/dataconnect: no such file or directory\n"}}
[debug] [2026-02-27T04:51:52.929Z] E0227 04:51:52.928906     932 watch.go:40] Failed to load config from "/home/user/studio/dataconnect": could not find dataconnect.yaml in `/home/user/studio/dataconnect`
 {"metadata":{"emulator":{"name":"dataconnect"},"message":"E0227 04:51:52.928906     932 watch.go:40] Failed to load config from \"/home/user/studio/dataconnect\": could not find dataconnect.yaml in `/home/user/studio/dataconnect`\n"}}
[debug] [2026-02-27T04:52:02.929Z] E0227 04:52:02.929164     932 watch.go:40] Failed to load config from "/home/user/studio/dataconnect": could not find dataconnect.yaml in `/home/user/studio/dataconnect`
 {"metadata":{"emulator":{"name":"dataconnect"},"message":"E0227 04:52:02.929164     932 watch.go:40] Failed to load config from \"/home/user/studio/dataconnect\": could not find dataconnect.yaml in `/home/user/studio/dataconnect`\n"}}
[debug] [2026-02-27T04:52:12.928Z] E0227 04:52:12.920148     932 watch.go:40] Failed to load config from "/home/user/studio/dataconnect": could not find dataconnect.yaml in `/home/user/studio/dataconnect`
 {"metadata":{"emulator":{"name":"dataconnect"},"message":"E0227 04:52:12.920148     932 watch.go:40] Failed to load config from \"/home/user/studio/dataconnect\": could not find dataconnect.yaml in `/home/user/studio/dataconnect`\n"}}
[debug] [2026-02-27T04:52:22.930Z] E0227 04:52:22.929983     932 watch.go:40] Failed to load config from "/home/user/studio/dataconnect": could not find dataconnect.yaml in `/home/user/studio/dataconnect`
 {"metadata":{"emulator":{"name":"dataconnect"},"message":"E0227 04:52:22.929983     932 watch.go:40] Failed to load config from \"/home/user/studio/dataconnect\": could not find dataconnect.yaml in `/home/user/studio/dataconnect`\n"}}
[debug] [2026-02-27T04:52:32.931Z] E0227 04:52:32.929042     932 watch.go:40] Failed to load config from "/home/user/studio/dataconnect": could not find dataconnect.yaml in `/home/user/studio/dataconnect`
 {"metadata":{"emulator":{"name":"dataconnect"},"message":"E0227 04:52:32.929042     932 watch.go:40] Failed to load config from \"/home/user/studio/dataconnect\": could not find dataconnect.yaml in `/home/user/studio/dataconnect`\n"}}
[debug] [2026-02-27T04:52:42.921Z] E0227 04:52:42.920225     932 watch.go:116] watchAllDir unable to walk dir `/home/user/studio/dataconnect`: lstat /home/user/studio/dataconnect: no such file or directory
E0227 04:52:42.920260     932 watch.go:40] Failed to load config from "/home/user/studio/dataconnect": could not find dataconnect.yaml in `/home/user/studio/dataconnect`
 {"metadata":{"emulator":{"name":"dataconnect"},"message":"E0227 04:52:42.920225     932 watch.go:116] watchAllDir unable to walk dir `/home/user/studio/dataconnect`: lstat /home/user/studio/dataconnect: no such file or directory\nE0227 04:52:42.920260     932 watch.go:40] Failed to load config from \"/home/user/studio/dataconnect\": could not find dataconnect.yaml in `/home/user/studio/dataconnect`\n"}}
[debug] [2026-02-27T04:52:52.929Z] E0227 04:52:52.929005     932 watch.go:40] Failed to load config from "/home/user/studio/dataconnect": could not find dataconnect.yaml in `/home/user/studio/dataconnect`
 {"metadata":{"emulator":{"name":"dataconnect"},"message":"E0227 04:52:52.929005     932 watch.go:40] Failed to load config from \"/home/user/studio/dataconnect\": could not find dataconnect.yaml in `/home/user/studio/dataconnect`\n"}}
[debug] [2026-02-27T04:53:02.928Z] E0227 04:53:02.928121     932 watch.go:40] Failed to load config from "/home/user/studio/dataconnect": could not find dataconnect.yaml in `/home/user/studio/dataconnect`
 {"metadata":{"emulator":{"name":"dataconnect"},"message":"E0227 04:53:02.928121     932 watch.go:40] Failed to load config from \"/home/user/studio/dataconnect\": could not find dataconnect.yaml in `/home/user/studio/dataconnect`\n"}}
[debug] [2026-02-27T04:53:12.920Z] E0227 04:53:12.920240     932 watch.go:40] Failed to load config from "/home/user/studio/dataconnect": could not find dataconnect.yaml in `/home/user/studio/dataconnect`
 {"metadata":{"emulator":{"name":"dataconnect"},"message":"E0227 04:53:12.920240     932 watch.go:40] Failed to load config from \"/home/user/studio/dataconnect\": could not find dataconnect.yaml in `/home/user/studio/dataconnect`\n"}}
[debug] [2026-02-27T04:53:22.929Z] E0227 04:53:22.928845     932 watch.go:40] Failed to load config from "/home/user/studio/dataconnect": could not find dataconnect.yaml in `/home/user/studio/dataconnect`
 {"metadata":{"emulator":{"name":"dataconnect"},"message":"E0227 04:53:22.928845     932 watch.go:40] Failed to load config from \"/home/user/studio/dataconnect\": could not find dataconnect.yaml in `/home/user/studio/dataconnect`\n"}}
[debug] [2026-02-27T04:53:32.973Z] E0227 04:53:32.971528     932 watch.go:40] Failed to load config from "/home/user/studio/dataconnect": could not find dataconnect.yaml in `/home/user/studio/dataconnect`
 {"metadata":{"emulator":{"name":"dataconnect"},"message":"E0227 04:53:32.971528     932 watch.go:40] Failed to load config from \"/home/user/studio/dataconnect\": could not find dataconnect.yaml in `/home/user/studio/dataconnect`\n"}}
[debug] [2026-02-27T04:53:42.922Z] E0227 04:53:42.920515     932 watch.go:116] watchAllDir unable to walk dir `/home/user/studio/dataconnect`: lstat /home/user/studio/dataconnect: no such file or directory
E0227 04:53:42.920994     932 watch.go:40] Failed to load config from "/home/user/studio/dataconnect": could not find dataconnect.yaml in `/home/user/studio/dataconnect`
 {"metadata":{"emulator":{"name":"dataconnect"},"message":"E0227 04:53:42.920515     932 watch.go:116] watchAllDir unable to walk dir `/home/user/studio/dataconnect`: lstat /home/user/studio/dataconnect: no such file or directory\nE0227 04:53:42.920994     932 watch.go:40] Failed to load config from \"/home/user/studio/dataconnect\": could not find dataconnect.yaml in `/home/user/studio/dataconnect`\n"}}
[debug] [2026-02-27T04:53:52.928Z] E0227 04:53:52.927900     932 watch.go:40] Failed to load config from "/home/user/studio/dataconnect": could not find dataconnect.yaml in `/home/user/studio/dataconnect`
 {"metadata":{"emulator":{"name":"dataconnect"},"message":"E0227 04:53:52.927900     932 watch.go:40] Failed to load config from \"/home/user/studio/dataconnect\": could not find dataconnect.yaml in `/home/user/studio/dataconnect`\n"}}
[debug] [2026-02-27T04:54:02.930Z] E0227 04:54:02.930138     932 watch.go:40] Failed to load config from "/home/user/studio/dataconnect": could not find dataconnect.yaml in `/home/user/studio/dataconnect`
 {"metadata":{"emulator":{"name":"dataconnect"},"message":"E0227 04:54:02.930138     932 watch.go:40] Failed to load config from \"/home/user/studio/dataconnect\": could not find dataconnect.yaml in `/home/user/studio/dataconnect`\n"}}
[debug] [2026-02-27T04:54:12.920Z] E0227 04:54:12.920324     932 watch.go:40] Failed to load config from "/home/user/studio/dataconnect": could not find dataconnect.yaml in `/home/user/studio/dataconnect`
 {"metadata":{"emulator":{"name":"dataconnect"},"message":"E0227 04:54:12.920324     932 watch.go:40] Failed to load config from \"/home/user/studio/dataconnect\": could not find dataconnect.yaml in `/home/user/studio/dataconnect`\n"}}
[debug] [2026-02-27T04:54:22.929Z] E0227 04:54:22.928967     932 watch.go:40] Failed to load config from "/home/user/studio/dataconnect": could not find dataconnect.yaml in `/home/user/studio/dataconnect`
 {"metadata":{"emulator":{"name":"dataconnect"},"message":"E0227 04:54:22.928967     932 watch.go:40] Failed to load config from \"/home/user/studio/dataconnect\": could not find dataconnect.yaml in `/home/user/studio/dataconnect`\n"}}
[debug] [2026-02-27T04:54:32.930Z] E0227 04:54:32.929454     932 watch.go:40] Failed to load config from "/home/user/studio/dataconnect": could not find dataconnect.yaml in `/home/user/studio/dataconnect`
 {"metadata":{"emulator":{"name":"dataconnect"},"message":"E0227 04:54:32.929454     932 watch.go:40] Failed to load config from \"/home/user/studio/dataconnect\": could not find dataconnect.yaml in `/home/user/studio/dataconnect`\n"}}
[debug] [2026-02-27T04:54:42.920Z] E0227 04:54:42.920308     932 watch.go:116] watchAllDir unable to walk dir `/home/user/studio/dataconnect`: lstat /home/user/studio/dataconnect: no such file or directory
E0227 04:54:42.920414     932 watch.go:40] Failed to load config from "/home/user/studio/dataconnect": could not find dataconnect.yaml in `/home/user/studio/dataconnect`
 {"metadata":{"emulator":{"name":"dataconnect"},"message":"E0227 04:54:42.920308     932 watch.go:116] watchAllDir unable to walk dir `/home/user/studio/dataconnect`: lstat /home/user/studio/dataconnect: no such file or directory\nE0227 04:54:42.920414     932 watch.go:40] Failed to load config from \"/home/user/studio/dataconnect\": could not find dataconnect.yaml in `/home/user/studio/dataconnect`\n"}}
[debug] [2026-02-27T04:54:52.929Z] E0227 04:54:52.929430     932 watch.go:40] Failed to load config from "/home/user/studio/dataconnect": could not find dataconnect.yaml in `/home/user/studio/dataconnect`
 {"metadata":{"emulator":{"name":"dataconnect"},"message":"E0227 04:54:52.929430     932 watch.go:40] Failed to load config from \"/home/user/studio/dataconnect\": could not find dataconnect.yaml in `/home/user/studio/dataconnect`\n"}}
[debug] [2026-02-27T04:55:02.925Z] E0227 04:55:02.925388     932 watch.go:40] Failed to load config from "/home/user/studio/dataconnect": could not find dataconnect.yaml in `/home/user/studio/dataconnect`
 {"metadata":{"emulator":{"name":"dataconnect"},"message":"E0227 04:55:02.925388     932 watch.go:40] Failed to load config from \"/home/user/studio/dataconnect\": could not find dataconnect.yaml in `/home/user/studio/dataconnect`\n"}}
[debug] [2026-02-27T04:55:12.920Z] E0227 04:55:12.920272     932 watch.go:40] Failed to load config from "/home/user/studio/dataconnect": could not find dataconnect.yaml in `/home/user/studio/dataconnect`
 {"metadata":{"emulator":{"name":"dataconnect"},"message":"E0227 04:55:12.920272     932 watch.go:40] Failed to load config from \"/home/user/studio/dataconnect\": could not find dataconnect.yaml in `/home/user/studio/dataconnect`\n"}}
[debug] [2026-02-27T04:55:22.931Z] E0227 04:55:22.930383     932 watch.go:40] Failed to load config from "/home/user/studio/dataconnect": could not find dataconnect.yaml in `/home/user/studio/dataconnect`
 {"metadata":{"emulator":{"name":"dataconnect"},"message":"E0227 04:55:22.930383     932 watch.go:40] Failed to load config from \"/home/user/studio/dataconnect\": could not find dataconnect.yaml in `/home/user/studio/dataconnect`\n"}}
[debug] [2026-02-27T04:55:32.929Z] E0227 04:55:32.928730     932 watch.go:40] Failed to load config from "/home/user/studio/dataconnect": could not find dataconnect.yaml in `/home/user/studio/dataconnect`
 {"metadata":{"emulator":{"name":"dataconnect"},"message":"E0227 04:55:32.928730     932 watch.go:40] Failed to load config from \"/home/user/studio/dataconnect\": could not find dataconnect.yaml in `/home/user/studio/dataconnect`\n"}}
[debug] [2026-02-27T04:55:42.922Z] E0227 04:55:42.919903     932 watch.go:116] watchAllDir unable to walk dir `/home/user/studio/dataconnect`: lstat /home/user/studio/dataconnect: no such file or directory
E0227 04:55:42.920258     932 watch.go:40] Failed to load config from "/home/user/studio/dataconnect": could not find dataconnect.yaml in `/home/user/studio/dataconnect`
 {"metadata":{"emulator":{"name":"dataconnect"},"message":"E0227 04:55:42.919903     932 watch.go:116] watchAllDir unable to walk dir `/home/user/studio/dataconnect`: lstat /home/user/studio/dataconnect: no such file or directory\nE0227 04:55:42.920258     932 watch.go:40] Failed to load config from \"/home/user/studio/dataconnect\": could not find dataconnect.yaml in `/home/user/studio/dataconnect`\n"}}
[debug] [2026-02-27T04:55:52.929Z] E0227 04:55:52.928921     932 watch.go:40] Failed to load config from "/home/user/studio/dataconnect": could not find dataconnect.yaml in `/home/user/studio/dataconnect`
 {"metadata":{"emulator":{"name":"dataconnect"},"message":"E0227 04:55:52.928921     932 watch.go:40] Failed to load config from \"/home/user/studio/dataconnect\": could not find dataconnect.yaml in `/home/user/studio/dataconnect`\n"}}
[debug] [2026-02-27T04:56:02.929Z] E0227 04:56:02.928994     932 watch.go:40] Failed to load config from "/home/user/studio/dataconnect": could not find dataconnect.yaml in `/home/user/studio/dataconnect`
 {"metadata":{"emulator":{"name":"dataconnect"},"message":"E0227 04:56:02.928994     932 watch.go:40] Failed to load config from \"/home/user/studio/dataconnect\": could not find dataconnect.yaml in `/home/user/studio/dataconnect`\n"}}
[debug] [2026-02-27T04:56:12.920Z] E0227 04:56:12.920245     932 watch.go:40] Failed to load config from "/home/user/studio/dataconnect": could not find dataconnect.yaml in `/home/user/studio/dataconnect`
 {"metadata":{"emulator":{"name":"dataconnect"},"message":"E0227 04:56:12.920245     932 watch.go:40] Failed to load config from \"/home/user/studio/dataconnect\": could not find dataconnect.yaml in `/home/user/studio/dataconnect`\n"}}
[debug] [2026-02-27T04:56:22.925Z] E0227 04:56:22.925169     932 watch.go:40] Failed to load config from "/home/user/studio/dataconnect": could not find dataconnect.yaml in `/home/user/studio/dataconnect`
 {"metadata":{"emulator":{"name":"dataconnect"},"message":"E0227 04:56:22.925169     932 watch.go:40] Failed to load config from \"/home/user/studio/dataconnect\": could not find dataconnect.yaml in `/home/user/studio/dataconnect`\n"}}
[debug] [2026-02-27T04:56:32.929Z] E0227 04:56:32.929146     932 watch.go:40] Failed to load config from "/home/user/studio/dataconnect": could not find dataconnect.yaml in `/home/user/studio/dataconnect`
 {"metadata":{"emulator":{"name":"dataconnect"},"message":"E0227 04:56:32.929146     932 watch.go:40] Failed to load config from \"/home/user/studio/dataconnect\": could not find dataconnect.yaml in `/home/user/studio/dataconnect`\n"}}
[debug] [2026-02-27T04:56:42.920Z] E0227 04:56:42.920150     932 watch.go:116] watchAllDir unable to walk dir `/home/user/studio/dataconnect`: lstat /home/user/studio/dataconnect: no such file or directory
E0227 04:56:42.920259     932 watch.go:40] Failed to load config from "/home/user/studio/dataconnect": could not find dataconnect.yaml in `/home/user/studio/dataconnect`
 {"metadata":{"emulator":{"name":"dataconnect"},"message":"E0227 04:56:42.920150     932 watch.go:116] watchAllDir unable to walk dir `/home/user/studio/dataconnect`: lstat /home/user/studio/dataconnect: no such file or directory\nE0227 04:56:42.920259     932 watch.go:40] Failed to load config from \"/home/user/studio/dataconnect\": could not find dataconnect.yaml in `/home/user/studio/dataconnect`\n"}}
[debug] [2026-02-27T04:56:52.928Z] E0227 04:56:52.927915     932 watch.go:40] Failed to load config from "/home/user/studio/dataconnect": could not find dataconnect.yaml in `/home/user/studio/dataconnect`
 {"metadata":{"emulator":{"name":"dataconnect"},"message":"E0227 04:56:52.927915     932 watch.go:40] Failed to load config from \"/home/user/studio/dataconnect\": could not find dataconnect.yaml in `/home/user/studio/dataconnect`\n"}}
[debug] [2026-02-27T04:57:02.929Z] E0227 04:57:02.929182     932 watch.go:40] Failed to load config from "/home/user/studio/dataconnect": could not find dataconnect.yaml in `/home/user/studio/dataconnect`
 {"metadata":{"emulator":{"name":"dataconnect"},"message":"E0227 04:57:02.929182     932 watch.go:40] Failed to load config from \"/home/user/studio/dataconnect\": could not find dataconnect.yaml in `/home/user/studio/dataconnect`\n"}}
[debug] [2026-02-27T04:57:12.920Z] E0227 04:57:12.920259     932 watch.go:40] Failed to load config from "/home/user/studio/dataconnect": could not find dataconnect.yaml in `/home/user/studio/dataconnect`
 {"metadata":{"emulator":{"name":"dataconnect"},"message":"E0227 04:57:12.920259     932 watch.go:40] Failed to load config from \"/home/user/studio/dataconnect\": could not find dataconnect.yaml in `/home/user/studio/dataconnect`\n"}}
[debug] [2026-02-27T04:57:22.928Z] E0227 04:57:22.928033     932 watch.go:40] Failed to load config from "/home/user/studio/dataconnect": could not find dataconnect.yaml in `/home/user/studio/dataconnect`
 {"metadata":{"emulator":{"name":"dataconnect"},"message":"E0227 04:57:22.928033     932 watch.go:40] Failed to load config from \"/home/user/studio/dataconnect\": could not find dataconnect.yaml in `/home/user/studio/dataconnect`\n"}}
[debug] [2026-02-27T04:57:32.929Z] E0227 04:57:32.929037     932 watch.go:40] Failed to load config from "/home/user/studio/dataconnect": could not find dataconnect.yaml in `/home/user/studio/dataconnect`
 {"metadata":{"emulator":{"name":"dataconnect"},"message":"E0227 04:57:32.929037     932 watch.go:40] Failed to load config from \"/home/user/studio/dataconnect\": could not find dataconnect.yaml in `/home/user/studio/dataconnect`\n"}}
[debug] [2026-02-27T04:57:42.920Z] E0227 04:57:42.919889     932 watch.go:116] watchAllDir unable to walk dir `/home/user/studio/dataconnect`: lstat /home/user/studio/dataconnect: no such file or directory
E0227 04:57:42.920007     932 watch.go:40] Failed to load config from "/home/user/studio/dataconnect": could not find dataconnect.yaml in `/home/user/studio/dataconnect`
 {"metadata":{"emulator":{"name":"dataconnect"},"message":"E0227 04:57:42.919889     932 watch.go:116] watchAllDir unable to walk dir `/home/user/studio/dataconnect`: lstat /home/user/studio/dataconnect: no such file or directory\nE0227 04:57:42.920007     932 watch.go:40] Failed to load config from \"/home/user/studio/dataconnect\": could not find dataconnect.yaml in `/home/user/studio/dataconnect`\n"}}
[debug] [2026-02-27T04:57:52.931Z] E0227 04:57:52.930944     932 watch.go:40] Failed to load config from "/home/user/studio/dataconnect": could not find dataconnect.yaml in `/home/user/studio/dataconnect`
 {"metadata":{"emulator":{"name":"dataconnect"},"message":"E0227 04:57:52.930944     932 watch.go:40] Failed to load config from \"/home/user/studio/dataconnect\": could not find dataconnect.yaml in `/home/user/studio/dataconnect`\n"}}
[debug] [2026-02-27T04:58:02.929Z] E0227 04:58:02.929113     932 watch.go:40] Failed to load config from "/home/user/studio/dataconnect": could not find dataconnect.yaml in `/home/user/studio/dataconnect`
 {"metadata":{"emulator":{"name":"dataconnect"},"message":"E0227 04:58:02.929113     932 watch.go:40] Failed to load config from \"/home/user/studio/dataconnect\": could not find dataconnect.yaml in `/home/user/studio/dataconnect`\n"}}
[debug] [2026-02-27T04:58:12.921Z] E0227 04:58:12.919576     932 watch.go:40] Failed to load config from "/home/user/studio/dataconnect": could not find dataconnect.yaml in `/home/user/studio/dataconnect`
 {"metadata":{"emulator":{"name":"dataconnect"},"message":"E0227 04:58:12.919576     932 watch.go:40] Failed to load config from \"/home/user/studio/dataconnect\": could not find dataconnect.yaml in `/home/user/studio/dataconnect`\n"}}
[debug] [2026-02-27T04:58:22.929Z] E0227 04:58:22.928042     932 watch.go:40] Failed to load config from "/home/user/studio/dataconnect": could not find dataconnect.yaml in `/home/user/studio/dataconnect`
 {"metadata":{"emulator":{"name":"dataconnect"},"message":"E0227 04:58:22.928042     932 watch.go:40] Failed to load config from \"/home/user/studio/dataconnect\": could not find dataconnect.yaml in `/home/user/studio/dataconnect`\n"}}
[debug] [2026-02-27T04:58:32.929Z] E0227 04:58:32.928936     932 watch.go:40] Failed to load config from "/home/user/studio/dataconnect": could not find dataconnect.yaml in `/home/user/studio/dataconnect`
 {"metadata":{"emulator":{"name":"dataconnect"},"message":"E0227 04:58:32.928936     932 watch.go:40] Failed to load config from \"/home/user/studio/dataconnect\": could not find dataconnect.yaml in `/home/user/studio/dataconnect`\n"}}
[debug] [2026-02-27T04:58:42.920Z] E0227 04:58:42.920042     932 watch.go:116] watchAllDir unable to walk dir `/home/user/studio/dataconnect`: lstat /home/user/studio/dataconnect: no such file or directory
E0227 04:58:42.920200     932 watch.go:40] Failed to load config from "/home/user/studio/dataconnect": could not find dataconnect.yaml in `/home/user/studio/dataconnect`
 {"metadata":{"emulator":{"name":"dataconnect"},"message":"E0227 04:58:42.920042     932 watch.go:116] watchAllDir unable to walk dir `/home/user/studio/dataconnect`: lstat /home/user/studio/dataconnect: no such file or directory\nE0227 04:58:42.920200     932 watch.go:40] Failed to load config from \"/home/user/studio/dataconnect\": could not find dataconnect.yaml in `/home/user/studio/dataconnect`\n"}}
[debug] [2026-02-27T04:58:52.930Z] E0227 04:58:52.928926     932 watch.go:40] Failed to load config from "/home/user/studio/dataconnect": could not find dataconnect.yaml in `/home/user/studio/dataconnect`
 {"metadata":{"emulator":{"name":"dataconnect"},"message":"E0227 04:58:52.928926     932 watch.go:40] Failed to load config from \"/home/user/studio/dataconnect\": could not find dataconnect.yaml in `/home/user/studio/dataconnect`\n"}}
[debug] [2026-02-27T04:59:02.929Z] E0227 04:59:02.928913     932 watch.go:40] Failed to load config from "/home/user/studio/dataconnect": could not find dataconnect.yaml in `/home/user/studio/dataconnect`
 {"metadata":{"emulator":{"name":"dataconnect"},"message":"E0227 04:59:02.928913     932 watch.go:40] Failed to load config from \"/home/user/studio/dataconnect\": could not find dataconnect.yaml in `/home/user/studio/dataconnect`\n"}}
[debug] [2026-02-27T04:59:12.920Z] E0227 04:59:12.919919     932 watch.go:40] Failed to load config from "/home/user/studio/dataconnect": could not find dataconnect.yaml in `/home/user/studio/dataconnect`
 {"metadata":{"emulator":{"name":"dataconnect"},"message":"E0227 04:59:12.919919     932 watch.go:40] Failed to load config from \"/home/user/studio/dataconnect\": could not find dataconnect.yaml in `/home/user/studio/dataconnect`\n"}}
[debug] [2026-02-27T04:59:22.931Z] E0227 04:59:22.929173     932 watch.go:40] Failed to load config from "/home/user/studio/dataconnect": could not find dataconnect.yaml in `/home/user/studio/dataconnect`
 {"metadata":{"emulator":{"name":"dataconnect"},"message":"E0227 04:59:22.929173     932 watch.go:40] Failed to load config from \"/home/user/studio/dataconnect\": could not find dataconnect.yaml in `/home/user/studio/dataconnect`\n"}}
[debug] [2026-02-27T04:59:32.938Z] E0227 04:59:32.928940     932 watch.go:40] Failed to load config from "/home/user/studio/dataconnect": could not find dataconnect.yaml in `/home/user/studio/dataconnect`
 {"metadata":{"emulator":{"name":"dataconnect"},"message":"E0227 04:59:32.928940     932 watch.go:40] Failed to load config from \"/home/user/studio/dataconnect\": could not find dataconnect.yaml in `/home/user/studio/dataconnect`\n"}}
[debug] [2026-02-27T04:59:42.920Z] E0227 04:59:42.920235     932 watch.go:40] Failed to load config from "/home/user/studio/dataconnect": could not find dataconnect.yaml in `/home/user/studio/dataconnect`
 {"metadata":{"emulator":{"name":"dataconnect"},"message":"E0227 04:59:42.920235     932 watch.go:40] Failed to load config from \"/home/user/studio/dataconnect\": could not find dataconnect.yaml in `/home/user/studio/dataconnect`\n"}}
[debug] [2026-02-27T04:59:42.928Z] E0227 04:59:42.920147     932 watch.go:116] watchAllDir unable to walk dir `/home/user/studio/dataconnect`: lstat /home/user/studio/dataconnect: no such file or directory
 {"metadata":{"emulator":{"name":"dataconnect"},"message":"E0227 04:59:42.920147     932 watch.go:116] watchAllDir unable to walk dir `/home/user/studio/dataconnect`: lstat /home/user/studio/dataconnect: no such file or directory\n"}}
[debug] [2026-02-27T04:59:52.922Z] E0227 04:59:52.921522     932 watch.go:40] Failed to load config from "/home/user/studio/dataconnect": could not find dataconnect.yaml in `/home/user/studio/dataconnect`
 {"metadata":{"emulator":{"name":"dataconnect"},"message":"E0227 04:59:52.921522     932 watch.go:40] Failed to load config from \"/home/user/studio/dataconnect\": could not find dataconnect.yaml in `/home/user/studio/dataconnect`\n"}}
[debug] [2026-02-27T05:00:02.922Z] E0227 05:00:02.919667     932 watch.go:40] Failed to load config from "/home/user/studio/dataconnect": could not find dataconnect.yaml in `/home/user/studio/dataconnect`
 {"metadata":{"emulator":{"name":"dataconnect"},"message":"E0227 05:00:02.919667     932 watch.go:40] Failed to load config from \"/home/user/studio/dataconnect\": could not find dataconnect.yaml in `/home/user/studio/dataconnect`\n"}}
[debug] [2026-02-27T05:00:12.920Z] E0227 05:00:12.920321     932 watch.go:40] Failed to load config from "/home/user/studio/dataconnect": could not find dataconnect.yaml in `/home/user/studio/dataconnect`
 {"metadata":{"emulator":{"name":"dataconnect"},"message":"E0227 05:00:12.920321     932 watch.go:40] Failed to load config from \"/home/user/studio/dataconnect\": could not find dataconnect.yaml in `/home/user/studio/dataconnect`\n"}}
[debug] [2026-02-27T05:00:22.929Z] E0227 05:00:22.928933     932 watch.go:40] Failed to load config from "/home/user/studio/dataconnect": could not find dataconnect.yaml in `/home/user/studio/dataconnect`
 {"metadata":{"emulator":{"name":"dataconnect"},"message":"E0227 05:00:22.928933     932 watch.go:40] Failed to load config from \"/home/user/studio/dataconnect\": could not find dataconnect.yaml in `/home/user/studio/dataconnect`\n"}}
[debug] [2026-02-27T05:00:32.929Z] E0227 05:00:32.928953     932 watch.go:40] Failed to load config from "/home/user/studio/dataconnect": could not find dataconnect.yaml in `/home/user/studio/dataconnect`
 {"metadata":{"emulator":{"name":"dataconnect"},"message":"E0227 05:00:32.928953     932 watch.go:40] Failed to load config from \"/home/user/studio/dataconnect\": could not find dataconnect.yaml in `/home/user/studio/dataconnect`\n"}}
[debug] [2026-02-27T05:00:42.922Z] E0227 05:00:42.922000     932 watch.go:116] watchAllDir unable to walk dir `/home/user/studio/dataconnect`: lstat /home/user/studio/dataconnect: no such file or directory
E0227 05:00:42.922206     932 watch.go:40] Failed to load config from "/home/user/studio/dataconnect": could not find dataconnect.yaml in `/home/user/studio/dataconnect`
 {"metadata":{"emulator":{"name":"dataconnect"},"message":"E0227 05:00:42.922000     932 watch.go:116] watchAllDir unable to walk dir `/home/user/studio/dataconnect`: lstat /home/user/studio/dataconnect: no such file or directory\nE0227 05:00:42.922206     932 watch.go:40] Failed to load config from \"/home/user/studio/dataconnect\": could not find dataconnect.yaml in `/home/user/studio/dataconnect`\n"}}
[debug] [2026-02-27T05:00:52.930Z] E0227 05:00:52.928919     932 watch.go:40] Failed to load config from "/home/user/studio/dataconnect": could not find dataconnect.yaml in `/home/user/studio/dataconnect`
 {"metadata":{"emulator":{"name":"dataconnect"},"message":"E0227 05:00:52.928919     932 watch.go:40] Failed to load config from \"/home/user/studio/dataconnect\": could not find dataconnect.yaml in `/home/user/studio/dataconnect`\n"}}
[debug] [2026-02-27T05:01:02.929Z] E0227 05:01:02.929612     932 watch.go:40] Failed to load config from "/home/user/studio/dataconnect": could not find dataconnect.yaml in `/home/user/studio/dataconnect`
 {"metadata":{"emulator":{"name":"dataconnect"},"message":"E0227 05:01:02.929612     932 watch.go:40] Failed to load config from \"/home/user/studio/dataconnect\": could not find dataconnect.yaml in `/home/user/studio/dataconnect`\n"}}
[debug] [2026-02-27T05:01:12.920Z] E0227 05:01:12.920260     932 watch.go:40] Failed to load config from "/home/user/studio/dataconnect": could not find dataconnect.yaml in `/home/user/studio/dataconnect`
 {"metadata":{"emulator":{"name":"dataconnect"},"message":"E0227 05:01:12.920260     932 watch.go:40] Failed to load config from \"/home/user/studio/dataconnect\": could not find dataconnect.yaml in `/home/user/studio/dataconnect`\n"}}
[debug] [2026-02-27T05:01:22.928Z] E0227 05:01:22.928179     932 watch.go:40] Failed to load config from "/home/user/studio/dataconnect": could not find dataconnect.yaml in `/home/user/studio/dataconnect`
 {"metadata":{"emulator":{"name":"dataconnect"},"message":"E0227 05:01:22.928179     932 watch.go:40] Failed to load config from \"/home/user/studio/dataconnect\": could not find dataconnect.yaml in `/home/user/studio/dataconnect`\n"}}
[debug] [2026-02-27T05:01:32.929Z] E0227 05:01:32.928940     932 watch.go:40] Failed to load config from "/home/user/studio/dataconnect": could not find dataconnect.yaml in `/home/user/studio/dataconnect`
 {"metadata":{"emulator":{"name":"dataconnect"},"message":"E0227 05:01:32.928940     932 watch.go:40] Failed to load config from \"/home/user/studio/dataconnect\": could not find dataconnect.yaml in `/home/user/studio/dataconnect`\n"}}
[debug] [2026-02-27T05:01:42.920Z] E0227 05:01:42.920109     932 watch.go:116] watchAllDir unable to walk dir `/home/user/studio/dataconnect`: lstat /home/user/studio/dataconnect: no such file or directory
 {"metadata":{"emulator":{"name":"dataconnect"},"message":"E0227 05:01:42.920109     932 watch.go:116] watchAllDir unable to walk dir `/home/user/studio/dataconnect`: lstat /home/user/studio/dataconnect: no such file or directory\n"}}
[debug] [2026-02-27T05:01:42.922Z] E0227 05:01:42.922087     932 watch.go:40] Failed to load config from "/home/user/studio/dataconnect": could not find dataconnect.yaml in `/home/user/studio/dataconnect`
 {"metadata":{"emulator":{"name":"dataconnect"},"message":"E0227 05:01:42.922087     932 watch.go:40] Failed to load config from \"/home/user/studio/dataconnect\": could not find dataconnect.yaml in `/home/user/studio/dataconnect`\n"}}
[debug] [2026-02-27T05:01:52.932Z] E0227 05:01:52.930930     932 watch.go:40] Failed to load config from "/home/user/studio/dataconnect": could not find dataconnect.yaml in `/home/user/studio/dataconnect`
 {"metadata":{"emulator":{"name":"dataconnect"},"message":"E0227 05:01:52.930930     932 watch.go:40] Failed to load config from \"/home/user/studio/dataconnect\": could not find dataconnect.yaml in `/home/user/studio/dataconnect`\n"}}
[debug] [2026-02-27T05:02:02.919Z] E0227 05:02:02.919564     932 watch.go:40] Failed to load config from "/home/user/studio/dataconnect": could not find dataconnect.yaml in `/home/user/studio/dataconnect`
 {"metadata":{"emulator":{"name":"dataconnect"},"message":"E0227 05:02:02.919564     932 watch.go:40] Failed to load config from \"/home/user/studio/dataconnect\": could not find dataconnect.yaml in `/home/user/studio/dataconnect`\n"}}
[debug] [2026-02-27T05:02:12.920Z] E0227 05:02:12.920556     932 watch.go:40] Failed to load config from "/home/user/studio/dataconnect": could not find dataconnect.yaml in `/home/user/studio/dataconnect`
 {"metadata":{"emulator":{"name":"dataconnect"},"message":"E0227 05:02:12.920556     932 watch.go:40] Failed to load config from \"/home/user/studio/dataconnect\": could not find dataconnect.yaml in `/home/user/studio/dataconnect`\n"}}
[debug] [2026-02-27T05:02:22.928Z] E0227 05:02:22.927942     932 watch.go:40] Failed to load config from "/home/user/studio/dataconnect": could not find dataconnect.yaml in `/home/user/studio/dataconnect`
 {"metadata":{"emulator":{"name":"dataconnect"},"message":"E0227 05:02:22.927942     932 watch.go:40] Failed to load config from \"/home/user/studio/dataconnect\": could not find dataconnect.yaml in `/home/user/studio/dataconnect`\n"}}
[debug] [2026-02-27T05:02:32.931Z] E0227 05:02:32.930938     932 watch.go:40] Failed to load config from "/home/user/studio/dataconnect": could not find dataconnect.yaml in `/home/user/studio/dataconnect`
 {"metadata":{"emulator":{"name":"dataconnect"},"message":"E0227 05:02:32.930938     932 watch.go:40] Failed to load config from \"/home/user/studio/dataconnect\": could not find dataconnect.yaml in `/home/user/studio/dataconnect`\n"}}
[debug] [2026-02-27T05:02:42.920Z] E0227 05:02:42.920120     932 watch.go:116] watchAllDir unable to walk dir `/home/user/studio/dataconnect`: lstat /home/user/studio/dataconnect: no such file or directory
E0227 05:02:42.920214     932 watch.go:40] Failed to load config from "/home/user/studio/dataconnect": could not find dataconnect.yaml in `/home/user/studio/dataconnect`
 {"metadata":{"emulator":{"name":"dataconnect"},"message":"E0227 05:02:42.920120     932 watch.go:116] watchAllDir unable to walk dir `/home/user/studio/dataconnect`: lstat /home/user/studio/dataconnect: no such file or directory\nE0227 05:02:42.920214     932 watch.go:40] Failed to load config from \"/home/user/studio/dataconnect\": could not find dataconnect.yaml in `/home/user/studio/dataconnect`\n"}}
[debug] [2026-02-27T05:02:52.929Z] E0227 05:02:52.928932     932 watch.go:40] Failed to load config from "/home/user/studio/dataconnect": could not find dataconnect.yaml in `/home/user/studio/dataconnect`
 {"metadata":{"emulator":{"name":"dataconnect"},"message":"E0227 05:02:52.928932     932 watch.go:40] Failed to load config from \"/home/user/studio/dataconnect\": could not find dataconnect.yaml in `/home/user/studio/dataconnect`\n"}}
[debug] [2026-02-27T05:03:02.929Z] E0227 05:03:02.928951     932 watch.go:40] Failed to load config from "/home/user/studio/dataconnect": could not find dataconnect.yaml in `/home/user/studio/dataconnect`
 {"metadata":{"emulator":{"name":"dataconnect"},"message":"E0227 05:03:02.928951     932 watch.go:40] Failed to load config from \"/home/user/studio/dataconnect\": could not find dataconnect.yaml in `/home/user/studio/dataconnect`\n"}}
[debug] [2026-02-27T05:03:12.922Z] E0227 05:03:12.920463     932 watch.go:40] Failed to load config from "/home/user/studio/dataconnect": could not find dataconnect.yaml in `/home/user/studio/dataconnect`
 {"metadata":{"emulator":{"name":"dataconnect"},"message":"E0227 05:03:12.920463     932 watch.go:40] Failed to load config from \"/home/user/studio/dataconnect\": could not find dataconnect.yaml in `/home/user/studio/dataconnect`\n"}}
[debug] [2026-02-27T05:03:22.928Z] E0227 05:03:22.928093     932 watch.go:40] Failed to load config from "/home/user/studio/dataconnect": could not find dataconnect.yaml in `/home/user/studio/dataconnect`
 {"metadata":{"emulator":{"name":"dataconnect"},"message":"E0227 05:03:22.928093     932 watch.go:40] Failed to load config from \"/home/user/studio/dataconnect\": could not find dataconnect.yaml in `/home/user/studio/dataconnect`\n"}}
[debug] [2026-02-27T05:03:32.929Z] E0227 05:03:32.929639     932 watch.go:40] Failed to load config from "/home/user/studio/dataconnect": could not find dataconnect.yaml in `/home/user/studio/dataconnect`
 {"metadata":{"emulator":{"name":"dataconnect"},"message":"E0227 05:03:32.929639     932 watch.go:40] Failed to load config from \"/home/user/studio/dataconnect\": could not find dataconnect.yaml in `/home/user/studio/dataconnect`\n"}}
[debug] [2026-02-27T05:03:42.921Z] E0227 05:03:42.920130     932 watch.go:116] watchAllDir unable to walk dir `/home/user/studio/dataconnect`: lstat /home/user/studio/dataconnect: no such file or directory
E0227 05:03:42.920243     932 watch.go:40] Failed to load config from "/home/user/studio/dataconnect": could not find dataconnect.yaml in `/home/user/studio/dataconnect`
 {"metadata":{"emulator":{"name":"dataconnect"},"message":"E0227 05:03:42.920130     932 watch.go:116] watchAllDir unable to walk dir `/home/user/studio/dataconnect`: lstat /home/user/studio/dataconnect: no such file or directory\nE0227 05:03:42.920243     932 watch.go:40] Failed to load config from \"/home/user/studio/dataconnect\": could not find dataconnect.yaml in `/home/user/studio/dataconnect`\n"}}
[debug] [2026-02-27T05:03:52.929Z] E0227 05:03:52.929380     932 watch.go:40] Failed to load config from "/home/user/studio/dataconnect": could not find dataconnect.yaml in `/home/user/studio/dataconnect`
 {"metadata":{"emulator":{"name":"dataconnect"},"message":"E0227 05:03:52.929380     932 watch.go:40] Failed to load config from \"/home/user/studio/dataconnect\": could not find dataconnect.yaml in `/home/user/studio/dataconnect`\n"}}
[debug] [2026-02-27T05:04:02.931Z] E0227 05:04:02.928922     932 watch.go:40] Failed to load config from "/home/user/studio/dataconnect": could not find dataconnect.yaml in `/home/user/studio/dataconnect`
 {"metadata":{"emulator":{"name":"dataconnect"},"message":"E0227 05:04:02.928922     932 watch.go:40] Failed to load config from \"/home/user/studio/dataconnect\": could not find dataconnect.yaml in `/home/user/studio/dataconnect`\n"}}
[debug] [2026-02-27T05:04:12.919Z] E0227 05:04:12.919567     932 watch.go:40] Failed to load config from "/home/user/studio/dataconnect": could not find dataconnect.yaml in `/home/user/studio/dataconnect`
 {"metadata":{"emulator":{"name":"dataconnect"},"message":"E0227 05:04:12.919567     932 watch.go:40] Failed to load config from \"/home/user/studio/dataconnect\": could not find dataconnect.yaml in `/home/user/studio/dataconnect`\n"}}
[debug] [2026-02-27T05:04:22.928Z] E0227 05:04:22.927948     932 watch.go:40] Failed to load config from "/home/user/studio/dataconnect": could not find dataconnect.yaml in `/home/user/studio/dataconnect`
 {"metadata":{"emulator":{"name":"dataconnect"},"message":"E0227 05:04:22.927948     932 watch.go:40] Failed to load config from \"/home/user/studio/dataconnect\": could not find dataconnect.yaml in `/home/user/studio/dataconnect`\n"}}
[debug] [2026-02-27T05:04:32.929Z] E0227 05:04:32.929043     932 watch.go:40] Failed to load config from "/home/user/studio/dataconnect": could not find dataconnect.yaml in `/home/user/studio/dataconnect`
 {"metadata":{"emulator":{"name":"dataconnect"},"message":"E0227 05:04:32.929043     932 watch.go:40] Failed to load config from \"/home/user/studio/dataconnect\": could not find dataconnect.yaml in `/home/user/studio/dataconnect`\n"}}
[debug] [2026-02-27T05:04:42.920Z] E0227 05:04:42.919934     932 watch.go:116] watchAllDir unable to walk dir `/home/user/studio/dataconnect`: lstat /home/user/studio/dataconnect: no such file or directory
E0227 05:04:42.920078     932 watch.go:40] Failed to load config from "/home/user/studio/dataconnect": could not find dataconnect.yaml in `/home/user/studio/dataconnect`
 {"metadata":{"emulator":{"name":"dataconnect"},"message":"E0227 05:04:42.919934     932 watch.go:116] watchAllDir unable to walk dir `/home/user/studio/dataconnect`: lstat /home/user/studio/dataconnect: no such file or directory\nE0227 05:04:42.920078     932 watch.go:40] Failed to load config from \"/home/user/studio/dataconnect\": could not find dataconnect.yaml in `/home/user/studio/dataconnect`\n"}}
[debug] [2026-02-27T05:04:52.930Z] E0227 05:04:52.929921     932 watch.go:40] Failed to load config from "/home/user/studio/dataconnect": could not find dataconnect.yaml in `/home/user/studio/dataconnect`
 {"metadata":{"emulator":{"name":"dataconnect"},"message":"E0227 05:04:52.929921     932 watch.go:40] Failed to load config from \"/home/user/studio/dataconnect\": could not find dataconnect.yaml in `/home/user/studio/dataconnect`\n"}}
[debug] [2026-02-27T05:05:02.935Z] E0227 05:05:02.931933     932 watch.go:40] Failed to load config from "/home/user/studio/dataconnect": could not find dataconnect.yaml in `/home/user/studio/dataconnect`
 {"metadata":{"emulator":{"name":"dataconnect"},"message":"E0227 05:05:02.931933     932 watch.go:40] Failed to load config from \"/home/user/studio/dataconnect\": could not find dataconnect.yaml in `/home/user/studio/dataconnect`\n"}}
[debug] [2026-02-27T05:05:12.920Z] E0227 05:05:12.920389     932 watch.go:40] Failed to load config from "/home/user/studio/dataconnect": could not find dataconnect.yaml in `/home/user/studio/dataconnect`
 {"metadata":{"emulator":{"name":"dataconnect"},"message":"E0227 05:05:12.920389     932 watch.go:40] Failed to load config from \"/home/user/studio/dataconnect\": could not find dataconnect.yaml in `/home/user/studio/dataconnect`\n"}}
[debug] [2026-02-27T05:05:22.929Z] E0227 05:05:22.928936     932 watch.go:40] Failed to load config from "/home/user/studio/dataconnect": could not find dataconnect.yaml in `/home/user/studio/dataconnect`
 {"metadata":{"emulator":{"name":"dataconnect"},"message":"E0227 05:05:22.928936     932 watch.go:40] Failed to load config from \"/home/user/studio/dataconnect\": could not find dataconnect.yaml in `/home/user/studio/dataconnect`\n"}}
[debug] [2026-02-27T05:05:32.929Z] E0227 05:05:32.928943     932 watch.go:40] Failed to load config from "/home/user/studio/dataconnect": could not find dataconnect.yaml in `/home/user/studio/dataconnect`
 {"metadata":{"emulator":{"name":"dataconnect"},"message":"E0227 05:05:32.928943     932 watch.go:40] Failed to load config from \"/home/user/studio/dataconnect\": could not find dataconnect.yaml in `/home/user/studio/dataconnect`\n"}}
[debug] [2026-02-27T05:05:42.921Z] E0227 05:05:42.920111     932 watch.go:116] watchAllDir unable to walk dir `/home/user/studio/dataconnect`: lstat /home/user/studio/dataconnect: no such file or directory
E0227 05:05:42.920218     932 watch.go:40] Failed to load config from "/home/user/studio/dataconnect": could not find dataconnect.yaml in `/home/user/studio/dataconnect`
 {"metadata":{"emulator":{"name":"dataconnect"},"message":"E0227 05:05:42.920111     932 watch.go:116] watchAllDir unable to walk dir `/home/user/studio/dataconnect`: lstat /home/user/studio/dataconnect: no such file or directory\nE0227 05:05:42.920218     932 watch.go:40] Failed to load config from \"/home/user/studio/dataconnect\": could not find dataconnect.yaml in `/home/user/studio/dataconnect`\n"}}
[debug] [2026-02-27T05:05:52.929Z] E0227 05:05:52.928927     932 watch.go:40] Failed to load config from "/home/user/studio/dataconnect": could not find dataconnect.yaml in `/home/user/studio/dataconnect`
 {"metadata":{"emulator":{"name":"dataconnect"},"message":"E0227 05:05:52.928927     932 watch.go:40] Failed to load config from \"/home/user/studio/dataconnect\": could not find dataconnect.yaml in `/home/user/studio/dataconnect`\n"}}
[debug] [2026-02-27T05:06:02.931Z] E0227 05:06:02.928923     932 watch.go:40] Failed to load config from "/home/user/studio/dataconnect": could not find dataconnect.yaml in `/home/user/studio/dataconnect`
 {"metadata":{"emulator":{"name":"dataconnect"},"message":"E0227 05:06:02.928923     932 watch.go:40] Failed to load config from \"/home/user/studio/dataconnect\": could not find dataconnect.yaml in `/home/user/studio/dataconnect`\n"}}
[debug] [2026-02-27T05:06:12.919Z] E0227 05:06:12.919533     932 watch.go:40] Failed to load config from "/home/user/studio/dataconnect": could not find dataconnect.yaml in `/home/user/studio/dataconnect`
 {"metadata":{"emulator":{"name":"dataconnect"},"message":"E0227 05:06:12.919533     932 watch.go:40] Failed to load config from \"/home/user/studio/dataconnect\": could not find dataconnect.yaml in `/home/user/studio/dataconnect`\n"}}
[debug] [2026-02-27T05:06:22.966Z] E0227 05:06:22.919559     932 watch.go:40] Failed to load config from "/home/user/studio/dataconnect": could not find dataconnect.yaml in `/home/user/studio/dataconnect`
 {"metadata":{"emulator":{"name":"dataconnect"},"message":"E0227 05:06:22.919559     932 watch.go:40] Failed to load config from \"/home/user/studio/dataconnect\": could not find dataconnect.yaml in `/home/user/studio/dataconnect`\n"}}
[debug] [2026-02-27T05:06:32.929Z] E0227 05:06:32.929049     932 watch.go:40] Failed to load config from "/home/user/studio/dataconnect": could not find dataconnect.yaml in `/home/user/studio/dataconnect`
 {"metadata":{"emulator":{"name":"dataconnect"},"message":"E0227 05:06:32.929049     932 watch.go:40] Failed to load config from \"/home/user/studio/dataconnect\": could not find dataconnect.yaml in `/home/user/studio/dataconnect`\n"}}
[debug] [2026-02-27T05:06:42.920Z] E0227 05:06:42.920189     932 watch.go:40] Failed to load config from "/home/user/studio/dataconnect": could not find dataconnect.yaml in `/home/user/studio/dataconnect`
 {"metadata":{"emulator":{"name":"dataconnect"},"message":"E0227 05:06:42.920189     932 watch.go:40] Failed to load config from \"/home/user/studio/dataconnect\": could not find dataconnect.yaml in `/home/user/studio/dataconnect`\n"}}
[debug] [2026-02-27T05:06:42.924Z] E0227 05:06:42.920905     932 watch.go:116] watchAllDir unable to walk dir `/home/user/studio/dataconnect`: lstat /home/user/studio/dataconnect: no such file or directory
 {"metadata":{"emulator":{"name":"dataconnect"},"message":"E0227 05:06:42.920905     932 watch.go:116] watchAllDir unable to walk dir `/home/user/studio/dataconnect`: lstat /home/user/studio/dataconnect: no such file or directory\n"}}
[debug] [2026-02-27T05:06:52.929Z] E0227 05:06:52.928958     932 watch.go:40] Failed to load config from "/home/user/studio/dataconnect": could not find dataconnect.yaml in `/home/user/studio/dataconnect`
 {"metadata":{"emulator":{"name":"dataconnect"},"message":"E0227 05:06:52.928958     932 watch.go:40] Failed to load config from \"/home/user/studio/dataconnect\": could not find dataconnect.yaml in `/home/user/studio/dataconnect`\n"}}
[debug] [2026-02-27T05:07:02.931Z] E0227 05:07:02.928936     932 watch.go:40] Failed to load config from "/home/user/studio/dataconnect": could not find dataconnect.yaml in `/home/user/studio/dataconnect`
 {"metadata":{"emulator":{"name":"dataconnect"},"message":"E0227 05:07:02.928936     932 watch.go:40] Failed to load config from \"/home/user/studio/dataconnect\": could not find dataconnect.yaml in `/home/user/studio/dataconnect`\n"}}
[debug] [2026-02-27T05:07:12.920Z] E0227 05:07:12.920188     932 watch.go:40] Failed to load config from "/home/user/studio/dataconnect": could not find dataconnect.yaml in `/home/user/studio/dataconnect`
 {"metadata":{"emulator":{"name":"dataconnect"},"message":"E0227 05:07:12.920188     932 watch.go:40] Failed to load config from \"/home/user/studio/dataconnect\": could not find dataconnect.yaml in `/home/user/studio/dataconnect`\n"}}
[debug] [2026-02-27T05:07:22.929Z] E0227 05:07:22.929627     932 watch.go:40] Failed to load config from "/home/user/studio/dataconnect": could not find dataconnect.yaml in `/home/user/studio/dataconnect`
 {"metadata":{"emulator":{"name":"dataconnect"},"message":"E0227 05:07:22.929627     932 watch.go:40] Failed to load config from \"/home/user/studio/dataconnect\": could not find dataconnect.yaml in `/home/user/studio/dataconnect`\n"}}
[debug] [2026-02-27T05:07:32.933Z] E0227 05:07:32.932954     932 watch.go:40] Failed to load config from "/home/user/studio/dataconnect": could not find dataconnect.yaml in `/home/user/studio/dataconnect`
 {"metadata":{"emulator":{"name":"dataconnect"},"message":"E0227 05:07:32.932954     932 watch.go:40] Failed to load config from \"/home/user/studio/dataconnect\": could not find dataconnect.yaml in `/home/user/studio/dataconnect`\n"}}
[debug] [2026-02-27T05:07:42.920Z] E0227 05:07:42.920183     932 watch.go:40] Failed to load config from "/home/user/studio/dataconnect": could not find dataconnect.yaml in `/home/user/studio/dataconnect`
E0227 05:07:42.920280     932 watch.go:116] watchAllDir unable to walk dir `/home/user/studio/dataconnect`: lstat /home/user/studio/dataconnect: no such file or directory
 {"metadata":{"emulator":{"name":"dataconnect"},"message":"E0227 05:07:42.920183     932 watch.go:40] Failed to load config from \"/home/user/studio/dataconnect\": could not find dataconnect.yaml in `/home/user/studio/dataconnect`\nE0227 05:07:42.920280     932 watch.go:116] watchAllDir unable to walk dir `/home/user/studio/dataconnect`: lstat /home/user/studio/dataconnect: no such file or directory\n"}}
[debug] [2026-02-27T05:07:52.929Z] E0227 05:07:52.928968     932 watch.go:40] Failed to load config from "/home/user/studio/dataconnect": could not find dataconnect.yaml in `/home/user/studio/dataconnect`
 {"metadata":{"emulator":{"name":"dataconnect"},"message":"E0227 05:07:52.928968     932 watch.go:40] Failed to load config from \"/home/user/studio/dataconnect\": could not find dataconnect.yaml in `/home/user/studio/dataconnect`\n"}}
[debug] [2026-02-27T05:08:02.929Z] E0227 05:08:02.928939     932 watch.go:40] Failed to load config from "/home/user/studio/dataconnect": could not find dataconnect.yaml in `/home/user/studio/dataconnect`
 {"metadata":{"emulator":{"name":"dataconnect"},"message":"E0227 05:08:02.928939     932 watch.go:40] Failed to load config from \"/home/user/studio/dataconnect\": could not find dataconnect.yaml in `/home/user/studio/dataconnect`\n"}}
[debug] [2026-02-27T05:08:12.920Z] E0227 05:08:12.920400     932 watch.go:40] Failed to load config from "/home/user/studio/dataconnect": could not find dataconnect.yaml in `/home/user/studio/dataconnect`
 {"metadata":{"emulator":{"name":"dataconnect"},"message":"E0227 05:08:12.920400     932 watch.go:40] Failed to load config from \"/home/user/studio/dataconnect\": could not find dataconnect.yaml in `/home/user/studio/dataconnect`\n"}}
[debug] [2026-02-27T05:08:22.924Z] E0227 05:08:22.923029     932 watch.go:40] Failed to load config from "/home/user/studio/dataconnect": could not find dataconnect.yaml in `/home/user/studio/dataconnect`
 {"metadata":{"emulator":{"name":"dataconnect"},"message":"E0227 05:08:22.923029     932 watch.go:40] Failed to load config from \"/home/user/studio/dataconnect\": could not find dataconnect.yaml in `/home/user/studio/dataconnect`\n"}}
[debug] [2026-02-27T05:08:32.921Z] E0227 05:08:32.919594     932 watch.go:40] Failed to load config from "/home/user/studio/dataconnect": could not find dataconnect.yaml in `/home/user/studio/dataconnect`
 {"metadata":{"emulator":{"name":"dataconnect"},"message":"E0227 05:08:32.919594     932 watch.go:40] Failed to load config from \"/home/user/studio/dataconnect\": could not find dataconnect.yaml in `/home/user/studio/dataconnect`\n"}}
[debug] [2026-02-27T05:08:42.922Z] E0227 05:08:42.920393     932 watch.go:116] watchAllDir unable to walk dir `/home/user/studio/dataconnect`: lstat /home/user/studio/dataconnect: no such file or directory
E0227 05:08:42.920558     932 watch.go:40] Failed to load config from "/home/user/studio/dataconnect": could not find dataconnect.yaml in `/home/user/studio/dataconnect`
 {"metadata":{"emulator":{"name":"dataconnect"},"message":"E0227 05:08:42.920393     932 watch.go:116] watchAllDir unable to walk dir `/home/user/studio/dataconnect`: lstat /home/user/studio/dataconnect: no such file or directory\nE0227 05:08:42.920558     932 watch.go:40] Failed to load config from \"/home/user/studio/dataconnect\": could not find dataconnect.yaml in `/home/user/studio/dataconnect`\n"}}
[debug] [2026-02-27T05:08:52.928Z] E0227 05:08:52.927948     932 watch.go:40] Failed to load config from "/home/user/studio/dataconnect": could not find dataconnect.yaml in `/home/user/studio/dataconnect`
 {"metadata":{"emulator":{"name":"dataconnect"},"message":"E0227 05:08:52.927948     932 watch.go:40] Failed to load config from \"/home/user/studio/dataconnect\": could not find dataconnect.yaml in `/home/user/studio/dataconnect`\n"}}
[debug] [2026-02-27T05:09:02.929Z] E0227 05:09:02.928942     932 watch.go:40] Failed to load config from "/home/user/studio/dataconnect": could not find dataconnect.yaml in `/home/user/studio/dataconnect`
 {"metadata":{"emulator":{"name":"dataconnect"},"message":"E0227 05:09:02.928942     932 watch.go:40] Failed to load config from \"/home/user/studio/dataconnect\": could not find dataconnect.yaml in `/home/user/studio/dataconnect`\n"}}
[debug] [2026-02-27T05:09:12.922Z] E0227 05:09:12.922031     932 watch.go:40] Failed to load config from "/home/user/studio/dataconnect": could not find dataconnect.yaml in `/home/user/studio/dataconnect`
 {"metadata":{"emulator":{"name":"dataconnect"},"message":"E0227 05:09:12.922031     932 watch.go:40] Failed to load config from \"/home/user/studio/dataconnect\": could not find dataconnect.yaml in `/home/user/studio/dataconnect`\n"}}
[debug] [2026-02-27T05:09:22.928Z] E0227 05:09:22.928005     932 watch.go:40] Failed to load config from "/home/user/studio/dataconnect": could not find dataconnect.yaml in `/home/user/studio/dataconnect`
 {"metadata":{"emulator":{"name":"dataconnect"},"message":"E0227 05:09:22.928005     932 watch.go:40] Failed to load config from \"/home/user/studio/dataconnect\": could not find dataconnect.yaml in `/home/user/studio/dataconnect`\n"}}
[debug] [2026-02-27T05:09:32.959Z] E0227 05:09:32.930940     932 watch.go:40] Failed to load config from "/home/user/studio/dataconnect": could not find dataconnect.yaml in `/home/user/studio/dataconnect`
 {"metadata":{"emulator":{"name":"dataconnect"},"message":"E0227 05:09:32.930940     932 watch.go:40] Failed to load config from \"/home/user/studio/dataconnect\": could not find dataconnect.yaml in `/home/user/studio/dataconnect`\n"}}
[debug] [2026-02-27T05:09:42.920Z] E0227 05:09:42.920494     932 watch.go:116] watchAllDir unable to walk dir `/home/user/studio/dataconnect`: lstat /home/user/studio/dataconnect: no such file or directory
 {"metadata":{"emulator":{"name":"dataconnect"},"message":"E0227 05:09:42.920494     932 watch.go:116] watchAllDir unable to walk dir `/home/user/studio/dataconnect`: lstat /home/user/studio/dataconnect: no such file or directory\n"}}
[debug] [2026-02-27T05:09:42.925Z] E0227 05:09:42.920638     932 watch.go:40] Failed to load config from "/home/user/studio/dataconnect": could not find dataconnect.yaml in `/home/user/studio/dataconnect`
 {"metadata":{"emulator":{"name":"dataconnect"},"message":"E0227 05:09:42.920638     932 watch.go:40] Failed to load config from \"/home/user/studio/dataconnect\": could not find dataconnect.yaml in `/home/user/studio/dataconnect`\n"}}
[debug] [2026-02-27T05:09:52.928Z] E0227 05:09:52.927959     932 watch.go:40] Failed to load config from "/home/user/studio/dataconnect": could not find dataconnect.yaml in `/home/user/studio/dataconnect`
 {"metadata":{"emulator":{"name":"dataconnect"},"message":"E0227 05:09:52.927959     932 watch.go:40] Failed to load config from \"/home/user/studio/dataconnect\": could not find dataconnect.yaml in `/home/user/studio/dataconnect`\n"}}
[debug] [2026-02-27T05:10:02.933Z] E0227 05:10:02.929083     932 watch.go:40] Failed to load config from "/home/user/studio/dataconnect": could not find dataconnect.yaml in `/home/user/studio/dataconnect`
 {"metadata":{"emulator":{"name":"dataconnect"},"message":"E0227 05:10:02.929083     932 watch.go:40] Failed to load config from \"/home/user/studio/dataconnect\": could not find dataconnect.yaml in `/home/user/studio/dataconnect`\n"}}
[debug] [2026-02-27T05:10:12.920Z] E0227 05:10:12.920189     932 watch.go:40] Failed to load config from "/home/user/studio/dataconnect": could not find dataconnect.yaml in `/home/user/studio/dataconnect`
 {"metadata":{"emulator":{"name":"dataconnect"},"message":"E0227 05:10:12.920189     932 watch.go:40] Failed to load config from \"/home/user/studio/dataconnect\": could not find dataconnect.yaml in `/home/user/studio/dataconnect`\n"}}
[debug] [2026-02-27T05:10:22.932Z] E0227 05:10:22.932660     932 watch.go:40] Failed to load config from "/home/user/studio/dataconnect": could not find dataconnect.yaml in `/home/user/studio/dataconnect`
 {"metadata":{"emulator":{"name":"dataconnect"},"message":"E0227 05:10:22.932660     932 watch.go:40] Failed to load config from \"/home/user/studio/dataconnect\": could not find dataconnect.yaml in `/home/user/studio/dataconnect`\n"}}
[debug] [2026-02-27T05:10:32.920Z] E0227 05:10:32.919577     932 watch.go:40] Failed to load config from "/home/user/studio/dataconnect": could not find dataconnect.yaml in `/home/user/studio/dataconnect`
 {"metadata":{"emulator":{"name":"dataconnect"},"message":"E0227 05:10:32.919577     932 watch.go:40] Failed to load config from \"/home/user/studio/dataconnect\": could not find dataconnect.yaml in `/home/user/studio/dataconnect`\n"}}
[debug] [2026-02-27T05:10:42.920Z] E0227 05:10:42.920092     932 watch.go:116] watchAllDir unable to walk dir `/home/user/studio/dataconnect`: lstat /home/user/studio/dataconnect: no such file or directory
E0227 05:10:42.920260     932 watch.go:40] Failed to load config from "/home/user/studio/dataconnect": could not find dataconnect.yaml in `/home/user/studio/dataconnect`
 {"metadata":{"emulator":{"name":"dataconnect"},"message":"E0227 05:10:42.920092     932 watch.go:116] watchAllDir unable to walk dir `/home/user/studio/dataconnect`: lstat /home/user/studio/dataconnect: no such file or directory\nE0227 05:10:42.920260     932 watch.go:40] Failed to load config from \"/home/user/studio/dataconnect\": could not find dataconnect.yaml in `/home/user/studio/dataconnect`\n"}}
[debug] [2026-02-27T05:10:52.924Z] E0227 05:10:52.924078     932 watch.go:40] Failed to load config from "/home/user/studio/dataconnect": could not find dataconnect.yaml in `/home/user/studio/dataconnect`
 {"metadata":{"emulator":{"name":"dataconnect"},"message":"E0227 05:10:52.924078     932 watch.go:40] Failed to load config from \"/home/user/studio/dataconnect\": could not find dataconnect.yaml in `/home/user/studio/dataconnect`\n"}}
[debug] [2026-02-27T05:11:02.929Z] E0227 05:11:02.928945     932 watch.go:40] Failed to load config from "/home/user/studio/dataconnect": could not find dataconnect.yaml in `/home/user/studio/dataconnect`
 {"metadata":{"emulator":{"name":"dataconnect"},"message":"E0227 05:11:02.928945     932 watch.go:40] Failed to load config from \"/home/user/studio/dataconnect\": could not find dataconnect.yaml in `/home/user/studio/dataconnect`\n"}}
[debug] [2026-02-27T05:11:12.920Z] E0227 05:11:12.920204     932 watch.go:40] Failed to load config from "/home/user/studio/dataconnect": could not find dataconnect.yaml in `/home/user/studio/dataconnect`
 {"metadata":{"emulator":{"name":"dataconnect"},"message":"E0227 05:11:12.920204     932 watch.go:40] Failed to load config from \"/home/user/studio/dataconnect\": could not find dataconnect.yaml in `/home/user/studio/dataconnect`\n"}}
[debug] [2026-02-27T05:11:22.929Z] E0227 05:11:22.928959     932 watch.go:40] Failed to load config from "/home/user/studio/dataconnect": could not find dataconnect.yaml in `/home/user/studio/dataconnect`
 {"metadata":{"emulator":{"name":"dataconnect"},"message":"E0227 05:11:22.928959     932 watch.go:40] Failed to load config from \"/home/user/studio/dataconnect\": could not find dataconnect.yaml in `/home/user/studio/dataconnect`\n"}}
[debug] [2026-02-27T05:11:32.929Z] E0227 05:11:32.928944     932 watch.go:40] Failed to load config from "/home/user/studio/dataconnect": could not find dataconnect.yaml in `/home/user/studio/dataconnect`
 {"metadata":{"emulator":{"name":"dataconnect"},"message":"E0227 05:11:32.928944     932 watch.go:40] Failed to load config from \"/home/user/studio/dataconnect\": could not find dataconnect.yaml in `/home/user/studio/dataconnect`\n"}}
[debug] [2026-02-27T05:11:42.920Z] E0227 05:11:42.920088     932 watch.go:116] watchAllDir unable to walk dir `/home/user/studio/dataconnect`: lstat /home/user/studio/dataconnect: no such file or directory
E0227 05:11:42.920207     932 watch.go:40] Failed to load config from "/home/user/studio/dataconnect": could not find dataconnect.yaml in `/home/user/studio/dataconnect`
 {"metadata":{"emulator":{"name":"dataconnect"},"message":"E0227 05:11:42.920088     932 watch.go:116] watchAllDir unable to walk dir `/home/user/studio/dataconnect`: lstat /home/user/studio/dataconnect: no such file or directory\nE0227 05:11:42.920207     932 watch.go:40] Failed to load config from \"/home/user/studio/dataconnect\": could not find dataconnect.yaml in `/home/user/studio/dataconnect`\n"}}
[debug] [2026-02-27T05:11:52.930Z] E0227 05:11:52.929903     932 watch.go:40] Failed to load config from "/home/user/studio/dataconnect": could not find dataconnect.yaml in `/home/user/studio/dataconnect`
 {"metadata":{"emulator":{"name":"dataconnect"},"message":"E0227 05:11:52.929903     932 watch.go:40] Failed to load config from \"/home/user/studio/dataconnect\": could not find dataconnect.yaml in `/home/user/studio/dataconnect`\n"}}
[debug] [2026-02-27T05:12:02.930Z] E0227 05:12:02.928952     932 watch.go:40] Failed to load config from "/home/user/studio/dataconnect": could not find dataconnect.yaml in `/home/user/studio/dataconnect`
 {"metadata":{"emulator":{"name":"dataconnect"},"message":"E0227 05:12:02.928952     932 watch.go:40] Failed to load config from \"/home/user/studio/dataconnect\": could not find dataconnect.yaml in `/home/user/studio/dataconnect`\n"}}
[debug] [2026-02-27T05:12:12.920Z] E0227 05:12:12.920171     932 watch.go:40] Failed to load config from "/home/user/studio/dataconnect": could not find dataconnect.yaml in `/home/user/studio/dataconnect`
 {"metadata":{"emulator":{"name":"dataconnect"},"message":"E0227 05:12:12.920171     932 watch.go:40] Failed to load config from \"/home/user/studio/dataconnect\": could not find dataconnect.yaml in `/home/user/studio/dataconnect`\n"}}
[debug] [2026-02-27T05:12:22.930Z] E0227 05:12:22.929912     932 watch.go:40] Failed to load config from "/home/user/studio/dataconnect": could not find dataconnect.yaml in `/home/user/studio/dataconnect`
 {"metadata":{"emulator":{"name":"dataconnect"},"message":"E0227 05:12:22.929912     932 watch.go:40] Failed to load config from \"/home/user/studio/dataconnect\": could not find dataconnect.yaml in `/home/user/studio/dataconnect`\n"}}
[debug] [2026-02-27T05:12:32.924Z] E0227 05:12:32.924522     932 watch.go:40] Failed to load config from "/home/user/studio/dataconnect": could not find dataconnect.yaml in `/home/user/studio/dataconnect`
 {"metadata":{"emulator":{"name":"dataconnect"},"message":"E0227 05:12:32.924522     932 watch.go:40] Failed to load config from \"/home/user/studio/dataconnect\": could not find dataconnect.yaml in `/home/user/studio/dataconnect`\n"}}
[debug] [2026-02-27T05:12:42.919Z] E0227 05:12:42.919429     932 watch.go:116] watchAllDir unable to walk dir `/home/user/studio/dataconnect`: lstat /home/user/studio/dataconnect: no such file or directory
E0227 05:12:42.919597     932 watch.go:40] Failed to load config from "/home/user/studio/dataconnect": could not find dataconnect.yaml in `/home/user/studio/dataconnect`
 {"metadata":{"emulator":{"name":"dataconnect"},"message":"E0227 05:12:42.919429     932 watch.go:116] watchAllDir unable to walk dir `/home/user/studio/dataconnect`: lstat /home/user/studio/dataconnect: no such file or directory\nE0227 05:12:42.919597     932 watch.go:40] Failed to load config from \"/home/user/studio/dataconnect\": could not find dataconnect.yaml in `/home/user/studio/dataconnect`\n"}}
[debug] [2026-02-27T05:12:52.930Z] E0227 05:12:52.929924     932 watch.go:40] Failed to load config from "/home/user/studio/dataconnect": could not find dataconnect.yaml in `/home/user/studio/dataconnect`
 {"metadata":{"emulator":{"name":"dataconnect"},"message":"E0227 05:12:52.929924     932 watch.go:40] Failed to load config from \"/home/user/studio/dataconnect\": could not find dataconnect.yaml in `/home/user/studio/dataconnect`\n"}}
[debug] [2026-02-27T05:13:02.929Z] E0227 05:13:02.928943     932 watch.go:40] Failed to load config from "/home/user/studio/dataconnect": could not find dataconnect.yaml in `/home/user/studio/dataconnect`
 {"metadata":{"emulator":{"name":"dataconnect"},"message":"E0227 05:13:02.928943     932 watch.go:40] Failed to load config from \"/home/user/studio/dataconnect\": could not find dataconnect.yaml in `/home/user/studio/dataconnect`\n"}}
[debug] [2026-02-27T05:13:12.921Z] E0227 05:13:12.920936     932 watch.go:40] Failed to load config from "/home/user/studio/dataconnect": could not find dataconnect.yaml in `/home/user/studio/dataconnect`
 {"metadata":{"emulator":{"name":"dataconnect"},"message":"E0227 05:13:12.920936     932 watch.go:40] Failed to load config from \"/home/user/studio/dataconnect\": could not find dataconnect.yaml in `/home/user/studio/dataconnect`\n"}}
[debug] [2026-02-27T05:13:22.933Z] E0227 05:13:22.928935     932 watch.go:40] Failed to load config from "/home/user/studio/dataconnect": could not find dataconnect.yaml in `/home/user/studio/dataconnect`
 {"metadata":{"emulator":{"name":"dataconnect"},"message":"E0227 05:13:22.928935     932 watch.go:40] Failed to load config from \"/home/user/studio/dataconnect\": could not find dataconnect.yaml in `/home/user/studio/dataconnect`\n"}}
[debug] [2026-02-27T05:13:32.930Z] E0227 05:13:32.929921     932 watch.go:40] Failed to load config from "/home/user/studio/dataconnect": could not find dataconnect.yaml in `/home/user/studio/dataconnect`
 {"metadata":{"emulator":{"name":"dataconnect"},"message":"E0227 05:13:32.929921     932 watch.go:40] Failed to load config from \"/home/user/studio/dataconnect\": could not find dataconnect.yaml in `/home/user/studio/dataconnect`\n"}}
[debug] [2026-02-27T05:13:42.920Z] E0227 05:13:42.920078     932 watch.go:116] watchAllDir unable to walk dir `/home/user/studio/dataconnect`: lstat /home/user/studio/dataconnect: no such file or directory
E0227 05:13:42.920191     932 watch.go:40] Failed to load config from "/home/user/studio/dataconnect": could not find dataconnect.yaml in `/home/user/studio/dataconnect`
 {"metadata":{"emulator":{"name":"dataconnect"},"message":"E0227 05:13:42.920078     932 watch.go:116] watchAllDir unable to walk dir `/home/user/studio/dataconnect`: lstat /home/user/studio/dataconnect: no such file or directory\nE0227 05:13:42.920191     932 watch.go:40] Failed to load config from \"/home/user/studio/dataconnect\": could not find dataconnect.yaml in `/home/user/studio/dataconnect`\n"}}
[debug] [2026-02-27T05:13:52.932Z] E0227 05:13:52.929310     932 watch.go:40] Failed to load config from "/home/user/studio/dataconnect": could not find dataconnect.yaml in `/home/user/studio/dataconnect`
 {"metadata":{"emulator":{"name":"dataconnect"},"message":"E0227 05:13:52.929310     932 watch.go:40] Failed to load config from \"/home/user/studio/dataconnect\": could not find dataconnect.yaml in `/home/user/studio/dataconnect`\n"}}
[debug] [2026-02-27T05:14:02.935Z] E0227 05:14:02.932460     932 watch.go:40] Failed to load config from "/home/user/studio/dataconnect": could not find dataconnect.yaml in `/home/user/studio/dataconnect`
 {"metadata":{"emulator":{"name":"dataconnect"},"message":"E0227 05:14:02.932460     932 watch.go:40] Failed to load config from \"/home/user/studio/dataconnect\": could not find dataconnect.yaml in `/home/user/studio/dataconnect`\n"}}
[debug] [2026-02-27T05:14:12.920Z] E0227 05:14:12.920158     932 watch.go:40] Failed to load config from "/home/user/studio/dataconnect": could not find dataconnect.yaml in `/home/user/studio/dataconnect`
 {"metadata":{"emulator":{"name":"dataconnect"},"message":"E0227 05:14:12.920158     932 watch.go:40] Failed to load config from \"/home/user/studio/dataconnect\": could not find dataconnect.yaml in `/home/user/studio/dataconnect`\n"}}
[debug] [2026-02-27T05:14:22.929Z] E0227 05:14:22.928921     932 watch.go:40] Failed to load config from "/home/user/studio/dataconnect": could not find dataconnect.yaml in `/home/user/studio/dataconnect`
 {"metadata":{"emulator":{"name":"dataconnect"},"message":"E0227 05:14:22.928921     932 watch.go:40] Failed to load config from \"/home/user/studio/dataconnect\": could not find dataconnect.yaml in `/home/user/studio/dataconnect`\n"}}
[debug] [2026-02-27T05:14:32.929Z] E0227 05:14:32.928953     932 watch.go:40] Failed to load config from "/home/user/studio/dataconnect": could not find dataconnect.yaml in `/home/user/studio/dataconnect`
 {"metadata":{"emulator":{"name":"dataconnect"},"message":"E0227 05:14:32.928953     932 watch.go:40] Failed to load config from \"/home/user/studio/dataconnect\": could not find dataconnect.yaml in `/home/user/studio/dataconnect`\n"}}
[debug] [2026-02-27T05:14:42.920Z] E0227 05:14:42.919495     932 watch.go:116] watchAllDir unable to walk dir `/home/user/studio/dataconnect`: lstat /home/user/studio/dataconnect: no such file or directory
E0227 05:14:42.919661     932 watch.go:40] Failed to load config from "/home/user/studio/dataconnect": could not find dataconnect.yaml in `/home/user/studio/dataconnect`
 {"metadata":{"emulator":{"name":"dataconnect"},"message":"E0227 05:14:42.919495     932 watch.go:116] watchAllDir unable to walk dir `/home/user/studio/dataconnect`: lstat /home/user/studio/dataconnect: no such file or directory\nE0227 05:14:42.919661     932 watch.go:40] Failed to load config from \"/home/user/studio/dataconnect\": could not find dataconnect.yaml in `/home/user/studio/dataconnect`\n"}}
[debug] [2026-02-27T05:14:52.928Z] E0227 05:14:52.927961     932 watch.go:40] Failed to load config from "/home/user/studio/dataconnect": could not find dataconnect.yaml in `/home/user/studio/dataconnect`
 {"metadata":{"emulator":{"name":"dataconnect"},"message":"E0227 05:14:52.927961     932 watch.go:40] Failed to load config from \"/home/user/studio/dataconnect\": could not find dataconnect.yaml in `/home/user/studio/dataconnect`\n"}}
[debug] [2026-02-27T05:15:02.930Z] E0227 05:15:02.929658     932 watch.go:40] Failed to load config from "/home/user/studio/dataconnect": could not find dataconnect.yaml in `/home/user/studio/dataconnect`
 {"metadata":{"emulator":{"name":"dataconnect"},"message":"E0227 05:15:02.929658     932 watch.go:40] Failed to load config from \"/home/user/studio/dataconnect\": could not find dataconnect.yaml in `/home/user/studio/dataconnect`\n"}}
[debug] [2026-02-27T05:15:12.921Z] E0227 05:15:12.920958     932 watch.go:40] Failed to load config from "/home/user/studio/dataconnect": could not find dataconnect.yaml in `/home/user/studio/dataconnect`
 {"metadata":{"emulator":{"name":"dataconnect"},"message":"E0227 05:15:12.920958     932 watch.go:40] Failed to load config from \"/home/user/studio/dataconnect\": could not find dataconnect.yaml in `/home/user/studio/dataconnect`\n"}}
[debug] [2026-02-27T05:15:22.929Z] E0227 05:15:22.928976     932 watch.go:40] Failed to load config from "/home/user/studio/dataconnect": could not find dataconnect.yaml in `/home/user/studio/dataconnect`
 {"metadata":{"emulator":{"name":"dataconnect"},"message":"E0227 05:15:22.928976     932 watch.go:40] Failed to load config from \"/home/user/studio/dataconnect\": could not find dataconnect.yaml in `/home/user/studio/dataconnect`\n"}}
[debug] [2026-02-27T05:15:32.929Z] E0227 05:15:32.928954     932 watch.go:40] Failed to load config from "/home/user/studio/dataconnect": could not find dataconnect.yaml in `/home/user/studio/dataconnect`
 {"metadata":{"emulator":{"name":"dataconnect"},"message":"E0227 05:15:32.928954     932 watch.go:40] Failed to load config from \"/home/user/studio/dataconnect\": could not find dataconnect.yaml in `/home/user/studio/dataconnect`\n"}}
[debug] [2026-02-27T05:15:42.923Z] E0227 05:15:42.919482     932 watch.go:116] watchAllDir unable to walk dir `/home/user/studio/dataconnect`: lstat /home/user/studio/dataconnect: no such file or directory
E0227 05:15:42.919601     932 watch.go:40] Failed to load config from "/home/user/studio/dataconnect": could not find dataconnect.yaml in `/home/user/studio/dataconnect`
 {"metadata":{"emulator":{"name":"dataconnect"},"message":"E0227 05:15:42.919482     932 watch.go:116] watchAllDir unable to walk dir `/home/user/studio/dataconnect`: lstat /home/user/studio/dataconnect: no such file or directory\nE0227 05:15:42.919601     932 watch.go:40] Failed to load config from \"/home/user/studio/dataconnect\": could not find dataconnect.yaml in `/home/user/studio/dataconnect`\n"}}
[debug] [2026-02-27T05:15:52.928Z] E0227 05:15:52.927917     932 watch.go:40] Failed to load config from "/home/user/studio/dataconnect": could not find dataconnect.yaml in `/home/user/studio/dataconnect`
 {"metadata":{"emulator":{"name":"dataconnect"},"message":"E0227 05:15:52.927917     932 watch.go:40] Failed to load config from \"/home/user/studio/dataconnect\": could not find dataconnect.yaml in `/home/user/studio/dataconnect`\n"}}
[debug] [2026-02-27T05:16:02.930Z] E0227 05:16:02.929961     932 watch.go:40] Failed to load config from "/home/user/studio/dataconnect": could not find dataconnect.yaml in `/home/user/studio/dataconnect`
 {"metadata":{"emulator":{"name":"dataconnect"},"message":"E0227 05:16:02.929961     932 watch.go:40] Failed to load config from \"/home/user/studio/dataconnect\": could not find dataconnect.yaml in `/home/user/studio/dataconnect`\n"}}
[debug] [2026-02-27T05:16:12.928Z] E0227 05:16:12.920175     932 watch.go:40] Failed to load config from "/home/user/studio/dataconnect": could not find dataconnect.yaml in `/home/user/studio/dataconnect`
 {"metadata":{"emulator":{"name":"dataconnect"},"message":"E0227 05:16:12.920175     932 watch.go:40] Failed to load config from \"/home/user/studio/dataconnect\": could not find dataconnect.yaml in `/home/user/studio/dataconnect`\n"}}
[debug] [2026-02-27T05:16:22.929Z] E0227 05:16:22.928010     932 watch.go:40] Failed to load config from "/home/user/studio/dataconnect": could not find dataconnect.yaml in `/home/user/studio/dataconnect`
 {"metadata":{"emulator":{"name":"dataconnect"},"message":"E0227 05:16:22.928010     932 watch.go:40] Failed to load config from \"/home/user/studio/dataconnect\": could not find dataconnect.yaml in `/home/user/studio/dataconnect`\n"}}
[debug] [2026-02-27T05:16:32.929Z] E0227 05:16:32.928936     932 watch.go:40] Failed to load config from "/home/user/studio/dataconnect": could not find dataconnect.yaml in `/home/user/studio/dataconnect`
 {"metadata":{"emulator":{"name":"dataconnect"},"message":"E0227 05:16:32.928936     932 watch.go:40] Failed to load config from \"/home/user/studio/dataconnect\": could not find dataconnect.yaml in `/home/user/studio/dataconnect`\n"}}
[debug] [2026-02-27T05:16:42.924Z] E0227 05:16:42.920011     932 watch.go:116] watchAllDir unable to walk dir `/home/user/studio/dataconnect`: lstat /home/user/studio/dataconnect: no such file or directory
E0227 05:16:42.923988     932 watch.go:40] Failed to load config from "/home/user/studio/dataconnect": could not find dataconnect.yaml in `/home/user/studio/dataconnect`
 {"metadata":{"emulator":{"name":"dataconnect"},"message":"E0227 05:16:42.920011     932 watch.go:116] watchAllDir unable to walk dir `/home/user/studio/dataconnect`: lstat /home/user/studio/dataconnect: no such file or directory\nE0227 05:16:42.923988     932 watch.go:40] Failed to load config from \"/home/user/studio/dataconnect\": could not find dataconnect.yaml in `/home/user/studio/dataconnect`\n"}}
[debug] [2026-02-27T05:16:52.920Z] E0227 05:16:52.919709     932 watch.go:40] Failed to load config from "/home/user/studio/dataconnect": could not find dataconnect.yaml in `/home/user/studio/dataconnect`
 {"metadata":{"emulator":{"name":"dataconnect"},"message":"E0227 05:16:52.919709     932 watch.go:40] Failed to load config from \"/home/user/studio/dataconnect\": could not find dataconnect.yaml in `/home/user/studio/dataconnect`\n"}}
[debug] [2026-02-27T05:17:02.929Z] E0227 05:17:02.928961     932 watch.go:40] Failed to load config from "/home/user/studio/dataconnect": could not find dataconnect.yaml in `/home/user/studio/dataconnect`
 {"metadata":{"emulator":{"name":"dataconnect"},"message":"E0227 05:17:02.928961     932 watch.go:40] Failed to load config from \"/home/user/studio/dataconnect\": could not find dataconnect.yaml in `/home/user/studio/dataconnect`\n"}}
[debug] [2026-02-27T05:17:12.920Z] E0227 05:17:12.920182     932 watch.go:40] Failed to load config from "/home/user/studio/dataconnect": could not find dataconnect.yaml in `/home/user/studio/dataconnect`
 {"metadata":{"emulator":{"name":"dataconnect"},"message":"E0227 05:17:12.920182     932 watch.go:40] Failed to load config from \"/home/user/studio/dataconnect\": could not find dataconnect.yaml in `/home/user/studio/dataconnect`\n"}}
[debug] [2026-02-27T05:17:22.930Z] E0227 05:17:22.929600     932 watch.go:40] Failed to load config from "/home/user/studio/dataconnect": could not find dataconnect.yaml in `/home/user/studio/dataconnect`
 {"metadata":{"emulator":{"name":"dataconnect"},"message":"E0227 05:17:22.929600     932 watch.go:40] Failed to load config from \"/home/user/studio/dataconnect\": could not find dataconnect.yaml in `/home/user/studio/dataconnect`\n"}}
[debug] [2026-02-27T05:17:32.934Z] E0227 05:17:32.931931     932 watch.go:40] Failed to load config from "/home/user/studio/dataconnect": could not find dataconnect.yaml in `/home/user/studio/dataconnect`
 {"metadata":{"emulator":{"name":"dataconnect"},"message":"E0227 05:17:32.931931     932 watch.go:40] Failed to load config from \"/home/user/studio/dataconnect\": could not find dataconnect.yaml in `/home/user/studio/dataconnect`\n"}}
[debug] [2026-02-27T05:17:42.920Z] E0227 05:17:42.920192     932 watch.go:40] Failed to load config from "/home/user/studio/dataconnect": could not find dataconnect.yaml in `/home/user/studio/dataconnect`
 {"metadata":{"emulator":{"name":"dataconnect"},"message":"E0227 05:17:42.920192     932 watch.go:40] Failed to load config from \"/home/user/studio/dataconnect\": could not find dataconnect.yaml in `/home/user/studio/dataconnect`\n"}}
[debug] [2026-02-27T05:17:42.926Z] E0227 05:17:42.921630     932 watch.go:116] watchAllDir unable to walk dir `/home/user/studio/dataconnect`: lstat /home/user/studio/dataconnect: no such file or directory
 {"metadata":{"emulator":{"name":"dataconnect"},"message":"E0227 05:17:42.921630     932 watch.go:116] watchAllDir unable to walk dir `/home/user/studio/dataconnect`: lstat /home/user/studio/dataconnect: no such file or directory\n"}}
[debug] [2026-02-27T05:17:52.929Z] E0227 05:17:52.929601     932 watch.go:40] Failed to load config from "/home/user/studio/dataconnect": could not find dataconnect.yaml in `/home/user/studio/dataconnect`
 {"metadata":{"emulator":{"name":"dataconnect"},"message":"E0227 05:17:52.929601     932 watch.go:40] Failed to load config from \"/home/user/studio/dataconnect\": could not find dataconnect.yaml in `/home/user/studio/dataconnect`\n"}}
[debug] [2026-02-27T05:18:02.929Z] E0227 05:18:02.927945     932 watch.go:40] Failed to load config from "/home/user/studio/dataconnect": could not find dataconnect.yaml in `/home/user/studio/dataconnect`
 {"metadata":{"emulator":{"name":"dataconnect"},"message":"E0227 05:18:02.927945     932 watch.go:40] Failed to load config from \"/home/user/studio/dataconnect\": could not find dataconnect.yaml in `/home/user/studio/dataconnect`\n"}}
[debug] [2026-02-27T05:18:12.921Z] E0227 05:18:12.920803     932 watch.go:40] Failed to load config from "/home/user/studio/dataconnect": could not find dataconnect.yaml in `/home/user/studio/dataconnect`
 {"metadata":{"emulator":{"name":"dataconnect"},"message":"E0227 05:18:12.920803     932 watch.go:40] Failed to load config from \"/home/user/studio/dataconnect\": could not find dataconnect.yaml in `/home/user/studio/dataconnect`\n"}}
[debug] [2026-02-27T05:18:22.929Z] E0227 05:18:22.929604     932 watch.go:40] Failed to load config from "/home/user/studio/dataconnect": could not find dataconnect.yaml in `/home/user/studio/dataconnect`
 {"metadata":{"emulator":{"name":"dataconnect"},"message":"E0227 05:18:22.929604     932 watch.go:40] Failed to load config from \"/home/user/studio/dataconnect\": could not find dataconnect.yaml in `/home/user/studio/dataconnect`\n"}}
[debug] [2026-02-27T05:18:32.930Z] E0227 05:18:32.928980     932 watch.go:40] Failed to load config from "/home/user/studio/dataconnect": could not find dataconnect.yaml in `/home/user/studio/dataconnect`
 {"metadata":{"emulator":{"name":"dataconnect"},"message":"E0227 05:18:32.928980     932 watch.go:40] Failed to load config from \"/home/user/studio/dataconnect\": could not find dataconnect.yaml in `/home/user/studio/dataconnect`\n"}}
[debug] [2026-02-27T05:18:42.925Z] E0227 05:18:42.923026     932 watch.go:40] Failed to load config from "/home/user/studio/dataconnect": could not find dataconnect.yaml in `/home/user/studio/dataconnect`
E0227 05:18:42.923213     932 watch.go:116] watchAllDir unable to walk dir `/home/user/studio/dataconnect`: lstat /home/user/studio/dataconnect: no such file or directory
 {"metadata":{"emulator":{"name":"dataconnect"},"message":"E0227 05:18:42.923026     932 watch.go:40] Failed to load config from \"/home/user/studio/dataconnect\": could not find dataconnect.yaml in `/home/user/studio/dataconnect`\nE0227 05:18:42.923213     932 watch.go:116] watchAllDir unable to walk dir `/home/user/studio/dataconnect`: lstat /home/user/studio/dataconnect: no such file or directory\n"}}
[debug] [2026-02-27T05:18:52.919Z] E0227 05:18:52.919565     932 watch.go:40] Failed to load config from "/home/user/studio/dataconnect": could not find dataconnect.yaml in `/home/user/studio/dataconnect`
 {"metadata":{"emulator":{"name":"dataconnect"},"message":"E0227 05:18:52.919565     932 watch.go:40] Failed to load config from \"/home/user/studio/dataconnect\": could not find dataconnect.yaml in `/home/user/studio/dataconnect`\n"}}
[debug] [2026-02-27T05:19:02.919Z] E0227 05:19:02.919573     932 watch.go:40] Failed to load config from "/home/user/studio/dataconnect": could not find dataconnect.yaml in `/home/user/studio/dataconnect`
 {"metadata":{"emulator":{"name":"dataconnect"},"message":"E0227 05:19:02.919573     932 watch.go:40] Failed to load config from \"/home/user/studio/dataconnect\": could not find dataconnect.yaml in `/home/user/studio/dataconnect`\n"}}
[debug] [2026-02-27T05:19:12.920Z] E0227 05:19:12.920212     932 watch.go:40] Failed to load config from "/home/user/studio/dataconnect": could not find dataconnect.yaml in `/home/user/studio/dataconnect`
 {"metadata":{"emulator":{"name":"dataconnect"},"message":"E0227 05:19:12.920212     932 watch.go:40] Failed to load config from \"/home/user/studio/dataconnect\": could not find dataconnect.yaml in `/home/user/studio/dataconnect`\n"}}
[debug] [2026-02-27T05:19:22.930Z] E0227 05:19:22.929151     932 watch.go:40] Failed to load config from "/home/user/studio/dataconnect": could not find dataconnect.yaml in `/home/user/studio/dataconnect`
 {"metadata":{"emulator":{"name":"dataconnect"},"message":"E0227 05:19:22.929151     932 watch.go:40] Failed to load config from \"/home/user/studio/dataconnect\": could not find dataconnect.yaml in `/home/user/studio/dataconnect`\n"}}
[debug] [2026-02-27T05:19:32.929Z] E0227 05:19:32.929209     932 watch.go:40] Failed to load config from "/home/user/studio/dataconnect": could not find dataconnect.yaml in `/home/user/studio/dataconnect`
 {"metadata":{"emulator":{"name":"dataconnect"},"message":"E0227 05:19:32.929209     932 watch.go:40] Failed to load config from \"/home/user/studio/dataconnect\": could not find dataconnect.yaml in `/home/user/studio/dataconnect`\n"}}
[debug] [2026-02-27T05:19:42.920Z] E0227 05:19:42.920215     932 watch.go:40] Failed to load config from "/home/user/studio/dataconnect": could not find dataconnect.yaml in `/home/user/studio/dataconnect`
 {"metadata":{"emulator":{"name":"dataconnect"},"message":"E0227 05:19:42.920215     932 watch.go:40] Failed to load config from \"/home/user/studio/dataconnect\": could not find dataconnect.yaml in `/home/user/studio/dataconnect`\n"}}
[debug] [2026-02-27T05:19:42.923Z] E0227 05:19:42.920328     932 watch.go:116] watchAllDir unable to walk dir `/home/user/studio/dataconnect`: lstat /home/user/studio/dataconnect: no such file or directory
 {"metadata":{"emulator":{"name":"dataconnect"},"message":"E0227 05:19:42.920328     932 watch.go:116] watchAllDir unable to walk dir `/home/user/studio/dataconnect`: lstat /home/user/studio/dataconnect: no such file or directory\n"}}
[debug] [2026-02-27T05:19:53.050Z] E0227 05:19:52.929542     932 watch.go:40] Failed to load config from "/home/user/studio/dataconnect": could not find dataconnect.yaml in `/home/user/studio/dataconnect`
 {"metadata":{"emulator":{"name":"dataconnect"},"message":"E0227 05:19:52.929542     932 watch.go:40] Failed to load config from \"/home/user/studio/dataconnect\": could not find dataconnect.yaml in `/home/user/studio/dataconnect`\n"}}
[debug] [2026-02-27T05:20:02.932Z] E0227 05:20:02.931932     932 watch.go:40] Failed to load config from "/home/user/studio/dataconnect": could not find dataconnect.yaml in `/home/user/studio/dataconnect`
 {"metadata":{"emulator":{"name":"dataconnect"},"message":"E0227 05:20:02.931932     932 watch.go:40] Failed to load config from \"/home/user/studio/dataconnect\": could not find dataconnect.yaml in `/home/user/studio/dataconnect`\n"}}
[debug] [2026-02-27T05:20:12.920Z] E0227 05:20:12.920210     932 watch.go:40] Failed to load config from "/home/user/studio/dataconnect": could not find dataconnect.yaml in `/home/user/studio/dataconnect`
 {"metadata":{"emulator":{"name":"dataconnect"},"message":"E0227 05:20:12.920210     932 watch.go:40] Failed to load config from \"/home/user/studio/dataconnect\": could not find dataconnect.yaml in `/home/user/studio/dataconnect`\n"}}
[debug] [2026-02-27T05:20:22.931Z] E0227 05:20:22.929657     932 watch.go:40] Failed to load config from "/home/user/studio/dataconnect": could not find dataconnect.yaml in `/home/user/studio/dataconnect`
 {"metadata":{"emulator":{"name":"dataconnect"},"message":"E0227 05:20:22.929657     932 watch.go:40] Failed to load config from \"/home/user/studio/dataconnect\": could not find dataconnect.yaml in `/home/user/studio/dataconnect`\n"}}
[debug] [2026-02-27T05:20:32.929Z] E0227 05:20:32.927920     932 watch.go:40] Failed to load config from "/home/user/studio/dataconnect": could not find dataconnect.yaml in `/home/user/studio/dataconnect`
 {"metadata":{"emulator":{"name":"dataconnect"},"message":"E0227 05:20:32.927920     932 watch.go:40] Failed to load config from \"/home/user/studio/dataconnect\": could not find dataconnect.yaml in `/home/user/studio/dataconnect`\n"}}
[debug] [2026-02-27T05:20:42.923Z] E0227 05:20:42.919694     932 watch.go:40] Failed to load config from "/home/user/studio/dataconnect": could not find dataconnect.yaml in `/home/user/studio/dataconnect`
E0227 05:20:42.919833     932 watch.go:116] watchAllDir unable to walk dir `/home/user/studio/dataconnect`: lstat /home/user/studio/dataconnect: no such file or directory
 {"metadata":{"emulator":{"name":"dataconnect"},"message":"E0227 05:20:42.919694     932 watch.go:40] Failed to load config from \"/home/user/studio/dataconnect\": could not find dataconnect.yaml in `/home/user/studio/dataconnect`\nE0227 05:20:42.919833     932 watch.go:116] watchAllDir unable to walk dir `/home/user/studio/dataconnect`: lstat /home/user/studio/dataconnect: no such file or directory\n"}}
[debug] [2026-02-27T05:20:52.928Z] E0227 05:20:52.927973     932 watch.go:40] Failed to load config from "/home/user/studio/dataconnect": could not find dataconnect.yaml in `/home/user/studio/dataconnect`
 {"metadata":{"emulator":{"name":"dataconnect"},"message":"E0227 05:20:52.927973     932 watch.go:40] Failed to load config from \"/home/user/studio/dataconnect\": could not find dataconnect.yaml in `/home/user/studio/dataconnect`\n"}}
[debug] [2026-02-27T05:21:02.922Z] E0227 05:21:02.921698     932 watch.go:40] Failed to load config from "/home/user/studio/dataconnect": could not find dataconnect.yaml in `/home/user/studio/dataconnect`
 {"metadata":{"emulator":{"name":"dataconnect"},"message":"E0227 05:21:02.921698     932 watch.go:40] Failed to load config from \"/home/user/studio/dataconnect\": could not find dataconnect.yaml in `/home/user/studio/dataconnect`\n"}}
[debug] [2026-02-27T05:21:12.920Z] E0227 05:21:12.919991     932 watch.go:40] Failed to load config from "/home/user/studio/dataconnect": could not find dataconnect.yaml in `/home/user/studio/dataconnect`
 {"metadata":{"emulator":{"name":"dataconnect"},"message":"E0227 05:21:12.919991     932 watch.go:40] Failed to load config from \"/home/user/studio/dataconnect\": could not find dataconnect.yaml in `/home/user/studio/dataconnect`\n"}}
[debug] [2026-02-27T05:21:22.929Z] E0227 05:21:22.928955     932 watch.go:40] Failed to load config from "/home/user/studio/dataconnect": could not find dataconnect.yaml in `/home/user/studio/dataconnect`
 {"metadata":{"emulator":{"name":"dataconnect"},"message":"E0227 05:21:22.928955     932 watch.go:40] Failed to load config from \"/home/user/studio/dataconnect\": could not find dataconnect.yaml in `/home/user/studio/dataconnect`\n"}}
[debug] [2026-02-27T05:21:32.942Z] E0227 05:21:32.928999     932 watch.go:40] Failed to load config from "/home/user/studio/dataconnect": could not find dataconnect.yaml in `/home/user/studio/dataconnect`
 {"metadata":{"emulator":{"name":"dataconnect"},"message":"E0227 05:21:32.928999     932 watch.go:40] Failed to load config from \"/home/user/studio/dataconnect\": could not find dataconnect.yaml in `/home/user/studio/dataconnect`\n"}}
[debug] [2026-02-27T05:21:42.920Z] E0227 05:21:42.920091     932 watch.go:116] watchAllDir unable to walk dir `/home/user/studio/dataconnect`: lstat /home/user/studio/dataconnect: no such file or directory
E0227 05:21:42.920265     932 watch.go:40] Failed to load config from "/home/user/studio/dataconnect": could not find dataconnect.yaml in `/home/user/studio/dataconnect`
 {"metadata":{"emulator":{"name":"dataconnect"},"message":"E0227 05:21:42.920091     932 watch.go:116] watchAllDir unable to walk dir `/home/user/studio/dataconnect`: lstat /home/user/studio/dataconnect: no such file or directory\nE0227 05:21:42.920265     932 watch.go:40] Failed to load config from \"/home/user/studio/dataconnect\": could not find dataconnect.yaml in `/home/user/studio/dataconnect`\n"}}
[debug] [2026-02-27T05:21:52.954Z] E0227 05:21:52.928074     932 watch.go:40] Failed to load config from "/home/user/studio/dataconnect": could not find dataconnect.yaml in `/home/user/studio/dataconnect`
 {"metadata":{"emulator":{"name":"dataconnect"},"message":"E0227 05:21:52.928074     932 watch.go:40] Failed to load config from \"/home/user/studio/dataconnect\": could not find dataconnect.yaml in `/home/user/studio/dataconnect`\n"}}
[debug] [2026-02-27T05:22:02.932Z] E0227 05:22:02.931747     932 watch.go:40] Failed to load config from "/home/user/studio/dataconnect": could not find dataconnect.yaml in `/home/user/studio/dataconnect`
 {"metadata":{"emulator":{"name":"dataconnect"},"message":"E0227 05:22:02.931747     932 watch.go:40] Failed to load config from \"/home/user/studio/dataconnect\": could not find dataconnect.yaml in `/home/user/studio/dataconnect`\n"}}
[debug] [2026-02-27T05:22:12.920Z] E0227 05:22:12.919520     932 watch.go:40] Failed to load config from "/home/user/studio/dataconnect": could not find dataconnect.yaml in `/home/user/studio/dataconnect`
 {"metadata":{"emulator":{"name":"dataconnect"},"message":"E0227 05:22:12.919520     932 watch.go:40] Failed to load config from \"/home/user/studio/dataconnect\": could not find dataconnect.yaml in `/home/user/studio/dataconnect`\n"}}
[debug] [2026-02-27T05:22:22.928Z] E0227 05:22:22.927933     932 watch.go:40] Failed to load config from "/home/user/studio/dataconnect": could not find dataconnect.yaml in `/home/user/studio/dataconnect`
 {"metadata":{"emulator":{"name":"dataconnect"},"message":"E0227 05:22:22.927933     932 watch.go:40] Failed to load config from \"/home/user/studio/dataconnect\": could not find dataconnect.yaml in `/home/user/studio/dataconnect`\n"}}
[debug] [2026-02-27T05:22:32.929Z] E0227 05:22:32.928947     932 watch.go:40] Failed to load config from "/home/user/studio/dataconnect": could not find dataconnect.yaml in `/home/user/studio/dataconnect`
 {"metadata":{"emulator":{"name":"dataconnect"},"message":"E0227 05:22:32.928947     932 watch.go:40] Failed to load config from \"/home/user/studio/dataconnect\": could not find dataconnect.yaml in `/home/user/studio/dataconnect`\n"}}
[debug] [2026-02-27T05:22:42.919Z] E0227 05:22:42.919542     932 watch.go:116] watchAllDir unable to walk dir `/home/user/studio/dataconnect`: lstat /home/user/studio/dataconnect: no such file or directory
E0227 05:22:42.919680     932 watch.go:40] Failed to load config from "/home/user/studio/dataconnect": could not find dataconnect.yaml in `/home/user/studio/dataconnect`
 {"metadata":{"emulator":{"name":"dataconnect"},"message":"E0227 05:22:42.919542     932 watch.go:116] watchAllDir unable to walk dir `/home/user/studio/dataconnect`: lstat /home/user/studio/dataconnect: no such file or directory\nE0227 05:22:42.919680     932 watch.go:40] Failed to load config from \"/home/user/studio/dataconnect\": could not find dataconnect.yaml in `/home/user/studio/dataconnect`\n"}}
[debug] [2026-02-27T05:22:52.929Z] E0227 05:22:52.929023     932 watch.go:40] Failed to load config from "/home/user/studio/dataconnect": could not find dataconnect.yaml in `/home/user/studio/dataconnect`
 {"metadata":{"emulator":{"name":"dataconnect"},"message":"E0227 05:22:52.929023     932 watch.go:40] Failed to load config from \"/home/user/studio/dataconnect\": could not find dataconnect.yaml in `/home/user/studio/dataconnect`\n"}}
[debug] [2026-02-27T05:23:02.931Z] E0227 05:23:02.928945     932 watch.go:40] Failed to load config from "/home/user/studio/dataconnect": could not find dataconnect.yaml in `/home/user/studio/dataconnect`
 {"metadata":{"emulator":{"name":"dataconnect"},"message":"E0227 05:23:02.928945     932 watch.go:40] Failed to load config from \"/home/user/studio/dataconnect\": could not find dataconnect.yaml in `/home/user/studio/dataconnect`\n"}}
[debug] [2026-02-27T05:23:12.937Z] E0227 05:23:12.936596     932 watch.go:40] Failed to load config from "/home/user/studio/dataconnect": could not find dataconnect.yaml in `/home/user/studio/dataconnect`
 {"metadata":{"emulator":{"name":"dataconnect"},"message":"E0227 05:23:12.936596     932 watch.go:40] Failed to load config from \"/home/user/studio/dataconnect\": could not find dataconnect.yaml in `/home/user/studio/dataconnect`\n"}}
[debug] [2026-02-27T05:23:22.919Z] E0227 05:23:22.919560     932 watch.go:40] Failed to load config from "/home/user/studio/dataconnect": could not find dataconnect.yaml in `/home/user/studio/dataconnect`
 {"metadata":{"emulator":{"name":"dataconnect"},"message":"E0227 05:23:22.919560     932 watch.go:40] Failed to load config from \"/home/user/studio/dataconnect\": could not find dataconnect.yaml in `/home/user/studio/dataconnect`\n"}}
[debug] [2026-02-27T05:23:32.931Z] E0227 05:23:32.928949     932 watch.go:40] Failed to load config from "/home/user/studio/dataconnect": could not find dataconnect.yaml in `/home/user/studio/dataconnect`
 {"metadata":{"emulator":{"name":"dataconnect"},"message":"E0227 05:23:32.928949     932 watch.go:40] Failed to load config from \"/home/user/studio/dataconnect\": could not find dataconnect.yaml in `/home/user/studio/dataconnect`\n"}}
[debug] [2026-02-27T05:23:42.921Z] E0227 05:23:42.920511     932 watch.go:40] Failed to load config from "/home/user/studio/dataconnect": could not find dataconnect.yaml in `/home/user/studio/dataconnect`
 {"metadata":{"emulator":{"name":"dataconnect"},"message":"E0227 05:23:42.920511     932 watch.go:40] Failed to load config from \"/home/user/studio/dataconnect\": could not find dataconnect.yaml in `/home/user/studio/dataconnect`\n"}}
[debug] [2026-02-27T05:23:42.942Z] E0227 05:23:42.920145     932 watch.go:116] watchAllDir unable to walk dir `/home/user/studio/dataconnect`: lstat /home/user/studio/dataconnect: no such file or directory
 {"metadata":{"emulator":{"name":"dataconnect"},"message":"E0227 05:23:42.920145     932 watch.go:116] watchAllDir unable to walk dir `/home/user/studio/dataconnect`: lstat /home/user/studio/dataconnect: no such file or directory\n"}}
[debug] [2026-02-27T05:23:52.928Z] E0227 05:23:52.928564     932 watch.go:40] Failed to load config from "/home/user/studio/dataconnect": could not find dataconnect.yaml in `/home/user/studio/dataconnect`
 {"metadata":{"emulator":{"name":"dataconnect"},"message":"E0227 05:23:52.928564     932 watch.go:40] Failed to load config from \"/home/user/studio/dataconnect\": could not find dataconnect.yaml in `/home/user/studio/dataconnect`\n"}}
[debug] [2026-02-27T05:24:02.928Z] E0227 05:24:02.927938     932 watch.go:40] Failed to load config from "/home/user/studio/dataconnect": could not find dataconnect.yaml in `/home/user/studio/dataconnect`
 {"metadata":{"emulator":{"name":"dataconnect"},"message":"E0227 05:24:02.927938     932 watch.go:40] Failed to load config from \"/home/user/studio/dataconnect\": could not find dataconnect.yaml in `/home/user/studio/dataconnect`\n"}}
[debug] [2026-02-27T05:24:12.920Z] E0227 05:24:12.919940     932 watch.go:40] Failed to load config from "/home/user/studio/dataconnect": could not find dataconnect.yaml in `/home/user/studio/dataconnect`
 {"metadata":{"emulator":{"name":"dataconnect"},"message":"E0227 05:24:12.919940     932 watch.go:40] Failed to load config from \"/home/user/studio/dataconnect\": could not find dataconnect.yaml in `/home/user/studio/dataconnect`\n"}}
[debug] [2026-02-27T05:24:22.931Z] E0227 05:24:22.928903     932 watch.go:40] Failed to load config from "/home/user/studio/dataconnect": could not find dataconnect.yaml in `/home/user/studio/dataconnect`
 {"metadata":{"emulator":{"name":"dataconnect"},"message":"E0227 05:24:22.928903     932 watch.go:40] Failed to load config from \"/home/user/studio/dataconnect\": could not find dataconnect.yaml in `/home/user/studio/dataconnect`\n"}}
[debug] [2026-02-27T05:24:32.929Z] E0227 05:24:32.928933     932 watch.go:40] Failed to load config from "/home/user/studio/dataconnect": could not find dataconnect.yaml in `/home/user/studio/dataconnect`
 {"metadata":{"emulator":{"name":"dataconnect"},"message":"E0227 05:24:32.928933     932 watch.go:40] Failed to load config from \"/home/user/studio/dataconnect\": could not find dataconnect.yaml in `/home/user/studio/dataconnect`\n"}}
[debug] [2026-02-27T05:24:42.921Z] E0227 05:24:42.919471     932 watch.go:116] watchAllDir unable to walk dir `/home/user/studio/dataconnect`: lstat /home/user/studio/dataconnect: no such file or directory
E0227 05:24:42.919596     932 watch.go:40] Failed to load config from "/home/user/studio/dataconnect": could not find dataconnect.yaml in `/home/user/studio/dataconnect`
 {"metadata":{"emulator":{"name":"dataconnect"},"message":"E0227 05:24:42.919471     932 watch.go:116] watchAllDir unable to walk dir `/home/user/studio/dataconnect`: lstat /home/user/studio/dataconnect: no such file or directory\nE0227 05:24:42.919596     932 watch.go:40] Failed to load config from \"/home/user/studio/dataconnect\": could not find dataconnect.yaml in `/home/user/studio/dataconnect`\n"}}
[debug] [2026-02-27T05:24:52.930Z] E0227 05:24:52.927919     932 watch.go:40] Failed to load config from "/home/user/studio/dataconnect": could not find dataconnect.yaml in `/home/user/studio/dataconnect`
 {"metadata":{"emulator":{"name":"dataconnect"},"message":"E0227 05:24:52.927919     932 watch.go:40] Failed to load config from \"/home/user/studio/dataconnect\": could not find dataconnect.yaml in `/home/user/studio/dataconnect`\n"}}
[debug] [2026-02-27T05:25:02.932Z] E0227 05:25:02.931935     932 watch.go:40] Failed to load config from "/home/user/studio/dataconnect": could not find dataconnect.yaml in `/home/user/studio/dataconnect`
 {"metadata":{"emulator":{"name":"dataconnect"},"message":"E0227 05:25:02.931935     932 watch.go:40] Failed to load config from \"/home/user/studio/dataconnect\": could not find dataconnect.yaml in `/home/user/studio/dataconnect`\n"}}
[debug] [2026-02-27T05:25:12.922Z] E0227 05:25:12.921463     932 watch.go:40] Failed to load config from "/home/user/studio/dataconnect": could not find dataconnect.yaml in `/home/user/studio/dataconnect`
 {"metadata":{"emulator":{"name":"dataconnect"},"message":"E0227 05:25:12.921463     932 watch.go:40] Failed to load config from \"/home/user/studio/dataconnect\": could not find dataconnect.yaml in `/home/user/studio/dataconnect`\n"}}
[debug] [2026-02-27T05:25:22.944Z] E0227 05:25:22.943294     932 watch.go:40] Failed to load config from "/home/user/studio/dataconnect": could not find dataconnect.yaml in `/home/user/studio/dataconnect`
 {"metadata":{"emulator":{"name":"dataconnect"},"message":"E0227 05:25:22.943294     932 watch.go:40] Failed to load config from \"/home/user/studio/dataconnect\": could not find dataconnect.yaml in `/home/user/studio/dataconnect`\n"}}
[debug] [2026-02-27T05:25:32.929Z] E0227 05:25:32.929037     932 watch.go:40] Failed to load config from "/home/user/studio/dataconnect": could not find dataconnect.yaml in `/home/user/studio/dataconnect`
 {"metadata":{"emulator":{"name":"dataconnect"},"message":"E0227 05:25:32.929037     932 watch.go:40] Failed to load config from \"/home/user/studio/dataconnect\": could not find dataconnect.yaml in `/home/user/studio/dataconnect`\n"}}
[debug] [2026-02-27T05:25:42.920Z] E0227 05:25:42.920058     932 watch.go:40] Failed to load config from "/home/user/studio/dataconnect": could not find dataconnect.yaml in `/home/user/studio/dataconnect`
 {"metadata":{"emulator":{"name":"dataconnect"},"message":"E0227 05:25:42.920058     932 watch.go:40] Failed to load config from \"/home/user/studio/dataconnect\": could not find dataconnect.yaml in `/home/user/studio/dataconnect`\n"}}
[debug] [2026-02-27T05:25:42.937Z] E0227 05:25:42.919852     932 watch.go:116] watchAllDir unable to walk dir `/home/user/studio/dataconnect`: lstat /home/user/studio/dataconnect: no such file or directory
 {"metadata":{"emulator":{"name":"dataconnect"},"message":"E0227 05:25:42.919852     932 watch.go:116] watchAllDir unable to walk dir `/home/user/studio/dataconnect`: lstat /home/user/studio/dataconnect: no such file or directory\n"}}
[debug] [2026-02-27T05:25:52.934Z] E0227 05:25:52.931708     932 watch.go:40] Failed to load config from "/home/user/studio/dataconnect": could not find dataconnect.yaml in `/home/user/studio/dataconnect`
 {"metadata":{"emulator":{"name":"dataconnect"},"message":"E0227 05:25:52.931708     932 watch.go:40] Failed to load config from \"/home/user/studio/dataconnect\": could not find dataconnect.yaml in `/home/user/studio/dataconnect`\n"}}
[debug] [2026-02-27T05:26:02.931Z] E0227 05:26:02.928935     932 watch.go:40] Failed to load config from "/home/user/studio/dataconnect": could not find dataconnect.yaml in `/home/user/studio/dataconnect`
 {"metadata":{"emulator":{"name":"dataconnect"},"message":"E0227 05:26:02.928935     932 watch.go:40] Failed to load config from \"/home/user/studio/dataconnect\": could not find dataconnect.yaml in `/home/user/studio/dataconnect`\n"}}
[debug] [2026-02-27T05:26:12.923Z] E0227 05:26:12.920634     932 watch.go:40] Failed to load config from "/home/user/studio/dataconnect": could not find dataconnect.yaml in `/home/user/studio/dataconnect`
 {"metadata":{"emulator":{"name":"dataconnect"},"message":"E0227 05:26:12.920634     932 watch.go:40] Failed to load config from \"/home/user/studio/dataconnect\": could not find dataconnect.yaml in `/home/user/studio/dataconnect`\n"}}
[debug] [2026-02-27T05:26:22.928Z] E0227 05:26:22.927936     932 watch.go:40] Failed to load config from "/home/user/studio/dataconnect": could not find dataconnect.yaml in `/home/user/studio/dataconnect`
 {"metadata":{"emulator":{"name":"dataconnect"},"message":"E0227 05:26:22.927936     932 watch.go:40] Failed to load config from \"/home/user/studio/dataconnect\": could not find dataconnect.yaml in `/home/user/studio/dataconnect`\n"}}
[debug] [2026-02-27T05:26:32.953Z] E0227 05:26:32.928942     932 watch.go:40] Failed to load config from "/home/user/studio/dataconnect": could not find dataconnect.yaml in `/home/user/studio/dataconnect`
 {"metadata":{"emulator":{"name":"dataconnect"},"message":"E0227 05:26:32.928942     932 watch.go:40] Failed to load config from \"/home/user/studio/dataconnect\": could not find dataconnect.yaml in `/home/user/studio/dataconnect`\n"}}
[debug] [2026-02-27T05:26:42.955Z] E0227 05:26:42.920928     932 watch.go:116] watchAllDir unable to walk dir `/home/user/studio/dataconnect`: lstat /home/user/studio/dataconnect: no such file or directory
E0227 05:26:42.921034     932 watch.go:40] Failed to load config from "/home/user/studio/dataconnect": could not find dataconnect.yaml in `/home/user/studio/dataconnect`
 {"metadata":{"emulator":{"name":"dataconnect"},"message":"E0227 05:26:42.920928     932 watch.go:116] watchAllDir unable to walk dir `/home/user/studio/dataconnect`: lstat /home/user/studio/dataconnect: no such file or directory\nE0227 05:26:42.921034     932 watch.go:40] Failed to load config from \"/home/user/studio/dataconnect\": could not find dataconnect.yaml in `/home/user/studio/dataconnect`\n"}}
[debug] [2026-02-27T05:26:52.931Z] E0227 05:26:52.928976     932 watch.go:40] Failed to load config from "/home/user/studio/dataconnect": could not find dataconnect.yaml in `/home/user/studio/dataconnect`
 {"metadata":{"emulator":{"name":"dataconnect"},"message":"E0227 05:26:52.928976     932 watch.go:40] Failed to load config from \"/home/user/studio/dataconnect\": could not find dataconnect.yaml in `/home/user/studio/dataconnect`\n"}}
[debug] [2026-02-27T05:27:02.930Z] E0227 05:27:02.929967     932 watch.go:40] Failed to load config from "/home/user/studio/dataconnect": could not find dataconnect.yaml in `/home/user/studio/dataconnect`
 {"metadata":{"emulator":{"name":"dataconnect"},"message":"E0227 05:27:02.929967     932 watch.go:40] Failed to load config from \"/home/user/studio/dataconnect\": could not find dataconnect.yaml in `/home/user/studio/dataconnect`\n"}}
[debug] [2026-02-27T05:27:12.921Z] E0227 05:27:12.919574     932 watch.go:40] Failed to load config from "/home/user/studio/dataconnect": could not find dataconnect.yaml in `/home/user/studio/dataconnect`
 {"metadata":{"emulator":{"name":"dataconnect"},"message":"E0227 05:27:12.919574     932 watch.go:40] Failed to load config from \"/home/user/studio/dataconnect\": could not find dataconnect.yaml in `/home/user/studio/dataconnect`\n"}}
[debug] [2026-02-27T05:27:22.930Z] E0227 05:27:22.927933     932 watch.go:40] Failed to load config from "/home/user/studio/dataconnect": could not find dataconnect.yaml in `/home/user/studio/dataconnect`
 {"metadata":{"emulator":{"name":"dataconnect"},"message":"E0227 05:27:22.927933     932 watch.go:40] Failed to load config from \"/home/user/studio/dataconnect\": could not find dataconnect.yaml in `/home/user/studio/dataconnect`\n"}}
[debug] [2026-02-27T05:27:33.191Z] E0227 05:27:32.933208     932 watch.go:40] Failed to load config from "/home/user/studio/dataconnect": could not find dataconnect.yaml in `/home/user/studio/dataconnect`
 {"metadata":{"emulator":{"name":"dataconnect"},"message":"E0227 05:27:32.933208     932 watch.go:40] Failed to load config from \"/home/user/studio/dataconnect\": could not find dataconnect.yaml in `/home/user/studio/dataconnect`\n"}}
[debug] [2026-02-27T05:27:42.925Z] E0227 05:27:42.921894     932 watch.go:40] Failed to load config from "/home/user/studio/dataconnect": could not find dataconnect.yaml in `/home/user/studio/dataconnect`
 {"metadata":{"emulator":{"name":"dataconnect"},"message":"E0227 05:27:42.921894     932 watch.go:40] Failed to load config from \"/home/user/studio/dataconnect\": could not find dataconnect.yaml in `/home/user/studio/dataconnect`\n"}}
[debug] [2026-02-27T05:27:42.940Z] E0227 05:27:42.919500     932 watch.go:116] watchAllDir unable to walk dir `/home/user/studio/dataconnect`: lstat /home/user/studio/dataconnect: no such file or directory
 {"metadata":{"emulator":{"name":"dataconnect"},"message":"E0227 05:27:42.919500     932 watch.go:116] watchAllDir unable to walk dir `/home/user/studio/dataconnect`: lstat /home/user/studio/dataconnect: no such file or directory\n"}}
[debug] [2026-02-27T05:27:52.929Z] E0227 05:27:52.928977     932 watch.go:40] Failed to load config from "/home/user/studio/dataconnect": could not find dataconnect.yaml in `/home/user/studio/dataconnect`
 {"metadata":{"emulator":{"name":"dataconnect"},"message":"E0227 05:27:52.928977     932 watch.go:40] Failed to load config from \"/home/user/studio/dataconnect\": could not find dataconnect.yaml in `/home/user/studio/dataconnect`\n"}}
[debug] [2026-02-27T05:28:02.936Z] E0227 05:28:02.929652     932 watch.go:40] Failed to load config from "/home/user/studio/dataconnect": could not find dataconnect.yaml in `/home/user/studio/dataconnect`
 {"metadata":{"emulator":{"name":"dataconnect"},"message":"E0227 05:28:02.929652     932 watch.go:40] Failed to load config from \"/home/user/studio/dataconnect\": could not find dataconnect.yaml in `/home/user/studio/dataconnect`\n"}}
[debug] [2026-02-27T05:28:12.924Z] E0227 05:28:12.921953     932 watch.go:40] Failed to load config from "/home/user/studio/dataconnect": could not find dataconnect.yaml in `/home/user/studio/dataconnect`
 {"metadata":{"emulator":{"name":"dataconnect"},"message":"E0227 05:28:12.921953     932 watch.go:40] Failed to load config from \"/home/user/studio/dataconnect\": could not find dataconnect.yaml in `/home/user/studio/dataconnect`\n"}}
[debug] [2026-02-27T05:28:22.932Z] E0227 05:28:22.928962     932 watch.go:40] Failed to load config from "/home/user/studio/dataconnect": could not find dataconnect.yaml in `/home/user/studio/dataconnect`
 {"metadata":{"emulator":{"name":"dataconnect"},"message":"E0227 05:28:22.928962     932 watch.go:40] Failed to load config from \"/home/user/studio/dataconnect\": could not find dataconnect.yaml in `/home/user/studio/dataconnect`\n"}}
[debug] [2026-02-27T05:28:32.933Z] E0227 05:28:32.928972     932 watch.go:40] Failed to load config from "/home/user/studio/dataconnect": could not find dataconnect.yaml in `/home/user/studio/dataconnect`
 {"metadata":{"emulator":{"name":"dataconnect"},"message":"E0227 05:28:32.928972     932 watch.go:40] Failed to load config from \"/home/user/studio/dataconnect\": could not find dataconnect.yaml in `/home/user/studio/dataconnect`\n"}}
[debug] [2026-02-27T05:28:42.923Z] E0227 05:28:42.920437     932 watch.go:40] Failed to load config from "/home/user/studio/dataconnect": could not find dataconnect.yaml in `/home/user/studio/dataconnect`
 {"metadata":{"emulator":{"name":"dataconnect"},"message":"E0227 05:28:42.920437     932 watch.go:40] Failed to load config from \"/home/user/studio/dataconnect\": could not find dataconnect.yaml in `/home/user/studio/dataconnect`\n"}}
[debug] [2026-02-27T05:28:43.162Z] E0227 05:28:42.920050     932 watch.go:116] watchAllDir unable to walk dir `/home/user/studio/dataconnect`: lstat /home/user/studio/dataconnect: no such file or directory
 {"metadata":{"emulator":{"name":"dataconnect"},"message":"E0227 05:28:42.920050     932 watch.go:116] watchAllDir unable to walk dir `/home/user/studio/dataconnect`: lstat /home/user/studio/dataconnect: no such file or directory\n"}}
[debug] [2026-02-27T05:28:52.959Z] E0227 05:28:52.931395     932 watch.go:40] Failed to load config from "/home/user/studio/dataconnect": could not find dataconnect.yaml in `/home/user/studio/dataconnect`
 {"metadata":{"emulator":{"name":"dataconnect"},"message":"E0227 05:28:52.931395     932 watch.go:40] Failed to load config from \"/home/user/studio/dataconnect\": could not find dataconnect.yaml in `/home/user/studio/dataconnect`\n"}}
[debug] [2026-02-27T05:29:03.346Z] E0227 05:29:03.259483     932 watch.go:40] Failed to load config from "/home/user/studio/dataconnect": could not find dataconnect.yaml in `/home/user/studio/dataconnect`
 {"metadata":{"emulator":{"name":"dataconnect"},"message":"E0227 05:29:03.259483     932 watch.go:40] Failed to load config from \"/home/user/studio/dataconnect\": could not find dataconnect.yaml in `/home/user/studio/dataconnect`\n"}}
[debug] [2026-02-27T05:42:32.076Z] E0227 05:29:15.850667     932 watch.go:40] Failed to load config from "/home/user/studio/dataconnect": could not find dataconnect.yaml in `/home/user/studio/dataconnect`
E0227 05:29:25.470396     932 watch.go:40] Failed to load config from "/home/user/studio/dataconnect": could not find dataconnect.yaml in `/home/user/studio/dataconnect`
E0227 05:29:43.301274     932 watch.go:40] Failed to load config from "/home/user/studio/dataconnect": could not find dataconnect.yaml in `/home/user/studio/dataconnect`
E0227 05:29:47.315541     932 watch.go:116] watchAllDir unable to walk dir `/home/user/studio/dataconnect`: lstat /home/user/studio/dataconnect: no such file or directory
E0227 05:30:04.815440     932 watch.go:40] Failed to load config from "/home/user/studio/dataconnect": could not find dataconnect.yaml in `/home/user/studio/dataconnect`
E0227 05:31:12.451010     932 watch.go:116] watchAllDir unable to walk dir `/home/user/studio/dataconnect`: lstat /home/user/studio/dataconnect: no such file or directory
E0227 05:32:23.629091     932 watch.go:40] Failed to load config from "/home/user/studio/dataconnect": could not find dataconnect.yaml in `/home/user/studio/dataconnect`
E0227 05:32:34.407931     932 watch.go:116] watchAllDir unable to walk dir `/home/user/studio/dataconnect`: lstat /home/user/studio/dataconnect: no such file or directory
E0227 05:34:54.188526     932 watch.go:116] watchAllDir unable to walk dir `/home/user/studio/dataconnect`: lstat /home/user/studio/dataconnect: no such file or directory
E0227 05:35:41.477954     932 watch.go:40] Failed to load config from "/home/user/studio/dataconnect": could not find dataconnect.yaml in `/home/user/studio/dataconnect`
E0227 05:37:23.271427     932 watch.go:116] watchAllDir unable to walk dir `/home/user/studio/dataconnect`: lstat /home/user/studio/dataconnect: no such file or directory
E0227 05:38:33.160378     932 watch.go:116] watchAllDir unable to walk dir `/home/user/studio/dataconnect`: lstat /home/user/studio/dataconnect: no such file or directory
E0227 05:40:25.273765     932 watch.go:40] Failed to load config from "/home/user/studio/dataconnect": could not find dataconnect.yaml in `/home/user/studio/dataconnect`
E0227 05:41:56.066096     932 watch.go:116] watchAllDir unable to walk dir `/home/user/studio/dataconnect`: lstat /home/user/studio/dataconnect: no such file or directory
E0227 05:42:26.156686     932 watch.go:116] watchAllDir unable to walk dir `/home/user/studio/dataconnect`: lstat /home/user/studio/dataconnect: no such file or directory
E0227 05:42:26.204057     932 watch.go:40] Failed to load config from "/home/user/studio/dataconnect": could not find dataconnect.yaml in `/home/user/studio/dataconnect`
E0227 05:42:26.207191     932 watch.go:40] Failed to load config from "/home/user/studio/dataconnect": could not find dataconnect.yaml in `/home/user/studio/dataconnect`
 {"metadata":{"emulator":{"name":"dataconnect"},"message":"E0227 05:29:15.850667     932 watch.go:40] Failed to load config from \"/home/user/studio/dataconnect\": could not find dataconnect.yaml in `/home/user/studio/dataconnect`\nE0227 05:29:25.470396     932 watch.go:40] Failed to load config from \"/home/user/studio/dataconnect\": could not find dataconnect.yaml in `/home/user/studio/dataconnect`\nE0227 05:29:43.301274     932 watch.go:40] Failed to load config from \"/home/user/studio/dataconnect\": could not find dataconnect.yaml in `/home/user/studio/dataconnect`\nE0227 05:29:47.315541     932 watch.go:116] watchAllDir unable to walk dir `/home/user/studio/dataconnect`: lstat /home/user/studio/dataconnect: no such file or directory\nE0227 05:30:04.815440     932 watch.go:40] Failed to load config from \"/home/user/studio/dataconnect\": could not find dataconnect.yaml in `/home/user/studio/dataconnect`\nE0227 05:31:12.451010     932 watch.go:116] watchAllDir unable to walk dir `/home/user/studio/dataconnect`: lstat /home/user/studio/dataconnect: no such file or directory\nE0227 05:32:23.629091     932 watch.go:40] Failed to load config from \"/home/user/studio/dataconnect\": could not find dataconnect.yaml in `/home/user/studio/dataconnect`\nE0227 05:32:34.407931     932 watch.go:116] watchAllDir unable to walk dir `/home/user/studio/dataconnect`: lstat /home/user/studio/dataconnect: no such file or directory\nE0227 05:34:54.188526     932 watch.go:116] watchAllDir unable to walk dir `/home/user/studio/dataconnect`: lstat /home/user/studio/dataconnect: no such file or directory\nE0227 05:35:41.477954     932 watch.go:40] Failed to load config from \"/home/user/studio/dataconnect\": could not find dataconnect.yaml in `/home/user/studio/dataconnect`\nE0227 05:37:23.271427     932 watch.go:116] watchAllDir unable to walk dir `/home/user/studio/dataconnect`: lstat /home/user/studio/dataconnect: no such file or directory\nE0227 05:38:33.160378     932 watch.go:116] watchAllDir unable to walk dir `/home/user/studio/dataconnect`: lstat /home/user/studio/dataconnect: no such file or directory\nE0227 05:40:25.273765     932 watch.go:40] Failed to load config from \"/home/user/studio/dataconnect\": could not find dataconnect.yaml in `/home/user/studio/dataconnect`\nE0227 05:41:56.066096     932 watch.go:116] watchAllDir unable to walk dir `/home/user/studio/dataconnect`: lstat /home/user/studio/dataconnect: no such file or directory\nE0227 05:42:26.156686     932 watch.go:116] watchAllDir unable to walk dir `/home/user/studio/dataconnect`: lstat /home/user/studio/dataconnect: no such file or directory\nE0227 05:42:26.204057     932 watch.go:40] Failed to load config from \"/home/user/studio/dataconnect\": could not find dataconnect.yaml in `/home/user/studio/dataconnect`\nE0227 05:42:26.207191     932 watch.go:40] Failed to load config from \"/home/user/studio/dataconnect\": could not find dataconnect.yaml in `/home/user/studio/dataconnect`\n"}}
[debug] [2026-02-27T05:42:37.601Z] E0227 05:42:32.920946     932 watch.go:40] Failed to load config from "/home/user/studio/dataconnect": could not find dataconnect.yaml in `/home/user/studio/dataconnect`
 {"metadata":{"emulator":{"name":"dataconnect"},"message":"E0227 05:42:32.920946     932 watch.go:40] Failed to load config from \"/home/user/studio/dataconnect\": could not find dataconnect.yaml in `/home/user/studio/dataconnect`\n"}}
[debug] [2026-02-27T05:42:42.926Z] E0227 05:42:42.920884     932 watch.go:116] watchAllDir unable to walk dir `/home/user/studio/dataconnect`: lstat /home/user/studio/dataconnect: no such file or directory
E0227 05:42:42.921007     932 watch.go:40] Failed to load config from "/home/user/studio/dataconnect": could not find dataconnect.yaml in `/home/user/studio/dataconnect`
 {"metadata":{"emulator":{"name":"dataconnect"},"message":"E0227 05:42:42.920884     932 watch.go:116] watchAllDir unable to walk dir `/home/user/studio/dataconnect`: lstat /home/user/studio/dataconnect: no such file or directory\nE0227 05:42:42.921007     932 watch.go:40] Failed to load config from \"/home/user/studio/dataconnect\": could not find dataconnect.yaml in `/home/user/studio/dataconnect`\n"}}
[debug] [2026-02-27T05:42:52.928Z] E0227 05:42:52.927929     932 watch.go:40] Failed to load config from "/home/user/studio/dataconnect": could not find dataconnect.yaml in `/home/user/studio/dataconnect`
 {"metadata":{"emulator":{"name":"dataconnect"},"message":"E0227 05:42:52.927929     932 watch.go:40] Failed to load config from \"/home/user/studio/dataconnect\": could not find dataconnect.yaml in `/home/user/studio/dataconnect`\n"}}
[debug] [2026-02-27T05:43:02.933Z] E0227 05:43:02.930988     932 watch.go:40] Failed to load config from "/home/user/studio/dataconnect": could not find dataconnect.yaml in `/home/user/studio/dataconnect`
 {"metadata":{"emulator":{"name":"dataconnect"},"message":"E0227 05:43:02.930988     932 watch.go:40] Failed to load config from \"/home/user/studio/dataconnect\": could not find dataconnect.yaml in `/home/user/studio/dataconnect`\n"}}
[debug] [2026-02-27T05:43:12.929Z] E0227 05:43:12.920944     932 watch.go:40] Failed to load config from "/home/user/studio/dataconnect": could not find dataconnect.yaml in `/home/user/studio/dataconnect`
 {"metadata":{"emulator":{"name":"dataconnect"},"message":"E0227 05:43:12.920944     932 watch.go:40] Failed to load config from \"/home/user/studio/dataconnect\": could not find dataconnect.yaml in `/home/user/studio/dataconnect`\n"}}
[debug] [2026-02-27T05:43:22.940Z] E0227 05:43:22.933971     932 watch.go:40] Failed to load config from "/home/user/studio/dataconnect": could not find dataconnect.yaml in `/home/user/studio/dataconnect`
 {"metadata":{"emulator":{"name":"dataconnect"},"message":"E0227 05:43:22.933971     932 watch.go:40] Failed to load config from \"/home/user/studio/dataconnect\": could not find dataconnect.yaml in `/home/user/studio/dataconnect`\n"}}
[debug] [2026-02-27T05:43:32.935Z] E0227 05:43:32.929116     932 watch.go:40] Failed to load config from "/home/user/studio/dataconnect": could not find dataconnect.yaml in `/home/user/studio/dataconnect`
 {"metadata":{"emulator":{"name":"dataconnect"},"message":"E0227 05:43:32.929116     932 watch.go:40] Failed to load config from \"/home/user/studio/dataconnect\": could not find dataconnect.yaml in `/home/user/studio/dataconnect`\n"}}
[debug] [2026-02-27T05:43:42.923Z] E0227 05:43:42.919905     932 watch.go:116] watchAllDir unable to walk dir `/home/user/studio/dataconnect`: lstat /home/user/studio/dataconnect: no such file or directory
E0227 05:43:42.920227     932 watch.go:40] Failed to load config from "/home/user/studio/dataconnect": could not find dataconnect.yaml in `/home/user/studio/dataconnect`
 {"metadata":{"emulator":{"name":"dataconnect"},"message":"E0227 05:43:42.919905     932 watch.go:116] watchAllDir unable to walk dir `/home/user/studio/dataconnect`: lstat /home/user/studio/dataconnect: no such file or directory\nE0227 05:43:42.920227     932 watch.go:40] Failed to load config from \"/home/user/studio/dataconnect\": could not find dataconnect.yaml in `/home/user/studio/dataconnect`\n"}}
[debug] [2026-02-27T05:43:52.934Z] E0227 05:43:52.932008     932 watch.go:40] Failed to load config from "/home/user/studio/dataconnect": could not find dataconnect.yaml in `/home/user/studio/dataconnect`
 {"metadata":{"emulator":{"name":"dataconnect"},"message":"E0227 05:43:52.932008     932 watch.go:40] Failed to load config from \"/home/user/studio/dataconnect\": could not find dataconnect.yaml in `/home/user/studio/dataconnect`\n"}}
[debug] [2026-02-27T05:44:02.929Z] E0227 05:44:02.928941     932 watch.go:40] Failed to load config from "/home/user/studio/dataconnect": could not find dataconnect.yaml in `/home/user/studio/dataconnect`
 {"metadata":{"emulator":{"name":"dataconnect"},"message":"E0227 05:44:02.928941     932 watch.go:40] Failed to load config from \"/home/user/studio/dataconnect\": could not find dataconnect.yaml in `/home/user/studio/dataconnect`\n"}}
[debug] [2026-02-27T05:44:12.921Z] E0227 05:44:12.920912     932 watch.go:40] Failed to load config from "/home/user/studio/dataconnect": could not find dataconnect.yaml in `/home/user/studio/dataconnect`
 {"metadata":{"emulator":{"name":"dataconnect"},"message":"E0227 05:44:12.920912     932 watch.go:40] Failed to load config from \"/home/user/studio/dataconnect\": could not find dataconnect.yaml in `/home/user/studio/dataconnect`\n"}}
[debug] [2026-02-27T05:44:22.930Z] E0227 05:44:22.929609     932 watch.go:40] Failed to load config from "/home/user/studio/dataconnect": could not find dataconnect.yaml in `/home/user/studio/dataconnect`
 {"metadata":{"emulator":{"name":"dataconnect"},"message":"E0227 05:44:22.929609     932 watch.go:40] Failed to load config from \"/home/user/studio/dataconnect\": could not find dataconnect.yaml in `/home/user/studio/dataconnect`\n"}}
[debug] [2026-02-27T05:44:32.928Z] E0227 05:44:32.923707     932 watch.go:40] Failed to load config from "/home/user/studio/dataconnect": could not find dataconnect.yaml in `/home/user/studio/dataconnect`
 {"metadata":{"emulator":{"name":"dataconnect"},"message":"E0227 05:44:32.923707     932 watch.go:40] Failed to load config from \"/home/user/studio/dataconnect\": could not find dataconnect.yaml in `/home/user/studio/dataconnect`\n"}}
[debug] [2026-02-27T05:44:42.920Z] E0227 05:44:42.919986     932 watch.go:40] Failed to load config from "/home/user/studio/dataconnect": could not find dataconnect.yaml in `/home/user/studio/dataconnect`
E0227 05:44:42.919900     932 watch.go:116] watchAllDir unable to walk dir `/home/user/studio/dataconnect`: lstat /home/user/studio/dataconnect: no such file or directory
 {"metadata":{"emulator":{"name":"dataconnect"},"message":"E0227 05:44:42.919986     932 watch.go:40] Failed to load config from \"/home/user/studio/dataconnect\": could not find dataconnect.yaml in `/home/user/studio/dataconnect`\nE0227 05:44:42.919900     932 watch.go:116] watchAllDir unable to walk dir `/home/user/studio/dataconnect`: lstat /home/user/studio/dataconnect: no such file or directory\n"}}
[debug] [2026-02-27T05:44:52.929Z] E0227 05:44:52.929560     932 watch.go:40] Failed to load config from "/home/user/studio/dataconnect": could not find dataconnect.yaml in `/home/user/studio/dataconnect`
 {"metadata":{"emulator":{"name":"dataconnect"},"message":"E0227 05:44:52.929560     932 watch.go:40] Failed to load config from \"/home/user/studio/dataconnect\": could not find dataconnect.yaml in `/home/user/studio/dataconnect`\n"}}
[debug] [2026-02-27T05:45:02.929Z] E0227 05:45:02.928917     932 watch.go:40] Failed to load config from "/home/user/studio/dataconnect": could not find dataconnect.yaml in `/home/user/studio/dataconnect`
 {"metadata":{"emulator":{"name":"dataconnect"},"message":"E0227 05:45:02.928917     932 watch.go:40] Failed to load config from \"/home/user/studio/dataconnect\": could not find dataconnect.yaml in `/home/user/studio/dataconnect`\n"}}
[debug] [2026-02-27T05:45:12.920Z] E0227 05:45:12.919912     932 watch.go:40] Failed to load config from "/home/user/studio/dataconnect": could not find dataconnect.yaml in `/home/user/studio/dataconnect`
 {"metadata":{"emulator":{"name":"dataconnect"},"message":"E0227 05:45:12.919912     932 watch.go:40] Failed to load config from \"/home/user/studio/dataconnect\": could not find dataconnect.yaml in `/home/user/studio/dataconnect`\n"}}
[debug] [2026-02-27T05:45:22.929Z] E0227 05:45:22.928933     932 watch.go:40] Failed to load config from "/home/user/studio/dataconnect": could not find dataconnect.yaml in `/home/user/studio/dataconnect`
 {"metadata":{"emulator":{"name":"dataconnect"},"message":"E0227 05:45:22.928933     932 watch.go:40] Failed to load config from \"/home/user/studio/dataconnect\": could not find dataconnect.yaml in `/home/user/studio/dataconnect`\n"}}
[debug] [2026-02-27T05:45:32.930Z] E0227 05:45:32.928931     932 watch.go:40] Failed to load config from "/home/user/studio/dataconnect": could not find dataconnect.yaml in `/home/user/studio/dataconnect`
 {"metadata":{"emulator":{"name":"dataconnect"},"message":"E0227 05:45:32.928931     932 watch.go:40] Failed to load config from \"/home/user/studio/dataconnect\": could not find dataconnect.yaml in `/home/user/studio/dataconnect`\n"}}
[debug] [2026-02-27T05:45:42.921Z] E0227 05:45:42.920879     932 watch.go:116] watchAllDir unable to walk dir `/home/user/studio/dataconnect`: lstat /home/user/studio/dataconnect: no such file or directory
E0227 05:45:42.921011     932 watch.go:40] Failed to load config from "/home/user/studio/dataconnect": could not find dataconnect.yaml in `/home/user/studio/dataconnect`
 {"metadata":{"emulator":{"name":"dataconnect"},"message":"E0227 05:45:42.920879     932 watch.go:116] watchAllDir unable to walk dir `/home/user/studio/dataconnect`: lstat /home/user/studio/dataconnect: no such file or directory\nE0227 05:45:42.921011     932 watch.go:40] Failed to load config from \"/home/user/studio/dataconnect\": could not find dataconnect.yaml in `/home/user/studio/dataconnect`\n"}}
[debug] [2026-02-27T05:45:52.931Z] E0227 05:45:52.930057     932 watch.go:40] Failed to load config from "/home/user/studio/dataconnect": could not find dataconnect.yaml in `/home/user/studio/dataconnect`
 {"metadata":{"emulator":{"name":"dataconnect"},"message":"E0227 05:45:52.930057     932 watch.go:40] Failed to load config from \"/home/user/studio/dataconnect\": could not find dataconnect.yaml in `/home/user/studio/dataconnect`\n"}}
[debug] [2026-02-27T05:46:02.932Z] E0227 05:46:02.929149     932 watch.go:40] Failed to load config from "/home/user/studio/dataconnect": could not find dataconnect.yaml in `/home/user/studio/dataconnect`
 {"metadata":{"emulator":{"name":"dataconnect"},"message":"E0227 05:46:02.929149     932 watch.go:40] Failed to load config from \"/home/user/studio/dataconnect\": could not find dataconnect.yaml in `/home/user/studio/dataconnect`\n"}}
[debug] [2026-02-27T05:46:12.921Z] E0227 05:46:12.920922     932 watch.go:40] Failed to load config from "/home/user/studio/dataconnect": could not find dataconnect.yaml in `/home/user/studio/dataconnect`
 {"metadata":{"emulator":{"name":"dataconnect"},"message":"E0227 05:46:12.920922     932 watch.go:40] Failed to load config from \"/home/user/studio/dataconnect\": could not find dataconnect.yaml in `/home/user/studio/dataconnect`\n"}}
[debug] [2026-02-27T05:46:22.934Z] E0227 05:46:22.928928     932 watch.go:40] Failed to load config from "/home/user/studio/dataconnect": could not find dataconnect.yaml in `/home/user/studio/dataconnect`
 {"metadata":{"emulator":{"name":"dataconnect"},"message":"E0227 05:46:22.928928     932 watch.go:40] Failed to load config from \"/home/user/studio/dataconnect\": could not find dataconnect.yaml in `/home/user/studio/dataconnect`\n"}}
[debug] [2026-02-27T05:46:32.932Z] E0227 05:46:32.931923     932 watch.go:40] Failed to load config from "/home/user/studio/dataconnect": could not find dataconnect.yaml in `/home/user/studio/dataconnect`
 {"metadata":{"emulator":{"name":"dataconnect"},"message":"E0227 05:46:32.931923     932 watch.go:40] Failed to load config from \"/home/user/studio/dataconnect\": could not find dataconnect.yaml in `/home/user/studio/dataconnect`\n"}}
[debug] [2026-02-27T05:46:42.920Z] E0227 05:46:42.919875     932 watch.go:116] watchAllDir unable to walk dir `/home/user/studio/dataconnect`: lstat /home/user/studio/dataconnect: no such file or directory
 {"metadata":{"emulator":{"name":"dataconnect"},"message":"E0227 05:46:42.919875     932 watch.go:116] watchAllDir unable to walk dir `/home/user/studio/dataconnect`: lstat /home/user/studio/dataconnect: no such file or directory\n"}}
[debug] [2026-02-27T05:46:42.927Z] E0227 05:46:42.920060     932 watch.go:40] Failed to load config from "/home/user/studio/dataconnect": could not find dataconnect.yaml in `/home/user/studio/dataconnect`
 {"metadata":{"emulator":{"name":"dataconnect"},"message":"E0227 05:46:42.920060     932 watch.go:40] Failed to load config from \"/home/user/studio/dataconnect\": could not find dataconnect.yaml in `/home/user/studio/dataconnect`\n"}}
[debug] [2026-02-27T05:46:52.935Z] E0227 05:46:52.928096     932 watch.go:40] Failed to load config from "/home/user/studio/dataconnect": could not find dataconnect.yaml in `/home/user/studio/dataconnect`
 {"metadata":{"emulator":{"name":"dataconnect"},"message":"E0227 05:46:52.928096     932 watch.go:40] Failed to load config from \"/home/user/studio/dataconnect\": could not find dataconnect.yaml in `/home/user/studio/dataconnect`\n"}}
[debug] [2026-02-27T05:47:02.931Z] E0227 05:47:02.928919     932 watch.go:40] Failed to load config from "/home/user/studio/dataconnect": could not find dataconnect.yaml in `/home/user/studio/dataconnect`
 {"metadata":{"emulator":{"name":"dataconnect"},"message":"E0227 05:47:02.928919     932 watch.go:40] Failed to load config from \"/home/user/studio/dataconnect\": could not find dataconnect.yaml in `/home/user/studio/dataconnect`\n"}}
[debug] [2026-02-27T05:47:12.922Z] E0227 05:47:12.921930     932 watch.go:40] Failed to load config from "/home/user/studio/dataconnect": could not find dataconnect.yaml in `/home/user/studio/dataconnect`
 {"metadata":{"emulator":{"name":"dataconnect"},"message":"E0227 05:47:12.921930     932 watch.go:40] Failed to load config from \"/home/user/studio/dataconnect\": could not find dataconnect.yaml in `/home/user/studio/dataconnect`\n"}}
[debug] [2026-02-27T05:47:22.930Z] E0227 05:47:22.928950     932 watch.go:40] Failed to load config from "/home/user/studio/dataconnect": could not find dataconnect.yaml in `/home/user/studio/dataconnect`
 {"metadata":{"emulator":{"name":"dataconnect"},"message":"E0227 05:47:22.928950     932 watch.go:40] Failed to load config from \"/home/user/studio/dataconnect\": could not find dataconnect.yaml in `/home/user/studio/dataconnect`\n"}}
[debug] [2026-02-27T05:47:32.929Z] E0227 05:47:32.928949     932 watch.go:40] Failed to load config from "/home/user/studio/dataconnect": could not find dataconnect.yaml in `/home/user/studio/dataconnect`
 {"metadata":{"emulator":{"name":"dataconnect"},"message":"E0227 05:47:32.928949     932 watch.go:40] Failed to load config from \"/home/user/studio/dataconnect\": could not find dataconnect.yaml in `/home/user/studio/dataconnect`\n"}}
[debug] [2026-02-27T05:47:42.922Z] E0227 05:47:42.921926     932 watch.go:116] watchAllDir unable to walk dir `/home/user/studio/dataconnect`: lstat /home/user/studio/dataconnect: no such file or directory
E0227 05:47:42.922029     932 watch.go:40] Failed to load config from "/home/user/studio/dataconnect": could not find dataconnect.yaml in `/home/user/studio/dataconnect`
 {"metadata":{"emulator":{"name":"dataconnect"},"message":"E0227 05:47:42.921926     932 watch.go:116] watchAllDir unable to walk dir `/home/user/studio/dataconnect`: lstat /home/user/studio/dataconnect: no such file or directory\nE0227 05:47:42.922029     932 watch.go:40] Failed to load config from \"/home/user/studio/dataconnect\": could not find dataconnect.yaml in `/home/user/studio/dataconnect`\n"}}
[debug] [2026-02-27T05:47:52.931Z] E0227 05:47:52.930927     932 watch.go:40] Failed to load config from "/home/user/studio/dataconnect": could not find dataconnect.yaml in `/home/user/studio/dataconnect`
 {"metadata":{"emulator":{"name":"dataconnect"},"message":"E0227 05:47:52.930927     932 watch.go:40] Failed to load config from \"/home/user/studio/dataconnect\": could not find dataconnect.yaml in `/home/user/studio/dataconnect`\n"}}
[debug] [2026-02-27T05:48:02.931Z] E0227 05:48:02.928983     932 watch.go:40] Failed to load config from "/home/user/studio/dataconnect": could not find dataconnect.yaml in `/home/user/studio/dataconnect`
 {"metadata":{"emulator":{"name":"dataconnect"},"message":"E0227 05:48:02.928983     932 watch.go:40] Failed to load config from \"/home/user/studio/dataconnect\": could not find dataconnect.yaml in `/home/user/studio/dataconnect`\n"}}
[debug] [2026-02-27T05:48:12.926Z] E0227 05:48:12.920462     932 watch.go:40] Failed to load config from "/home/user/studio/dataconnect": could not find dataconnect.yaml in `/home/user/studio/dataconnect`
 {"metadata":{"emulator":{"name":"dataconnect"},"message":"E0227 05:48:12.920462     932 watch.go:40] Failed to load config from \"/home/user/studio/dataconnect\": could not find dataconnect.yaml in `/home/user/studio/dataconnect`\n"}}
[debug] [2026-02-27T05:48:22.929Z] E0227 05:48:22.928970     932 watch.go:40] Failed to load config from "/home/user/studio/dataconnect": could not find dataconnect.yaml in `/home/user/studio/dataconnect`
 {"metadata":{"emulator":{"name":"dataconnect"},"message":"E0227 05:48:22.928970     932 watch.go:40] Failed to load config from \"/home/user/studio/dataconnect\": could not find dataconnect.yaml in `/home/user/studio/dataconnect`\n"}}
[debug] [2026-02-27T05:48:32.984Z] E0227 05:48:32.928929     932 watch.go:40] Failed to load config from "/home/user/studio/dataconnect": could not find dataconnect.yaml in `/home/user/studio/dataconnect`
 {"metadata":{"emulator":{"name":"dataconnect"},"message":"E0227 05:48:32.928929     932 watch.go:40] Failed to load config from \"/home/user/studio/dataconnect\": could not find dataconnect.yaml in `/home/user/studio/dataconnect`\n"}}
[debug] [2026-02-27T05:48:42.925Z] E0227 05:48:42.923806     932 watch.go:116] watchAllDir unable to walk dir `/home/user/studio/dataconnect`: lstat /home/user/studio/dataconnect: no such file or directory
E0227 05:48:42.923926     932 watch.go:40] Failed to load config from "/home/user/studio/dataconnect": could not find dataconnect.yaml in `/home/user/studio/dataconnect`
 {"metadata":{"emulator":{"name":"dataconnect"},"message":"E0227 05:48:42.923806     932 watch.go:116] watchAllDir unable to walk dir `/home/user/studio/dataconnect`: lstat /home/user/studio/dataconnect: no such file or directory\nE0227 05:48:42.923926     932 watch.go:40] Failed to load config from \"/home/user/studio/dataconnect\": could not find dataconnect.yaml in `/home/user/studio/dataconnect`\n"}}
[debug] [2026-02-27T05:48:52.927Z] E0227 05:48:52.921973     932 watch.go:40] Failed to load config from "/home/user/studio/dataconnect": could not find dataconnect.yaml in `/home/user/studio/dataconnect`
 {"metadata":{"emulator":{"name":"dataconnect"},"message":"E0227 05:48:52.921973     932 watch.go:40] Failed to load config from \"/home/user/studio/dataconnect\": could not find dataconnect.yaml in `/home/user/studio/dataconnect`\n"}}
[debug] [2026-02-27T05:49:02.930Z] E0227 05:49:02.930103     932 watch.go:40] Failed to load config from "/home/user/studio/dataconnect": could not find dataconnect.yaml in `/home/user/studio/dataconnect`
 {"metadata":{"emulator":{"name":"dataconnect"},"message":"E0227 05:49:02.930103     932 watch.go:40] Failed to load config from \"/home/user/studio/dataconnect\": could not find dataconnect.yaml in `/home/user/studio/dataconnect`\n"}}
[debug] [2026-02-27T05:49:12.927Z] E0227 05:49:12.920950     932 watch.go:40] Failed to load config from "/home/user/studio/dataconnect": could not find dataconnect.yaml in `/home/user/studio/dataconnect`
 {"metadata":{"emulator":{"name":"dataconnect"},"message":"E0227 05:49:12.920950     932 watch.go:40] Failed to load config from \"/home/user/studio/dataconnect\": could not find dataconnect.yaml in `/home/user/studio/dataconnect`\n"}}
[debug] [2026-02-27T05:49:22.929Z] E0227 05:49:22.928943     932 watch.go:40] Failed to load config from "/home/user/studio/dataconnect": could not find dataconnect.yaml in `/home/user/studio/dataconnect`
 {"metadata":{"emulator":{"name":"dataconnect"},"message":"E0227 05:49:22.928943     932 watch.go:40] Failed to load config from \"/home/user/studio/dataconnect\": could not find dataconnect.yaml in `/home/user/studio/dataconnect`\n"}}
[debug] [2026-02-27T05:49:32.930Z] E0227 05:49:32.928996     932 watch.go:40] Failed to load config from "/home/user/studio/dataconnect": could not find dataconnect.yaml in `/home/user/studio/dataconnect`
 {"metadata":{"emulator":{"name":"dataconnect"},"message":"E0227 05:49:32.928996     932 watch.go:40] Failed to load config from \"/home/user/studio/dataconnect\": could not find dataconnect.yaml in `/home/user/studio/dataconnect`\n"}}
[debug] [2026-02-27T05:49:42.921Z] E0227 05:49:42.920889     932 watch.go:116] watchAllDir unable to walk dir `/home/user/studio/dataconnect`: lstat /home/user/studio/dataconnect: no such file or directory
E0227 05:49:42.921064     932 watch.go:40] Failed to load config from "/home/user/studio/dataconnect": could not find dataconnect.yaml in `/home/user/studio/dataconnect`
 {"metadata":{"emulator":{"name":"dataconnect"},"message":"E0227 05:49:42.920889     932 watch.go:116] watchAllDir unable to walk dir `/home/user/studio/dataconnect`: lstat /home/user/studio/dataconnect: no such file or directory\nE0227 05:49:42.921064     932 watch.go:40] Failed to load config from \"/home/user/studio/dataconnect\": could not find dataconnect.yaml in `/home/user/studio/dataconnect`\n"}}
[debug] [2026-02-27T05:49:52.934Z] E0227 05:49:52.929641     932 watch.go:40] Failed to load config from "/home/user/studio/dataconnect": could not find dataconnect.yaml in `/home/user/studio/dataconnect`
 {"metadata":{"emulator":{"name":"dataconnect"},"message":"E0227 05:49:52.929641     932 watch.go:40] Failed to load config from \"/home/user/studio/dataconnect\": could not find dataconnect.yaml in `/home/user/studio/dataconnect`\n"}}
[debug] [2026-02-27T05:50:02.938Z] E0227 05:50:02.928926     932 watch.go:40] Failed to load config from "/home/user/studio/dataconnect": could not find dataconnect.yaml in `/home/user/studio/dataconnect`
 {"metadata":{"emulator":{"name":"dataconnect"},"message":"E0227 05:50:02.928926     932 watch.go:40] Failed to load config from \"/home/user/studio/dataconnect\": could not find dataconnect.yaml in `/home/user/studio/dataconnect`\n"}}
[debug] [2026-02-27T05:50:12.921Z] E0227 05:50:12.921172     932 watch.go:40] Failed to load config from "/home/user/studio/dataconnect": could not find dataconnect.yaml in `/home/user/studio/dataconnect`
 {"metadata":{"emulator":{"name":"dataconnect"},"message":"E0227 05:50:12.921172     932 watch.go:40] Failed to load config from \"/home/user/studio/dataconnect\": could not find dataconnect.yaml in `/home/user/studio/dataconnect`\n"}}
[debug] [2026-02-27T05:50:22.935Z] E0227 05:50:22.928922     932 watch.go:40] Failed to load config from "/home/user/studio/dataconnect": could not find dataconnect.yaml in `/home/user/studio/dataconnect`
 {"metadata":{"emulator":{"name":"dataconnect"},"message":"E0227 05:50:22.928922     932 watch.go:40] Failed to load config from \"/home/user/studio/dataconnect\": could not find dataconnect.yaml in `/home/user/studio/dataconnect`\n"}}
[debug] [2026-02-27T05:50:32.931Z] E0227 05:50:32.929053     932 watch.go:40] Failed to load config from "/home/user/studio/dataconnect": could not find dataconnect.yaml in `/home/user/studio/dataconnect`
 {"metadata":{"emulator":{"name":"dataconnect"},"message":"E0227 05:50:32.929053     932 watch.go:40] Failed to load config from \"/home/user/studio/dataconnect\": could not find dataconnect.yaml in `/home/user/studio/dataconnect`\n"}}
[debug] [2026-02-27T05:50:42.921Z] E0227 05:50:42.920887     932 watch.go:116] watchAllDir unable to walk dir `/home/user/studio/dataconnect`: lstat /home/user/studio/dataconnect: no such file or directory
E0227 05:50:42.921002     932 watch.go:40] Failed to load config from "/home/user/studio/dataconnect": could not find dataconnect.yaml in `/home/user/studio/dataconnect`
 {"metadata":{"emulator":{"name":"dataconnect"},"message":"E0227 05:50:42.920887     932 watch.go:116] watchAllDir unable to walk dir `/home/user/studio/dataconnect`: lstat /home/user/studio/dataconnect: no such file or directory\nE0227 05:50:42.921002     932 watch.go:40] Failed to load config from \"/home/user/studio/dataconnect\": could not find dataconnect.yaml in `/home/user/studio/dataconnect`\n"}}
[debug] [2026-02-27T05:50:52.925Z] E0227 05:50:52.923165     932 watch.go:40] Failed to load config from "/home/user/studio/dataconnect": could not find dataconnect.yaml in `/home/user/studio/dataconnect`
 {"metadata":{"emulator":{"name":"dataconnect"},"message":"E0227 05:50:52.923165     932 watch.go:40] Failed to load config from \"/home/user/studio/dataconnect\": could not find dataconnect.yaml in `/home/user/studio/dataconnect`\n"}}
[debug] [2026-02-27T05:51:02.923Z] E0227 05:51:02.921041     932 watch.go:40] Failed to load config from "/home/user/studio/dataconnect": could not find dataconnect.yaml in `/home/user/studio/dataconnect`
 {"metadata":{"emulator":{"name":"dataconnect"},"message":"E0227 05:51:02.921041     932 watch.go:40] Failed to load config from \"/home/user/studio/dataconnect\": could not find dataconnect.yaml in `/home/user/studio/dataconnect`\n"}}
[debug] [2026-02-27T05:51:12.924Z] E0227 05:51:12.919533     932 watch.go:40] Failed to load config from "/home/user/studio/dataconnect": could not find dataconnect.yaml in `/home/user/studio/dataconnect`
 {"metadata":{"emulator":{"name":"dataconnect"},"message":"E0227 05:51:12.919533     932 watch.go:40] Failed to load config from \"/home/user/studio/dataconnect\": could not find dataconnect.yaml in `/home/user/studio/dataconnect`\n"}}
[debug] [2026-02-27T05:51:22.931Z] E0227 05:51:22.930969     932 watch.go:40] Failed to load config from "/home/user/studio/dataconnect": could not find dataconnect.yaml in `/home/user/studio/dataconnect`
 {"metadata":{"emulator":{"name":"dataconnect"},"message":"E0227 05:51:22.930969     932 watch.go:40] Failed to load config from \"/home/user/studio/dataconnect\": could not find dataconnect.yaml in `/home/user/studio/dataconnect`\n"}}
[debug] [2026-02-27T05:51:32.933Z] E0227 05:51:32.928989     932 watch.go:40] Failed to load config from "/home/user/studio/dataconnect": could not find dataconnect.yaml in `/home/user/studio/dataconnect`
 {"metadata":{"emulator":{"name":"dataconnect"},"message":"E0227 05:51:32.928989     932 watch.go:40] Failed to load config from \"/home/user/studio/dataconnect\": could not find dataconnect.yaml in `/home/user/studio/dataconnect`\n"}}
[debug] [2026-02-27T05:51:42.922Z] E0227 05:51:42.920878     932 watch.go:116] watchAllDir unable to walk dir `/home/user/studio/dataconnect`: lstat /home/user/studio/dataconnect: no such file or directory
E0227 05:51:42.921056     932 watch.go:40] Failed to load config from "/home/user/studio/dataconnect": could not find dataconnect.yaml in `/home/user/studio/dataconnect`
 {"metadata":{"emulator":{"name":"dataconnect"},"message":"E0227 05:51:42.920878     932 watch.go:116] watchAllDir unable to walk dir `/home/user/studio/dataconnect`: lstat /home/user/studio/dataconnect: no such file or directory\nE0227 05:51:42.921056     932 watch.go:40] Failed to load config from \"/home/user/studio/dataconnect\": could not find dataconnect.yaml in `/home/user/studio/dataconnect`\n"}}
[debug] [2026-02-27T05:51:52.933Z] E0227 05:51:52.928934     932 watch.go:40] Failed to load config from "/home/user/studio/dataconnect": could not find dataconnect.yaml in `/home/user/studio/dataconnect`
 {"metadata":{"emulator":{"name":"dataconnect"},"message":"E0227 05:51:52.928934     932 watch.go:40] Failed to load config from \"/home/user/studio/dataconnect\": could not find dataconnect.yaml in `/home/user/studio/dataconnect`\n"}}
[debug] [2026-02-27T05:52:02.933Z] E0227 05:52:02.930954     932 watch.go:40] Failed to load config from "/home/user/studio/dataconnect": could not find dataconnect.yaml in `/home/user/studio/dataconnect`
 {"metadata":{"emulator":{"name":"dataconnect"},"message":"E0227 05:52:02.930954     932 watch.go:40] Failed to load config from \"/home/user/studio/dataconnect\": could not find dataconnect.yaml in `/home/user/studio/dataconnect`\n"}}
[debug] [2026-02-27T05:52:12.921Z] E0227 05:52:12.920218     932 watch.go:40] Failed to load config from "/home/user/studio/dataconnect": could not find dataconnect.yaml in `/home/user/studio/dataconnect`
 {"metadata":{"emulator":{"name":"dataconnect"},"message":"E0227 05:52:12.920218     932 watch.go:40] Failed to load config from \"/home/user/studio/dataconnect\": could not find dataconnect.yaml in `/home/user/studio/dataconnect`\n"}}
[debug] [2026-02-27T05:52:22.940Z] E0227 05:52:22.933946     932 watch.go:40] Failed to load config from "/home/user/studio/dataconnect": could not find dataconnect.yaml in `/home/user/studio/dataconnect`
 {"metadata":{"emulator":{"name":"dataconnect"},"message":"E0227 05:52:22.933946     932 watch.go:40] Failed to load config from \"/home/user/studio/dataconnect\": could not find dataconnect.yaml in `/home/user/studio/dataconnect`\n"}}
[debug] [2026-02-27T05:52:32.933Z] E0227 05:52:32.929736     932 watch.go:40] Failed to load config from "/home/user/studio/dataconnect": could not find dataconnect.yaml in `/home/user/studio/dataconnect`
 {"metadata":{"emulator":{"name":"dataconnect"},"message":"E0227 05:52:32.929736     932 watch.go:40] Failed to load config from \"/home/user/studio/dataconnect\": could not find dataconnect.yaml in `/home/user/studio/dataconnect`\n"}}
[debug] [2026-02-27T05:52:42.927Z] E0227 05:52:42.922906     932 watch.go:116] watchAllDir unable to walk dir `/home/user/studio/dataconnect`: lstat /home/user/studio/dataconnect: no such file or directory
E0227 05:52:42.923020     932 watch.go:40] Failed to load config from "/home/user/studio/dataconnect": could not find dataconnect.yaml in `/home/user/studio/dataconnect`
 {"metadata":{"emulator":{"name":"dataconnect"},"message":"E0227 05:52:42.922906     932 watch.go:116] watchAllDir unable to walk dir `/home/user/studio/dataconnect`: lstat /home/user/studio/dataconnect: no such file or directory\nE0227 05:52:42.923020     932 watch.go:40] Failed to load config from \"/home/user/studio/dataconnect\": could not find dataconnect.yaml in `/home/user/studio/dataconnect`\n"}}
[debug] [2026-02-27T05:52:52.929Z] E0227 05:52:52.928955     932 watch.go:40] Failed to load config from "/home/user/studio/dataconnect": could not find dataconnect.yaml in `/home/user/studio/dataconnect`
 {"metadata":{"emulator":{"name":"dataconnect"},"message":"E0227 05:52:52.928955     932 watch.go:40] Failed to load config from \"/home/user/studio/dataconnect\": could not find dataconnect.yaml in `/home/user/studio/dataconnect`\n"}}
[debug] [2026-02-27T05:53:02.930Z] E0227 05:53:02.919646     932 watch.go:40] Failed to load config from "/home/user/studio/dataconnect": could not find dataconnect.yaml in `/home/user/studio/dataconnect`
 {"metadata":{"emulator":{"name":"dataconnect"},"message":"E0227 05:53:02.919646     932 watch.go:40] Failed to load config from \"/home/user/studio/dataconnect\": could not find dataconnect.yaml in `/home/user/studio/dataconnect`\n"}}
[debug] [2026-02-27T05:53:12.920Z] E0227 05:53:12.920138     932 watch.go:40] Failed to load config from "/home/user/studio/dataconnect": could not find dataconnect.yaml in `/home/user/studio/dataconnect`
 {"metadata":{"emulator":{"name":"dataconnect"},"message":"E0227 05:53:12.920138     932 watch.go:40] Failed to load config from \"/home/user/studio/dataconnect\": could not find dataconnect.yaml in `/home/user/studio/dataconnect`\n"}}
[debug] [2026-02-27T05:53:22.935Z] E0227 05:53:22.932973     932 watch.go:40] Failed to load config from "/home/user/studio/dataconnect": could not find dataconnect.yaml in `/home/user/studio/dataconnect`
 {"metadata":{"emulator":{"name":"dataconnect"},"message":"E0227 05:53:22.932973     932 watch.go:40] Failed to load config from \"/home/user/studio/dataconnect\": could not find dataconnect.yaml in `/home/user/studio/dataconnect`\n"}}
[debug] [2026-02-27T05:53:32.931Z] E0227 05:53:32.928943     932 watch.go:40] Failed to load config from "/home/user/studio/dataconnect": could not find dataconnect.yaml in `/home/user/studio/dataconnect`
 {"metadata":{"emulator":{"name":"dataconnect"},"message":"E0227 05:53:32.928943     932 watch.go:40] Failed to load config from \"/home/user/studio/dataconnect\": could not find dataconnect.yaml in `/home/user/studio/dataconnect`\n"}}
[debug] [2026-02-27T05:53:42.921Z] E0227 05:53:42.920118     932 watch.go:116] watchAllDir unable to walk dir `/home/user/studio/dataconnect`: lstat /home/user/studio/dataconnect: no such file or directory
E0227 05:53:42.920290     932 watch.go:40] Failed to load config from "/home/user/studio/dataconnect": could not find dataconnect.yaml in `/home/user/studio/dataconnect`
 {"metadata":{"emulator":{"name":"dataconnect"},"message":"E0227 05:53:42.920118     932 watch.go:116] watchAllDir unable to walk dir `/home/user/studio/dataconnect`: lstat /home/user/studio/dataconnect: no such file or directory\nE0227 05:53:42.920290     932 watch.go:40] Failed to load config from \"/home/user/studio/dataconnect\": could not find dataconnect.yaml in `/home/user/studio/dataconnect`\n"}}
[debug] [2026-02-27T05:53:52.933Z] E0227 05:53:52.928209     932 watch.go:40] Failed to load config from "/home/user/studio/dataconnect": could not find dataconnect.yaml in `/home/user/studio/dataconnect`
 {"metadata":{"emulator":{"name":"dataconnect"},"message":"E0227 05:53:52.928209     932 watch.go:40] Failed to load config from \"/home/user/studio/dataconnect\": could not find dataconnect.yaml in `/home/user/studio/dataconnect`\n"}}
[debug] [2026-02-27T05:54:02.995Z] E0227 05:54:02.929921     932 watch.go:40] Failed to load config from "/home/user/studio/dataconnect": could not find dataconnect.yaml in `/home/user/studio/dataconnect`
 {"metadata":{"emulator":{"name":"dataconnect"},"message":"E0227 05:54:02.929921     932 watch.go:40] Failed to load config from \"/home/user/studio/dataconnect\": could not find dataconnect.yaml in `/home/user/studio/dataconnect`\n"}}
[debug] [2026-02-27T05:54:12.921Z] E0227 05:54:12.920939     932 watch.go:40] Failed to load config from "/home/user/studio/dataconnect": could not find dataconnect.yaml in `/home/user/studio/dataconnect`
 {"metadata":{"emulator":{"name":"dataconnect"},"message":"E0227 05:54:12.920939     932 watch.go:40] Failed to load config from \"/home/user/studio/dataconnect\": could not find dataconnect.yaml in `/home/user/studio/dataconnect`\n"}}
[debug] [2026-02-27T05:54:22.929Z] E0227 05:54:22.929069     932 watch.go:40] Failed to load config from "/home/user/studio/dataconnect": could not find dataconnect.yaml in `/home/user/studio/dataconnect`
 {"metadata":{"emulator":{"name":"dataconnect"},"message":"E0227 05:54:22.929069     932 watch.go:40] Failed to load config from \"/home/user/studio/dataconnect\": could not find dataconnect.yaml in `/home/user/studio/dataconnect`\n"}}
[debug] [2026-02-27T05:54:32.929Z] E0227 05:54:32.928957     932 watch.go:40] Failed to load config from "/home/user/studio/dataconnect": could not find dataconnect.yaml in `/home/user/studio/dataconnect`
 {"metadata":{"emulator":{"name":"dataconnect"},"message":"E0227 05:54:32.928957     932 watch.go:40] Failed to load config from \"/home/user/studio/dataconnect\": could not find dataconnect.yaml in `/home/user/studio/dataconnect`\n"}}
[debug] [2026-02-27T05:54:42.921Z] E0227 05:54:42.920264     932 watch.go:40] Failed to load config from "/home/user/studio/dataconnect": could not find dataconnect.yaml in `/home/user/studio/dataconnect`
E0227 05:54:42.920168     932 watch.go:116] watchAllDir unable to walk dir `/home/user/studio/dataconnect`: lstat /home/user/studio/dataconnect: no such file or directory
 {"metadata":{"emulator":{"name":"dataconnect"},"message":"E0227 05:54:42.920264     932 watch.go:40] Failed to load config from \"/home/user/studio/dataconnect\": could not find dataconnect.yaml in `/home/user/studio/dataconnect`\nE0227 05:54:42.920168     932 watch.go:116] watchAllDir unable to walk dir `/home/user/studio/dataconnect`: lstat /home/user/studio/dataconnect: no such file or directory\n"}}
[debug] [2026-02-27T05:54:52.932Z] E0227 05:54:52.929968     932 watch.go:40] Failed to load config from "/home/user/studio/dataconnect": could not find dataconnect.yaml in `/home/user/studio/dataconnect`
 {"metadata":{"emulator":{"name":"dataconnect"},"message":"E0227 05:54:52.929968     932 watch.go:40] Failed to load config from \"/home/user/studio/dataconnect\": could not find dataconnect.yaml in `/home/user/studio/dataconnect`\n"}}
[debug] [2026-02-27T05:55:02.968Z] E0227 05:55:02.930405     932 watch.go:40] Failed to load config from "/home/user/studio/dataconnect": could not find dataconnect.yaml in `/home/user/studio/dataconnect`
 {"metadata":{"emulator":{"name":"dataconnect"},"message":"E0227 05:55:02.930405     932 watch.go:40] Failed to load config from \"/home/user/studio/dataconnect\": could not find dataconnect.yaml in `/home/user/studio/dataconnect`\n"}}
[debug] [2026-02-27T05:55:12.919Z] E0227 05:55:12.919566     932 watch.go:40] Failed to load config from "/home/user/studio/dataconnect": could not find dataconnect.yaml in `/home/user/studio/dataconnect`
 {"metadata":{"emulator":{"name":"dataconnect"},"message":"E0227 05:55:12.919566     932 watch.go:40] Failed to load config from \"/home/user/studio/dataconnect\": could not find dataconnect.yaml in `/home/user/studio/dataconnect`\n"}}
[debug] [2026-02-27T05:55:22.935Z] E0227 05:55:22.929080     932 watch.go:40] Failed to load config from "/home/user/studio/dataconnect": could not find dataconnect.yaml in `/home/user/studio/dataconnect`
 {"metadata":{"emulator":{"name":"dataconnect"},"message":"E0227 05:55:22.929080     932 watch.go:40] Failed to load config from \"/home/user/studio/dataconnect\": could not find dataconnect.yaml in `/home/user/studio/dataconnect`\n"}}
[debug] [2026-02-27T05:55:32.931Z] E0227 05:55:32.930950     932 watch.go:40] Failed to load config from "/home/user/studio/dataconnect": could not find dataconnect.yaml in `/home/user/studio/dataconnect`
 {"metadata":{"emulator":{"name":"dataconnect"},"message":"E0227 05:55:32.930950     932 watch.go:40] Failed to load config from \"/home/user/studio/dataconnect\": could not find dataconnect.yaml in `/home/user/studio/dataconnect`\n"}}
[debug] [2026-02-27T05:55:42.922Z] E0227 05:55:42.919737     932 watch.go:116] watchAllDir unable to walk dir `/home/user/studio/dataconnect`: lstat /home/user/studio/dataconnect: no such file or directory
E0227 05:55:42.919947     932 watch.go:40] Failed to load config from "/home/user/studio/dataconnect": could not find dataconnect.yaml in `/home/user/studio/dataconnect`
 {"metadata":{"emulator":{"name":"dataconnect"},"message":"E0227 05:55:42.919737     932 watch.go:116] watchAllDir unable to walk dir `/home/user/studio/dataconnect`: lstat /home/user/studio/dataconnect: no such file or directory\nE0227 05:55:42.919947     932 watch.go:40] Failed to load config from \"/home/user/studio/dataconnect\": could not find dataconnect.yaml in `/home/user/studio/dataconnect`\n"}}
[debug] [2026-02-27T05:55:52.931Z] E0227 05:55:52.928961     932 watch.go:40] Failed to load config from "/home/user/studio/dataconnect": could not find dataconnect.yaml in `/home/user/studio/dataconnect`
 {"metadata":{"emulator":{"name":"dataconnect"},"message":"E0227 05:55:52.928961     932 watch.go:40] Failed to load config from \"/home/user/studio/dataconnect\": could not find dataconnect.yaml in `/home/user/studio/dataconnect`\n"}}
[debug] [2026-02-27T05:56:02.929Z] E0227 05:56:02.928995     932 watch.go:40] Failed to load config from "/home/user/studio/dataconnect": could not find dataconnect.yaml in `/home/user/studio/dataconnect`
 {"metadata":{"emulator":{"name":"dataconnect"},"message":"E0227 05:56:02.928995     932 watch.go:40] Failed to load config from \"/home/user/studio/dataconnect\": could not find dataconnect.yaml in `/home/user/studio/dataconnect`\n"}}
[debug] [2026-02-27T05:56:13.045Z] E0227 05:56:12.920644     932 watch.go:40] Failed to load config from "/home/user/studio/dataconnect": could not find dataconnect.yaml in `/home/user/studio/dataconnect`
 {"metadata":{"emulator":{"name":"dataconnect"},"message":"E0227 05:56:12.920644     932 watch.go:40] Failed to load config from \"/home/user/studio/dataconnect\": could not find dataconnect.yaml in `/home/user/studio/dataconnect`\n"}}
[debug] [2026-02-27T05:56:22.932Z] E0227 05:56:22.929936     932 watch.go:40] Failed to load config from "/home/user/studio/dataconnect": could not find dataconnect.yaml in `/home/user/studio/dataconnect`
 {"metadata":{"emulator":{"name":"dataconnect"},"message":"E0227 05:56:22.929936     932 watch.go:40] Failed to load config from \"/home/user/studio/dataconnect\": could not find dataconnect.yaml in `/home/user/studio/dataconnect`\n"}}
[debug] [2026-02-27T05:56:32.935Z] E0227 05:56:32.935151     932 watch.go:40] Failed to load config from "/home/user/studio/dataconnect": could not find dataconnect.yaml in `/home/user/studio/dataconnect`
 {"metadata":{"emulator":{"name":"dataconnect"},"message":"E0227 05:56:32.935151     932 watch.go:40] Failed to load config from \"/home/user/studio/dataconnect\": could not find dataconnect.yaml in `/home/user/studio/dataconnect`\n"}}
[debug] [2026-02-27T05:56:42.922Z] E0227 05:56:42.921710     932 watch.go:116] watchAllDir unable to walk dir `/home/user/studio/dataconnect`: lstat /home/user/studio/dataconnect: no such file or directory
 {"metadata":{"emulator":{"name":"dataconnect"},"message":"E0227 05:56:42.921710     932 watch.go:116] watchAllDir unable to walk dir `/home/user/studio/dataconnect`: lstat /home/user/studio/dataconnect: no such file or directory\n"}}
[debug] [2026-02-27T05:56:42.942Z] E0227 05:56:42.921848     932 watch.go:40] Failed to load config from "/home/user/studio/dataconnect": could not find dataconnect.yaml in `/home/user/studio/dataconnect`
 {"metadata":{"emulator":{"name":"dataconnect"},"message":"E0227 05:56:42.921848     932 watch.go:40] Failed to load config from \"/home/user/studio/dataconnect\": could not find dataconnect.yaml in `/home/user/studio/dataconnect`\n"}}
[debug] [2026-02-27T05:56:52.929Z] E0227 05:56:52.928932     932 watch.go:40] Failed to load config from "/home/user/studio/dataconnect": could not find dataconnect.yaml in `/home/user/studio/dataconnect`
 {"metadata":{"emulator":{"name":"dataconnect"},"message":"E0227 05:56:52.928932     932 watch.go:40] Failed to load config from \"/home/user/studio/dataconnect\": could not find dataconnect.yaml in `/home/user/studio/dataconnect`\n"}}
[debug] [2026-02-27T05:57:02.936Z] E0227 05:57:02.933946     932 watch.go:40] Failed to load config from "/home/user/studio/dataconnect": could not find dataconnect.yaml in `/home/user/studio/dataconnect`
 {"metadata":{"emulator":{"name":"dataconnect"},"message":"E0227 05:57:02.933946     932 watch.go:40] Failed to load config from \"/home/user/studio/dataconnect\": could not find dataconnect.yaml in `/home/user/studio/dataconnect`\n"}}
[debug] [2026-02-27T05:57:12.923Z] E0227 05:57:12.920244     932 watch.go:40] Failed to load config from "/home/user/studio/dataconnect": could not find dataconnect.yaml in `/home/user/studio/dataconnect`
 {"metadata":{"emulator":{"name":"dataconnect"},"message":"E0227 05:57:12.920244     932 watch.go:40] Failed to load config from \"/home/user/studio/dataconnect\": could not find dataconnect.yaml in `/home/user/studio/dataconnect`\n"}}
[debug] [2026-02-27T05:57:22.920Z] E0227 05:57:22.919681     932 watch.go:40] Failed to load config from "/home/user/studio/dataconnect": could not find dataconnect.yaml in `/home/user/studio/dataconnect`
 {"metadata":{"emulator":{"name":"dataconnect"},"message":"E0227 05:57:22.919681     932 watch.go:40] Failed to load config from \"/home/user/studio/dataconnect\": could not find dataconnect.yaml in `/home/user/studio/dataconnect`\n"}}
[debug] [2026-02-27T05:57:32.939Z] E0227 05:57:32.929183     932 watch.go:40] Failed to load config from "/home/user/studio/dataconnect": could not find dataconnect.yaml in `/home/user/studio/dataconnect`
 {"metadata":{"emulator":{"name":"dataconnect"},"message":"E0227 05:57:32.929183     932 watch.go:40] Failed to load config from \"/home/user/studio/dataconnect\": could not find dataconnect.yaml in `/home/user/studio/dataconnect`\n"}}
[debug] [2026-02-27T05:57:42.923Z] E0227 05:57:42.922873     932 watch.go:116] watchAllDir unable to walk dir `/home/user/studio/dataconnect`: lstat /home/user/studio/dataconnect: no such file or directory
E0227 05:57:42.923054     932 watch.go:40] Failed to load config from "/home/user/studio/dataconnect": could not find dataconnect.yaml in `/home/user/studio/dataconnect`
 {"metadata":{"emulator":{"name":"dataconnect"},"message":"E0227 05:57:42.922873     932 watch.go:116] watchAllDir unable to walk dir `/home/user/studio/dataconnect`: lstat /home/user/studio/dataconnect: no such file or directory\nE0227 05:57:42.923054     932 watch.go:40] Failed to load config from \"/home/user/studio/dataconnect\": could not find dataconnect.yaml in `/home/user/studio/dataconnect`\n"}}
[debug] [2026-02-27T05:57:52.933Z] E0227 05:57:52.932920     932 watch.go:40] Failed to load config from "/home/user/studio/dataconnect": could not find dataconnect.yaml in `/home/user/studio/dataconnect`
 {"metadata":{"emulator":{"name":"dataconnect"},"message":"E0227 05:57:52.932920     932 watch.go:40] Failed to load config from \"/home/user/studio/dataconnect\": could not find dataconnect.yaml in `/home/user/studio/dataconnect`\n"}}
[debug] [2026-02-27T05:58:02.932Z] E0227 05:58:02.931039     932 watch.go:40] Failed to load config from "/home/user/studio/dataconnect": could not find dataconnect.yaml in `/home/user/studio/dataconnect`
 {"metadata":{"emulator":{"name":"dataconnect"},"message":"E0227 05:58:02.931039     932 watch.go:40] Failed to load config from \"/home/user/studio/dataconnect\": could not find dataconnect.yaml in `/home/user/studio/dataconnect`\n"}}
[debug] [2026-02-27T05:58:12.920Z] E0227 05:58:12.920191     932 watch.go:40] Failed to load config from "/home/user/studio/dataconnect": could not find dataconnect.yaml in `/home/user/studio/dataconnect`
 {"metadata":{"emulator":{"name":"dataconnect"},"message":"E0227 05:58:12.920191     932 watch.go:40] Failed to load config from \"/home/user/studio/dataconnect\": could not find dataconnect.yaml in `/home/user/studio/dataconnect`\n"}}
[debug] [2026-02-27T05:58:22.938Z] E0227 05:58:22.932929     932 watch.go:40] Failed to load config from "/home/user/studio/dataconnect": could not find dataconnect.yaml in `/home/user/studio/dataconnect`
 {"metadata":{"emulator":{"name":"dataconnect"},"message":"E0227 05:58:22.932929     932 watch.go:40] Failed to load config from \"/home/user/studio/dataconnect\": could not find dataconnect.yaml in `/home/user/studio/dataconnect`\n"}}
[debug] [2026-02-27T05:58:32.933Z] E0227 05:58:32.931931     932 watch.go:40] Failed to load config from "/home/user/studio/dataconnect": could not find dataconnect.yaml in `/home/user/studio/dataconnect`
 {"metadata":{"emulator":{"name":"dataconnect"},"message":"E0227 05:58:32.931931     932 watch.go:40] Failed to load config from \"/home/user/studio/dataconnect\": could not find dataconnect.yaml in `/home/user/studio/dataconnect`\n"}}
[debug] [2026-02-27T05:58:42.920Z] E0227 05:58:42.920143     932 watch.go:116] watchAllDir unable to walk dir `/home/user/studio/dataconnect`: lstat /home/user/studio/dataconnect: no such file or directory
E0227 05:58:42.920268     932 watch.go:40] Failed to load config from "/home/user/studio/dataconnect": could not find dataconnect.yaml in `/home/user/studio/dataconnect`
 {"metadata":{"emulator":{"name":"dataconnect"},"message":"E0227 05:58:42.920143     932 watch.go:116] watchAllDir unable to walk dir `/home/user/studio/dataconnect`: lstat /home/user/studio/dataconnect: no such file or directory\nE0227 05:58:42.920268     932 watch.go:40] Failed to load config from \"/home/user/studio/dataconnect\": could not find dataconnect.yaml in `/home/user/studio/dataconnect`\n"}}
[debug] [2026-02-27T05:58:52.932Z] E0227 05:58:52.931949     932 watch.go:40] Failed to load config from "/home/user/studio/dataconnect": could not find dataconnect.yaml in `/home/user/studio/dataconnect`
 {"metadata":{"emulator":{"name":"dataconnect"},"message":"E0227 05:58:52.931949     932 watch.go:40] Failed to load config from \"/home/user/studio/dataconnect\": could not find dataconnect.yaml in `/home/user/studio/dataconnect`\n"}}
[debug] [2026-02-27T05:59:02.932Z] E0227 05:59:02.931208     932 watch.go:40] Failed to load config from "/home/user/studio/dataconnect": could not find dataconnect.yaml in `/home/user/studio/dataconnect`
 {"metadata":{"emulator":{"name":"dataconnect"},"message":"E0227 05:59:02.931208     932 watch.go:40] Failed to load config from \"/home/user/studio/dataconnect\": could not find dataconnect.yaml in `/home/user/studio/dataconnect`\n"}}
[debug] [2026-02-27T05:59:12.919Z] E0227 05:59:12.919550     932 watch.go:40] Failed to load config from "/home/user/studio/dataconnect": could not find dataconnect.yaml in `/home/user/studio/dataconnect`
 {"metadata":{"emulator":{"name":"dataconnect"},"message":"E0227 05:59:12.919550     932 watch.go:40] Failed to load config from \"/home/user/studio/dataconnect\": could not find dataconnect.yaml in `/home/user/studio/dataconnect`\n"}}
[debug] [2026-02-27T05:59:22.919Z] E0227 05:59:22.919549     932 watch.go:40] Failed to load config from "/home/user/studio/dataconnect": could not find dataconnect.yaml in `/home/user/studio/dataconnect`
 {"metadata":{"emulator":{"name":"dataconnect"},"message":"E0227 05:59:22.919549     932 watch.go:40] Failed to load config from \"/home/user/studio/dataconnect\": could not find dataconnect.yaml in `/home/user/studio/dataconnect`\n"}}
[debug] [2026-02-27T05:59:32.921Z] E0227 05:59:32.920962     932 watch.go:40] Failed to load config from "/home/user/studio/dataconnect": could not find dataconnect.yaml in `/home/user/studio/dataconnect`
 {"metadata":{"emulator":{"name":"dataconnect"},"message":"E0227 05:59:32.920962     932 watch.go:40] Failed to load config from \"/home/user/studio/dataconnect\": could not find dataconnect.yaml in `/home/user/studio/dataconnect`\n"}}
[debug] [2026-02-27T05:59:42.924Z] E0227 05:59:42.920744     932 watch.go:116] watchAllDir unable to walk dir `/home/user/studio/dataconnect`: lstat /home/user/studio/dataconnect: no such file or directory
E0227 05:59:42.920840     932 watch.go:40] Failed to load config from "/home/user/studio/dataconnect": could not find dataconnect.yaml in `/home/user/studio/dataconnect`
 {"metadata":{"emulator":{"name":"dataconnect"},"message":"E0227 05:59:42.920744     932 watch.go:116] watchAllDir unable to walk dir `/home/user/studio/dataconnect`: lstat /home/user/studio/dataconnect: no such file or directory\nE0227 05:59:42.920840     932 watch.go:40] Failed to load config from \"/home/user/studio/dataconnect\": could not find dataconnect.yaml in `/home/user/studio/dataconnect`\n"}}
[debug] [2026-02-27T05:59:52.936Z] E0227 05:59:52.929390     932 watch.go:40] Failed to load config from "/home/user/studio/dataconnect": could not find dataconnect.yaml in `/home/user/studio/dataconnect`
 {"metadata":{"emulator":{"name":"dataconnect"},"message":"E0227 05:59:52.929390     932 watch.go:40] Failed to load config from \"/home/user/studio/dataconnect\": could not find dataconnect.yaml in `/home/user/studio/dataconnect`\n"}}
[debug] [2026-02-27T06:00:02.930Z] E0227 06:00:02.930038     932 watch.go:40] Failed to load config from "/home/user/studio/dataconnect": could not find dataconnect.yaml in `/home/user/studio/dataconnect`
 {"metadata":{"emulator":{"name":"dataconnect"},"message":"E0227 06:00:02.930038     932 watch.go:40] Failed to load config from \"/home/user/studio/dataconnect\": could not find dataconnect.yaml in `/home/user/studio/dataconnect`\n"}}
[debug] [2026-02-27T06:00:12.923Z] E0227 06:00:12.921945     932 watch.go:40] Failed to load config from "/home/user/studio/dataconnect": could not find dataconnect.yaml in `/home/user/studio/dataconnect`
 {"metadata":{"emulator":{"name":"dataconnect"},"message":"E0227 06:00:12.921945     932 watch.go:40] Failed to load config from \"/home/user/studio/dataconnect\": could not find dataconnect.yaml in `/home/user/studio/dataconnect`\n"}}
[debug] [2026-02-27T06:00:22.934Z] E0227 06:00:22.928945     932 watch.go:40] Failed to load config from "/home/user/studio/dataconnect": could not find dataconnect.yaml in `/home/user/studio/dataconnect`
 {"metadata":{"emulator":{"name":"dataconnect"},"message":"E0227 06:00:22.928945     932 watch.go:40] Failed to load config from \"/home/user/studio/dataconnect\": could not find dataconnect.yaml in `/home/user/studio/dataconnect`\n"}}
[debug] [2026-02-27T06:00:32.933Z] E0227 06:00:32.929598     932 watch.go:40] Failed to load config from "/home/user/studio/dataconnect": could not find dataconnect.yaml in `/home/user/studio/dataconnect`
 {"metadata":{"emulator":{"name":"dataconnect"},"message":"E0227 06:00:32.929598     932 watch.go:40] Failed to load config from \"/home/user/studio/dataconnect\": could not find dataconnect.yaml in `/home/user/studio/dataconnect`\n"}}
[debug] [2026-02-27T06:00:42.953Z] E0227 06:00:42.920876     932 watch.go:116] watchAllDir unable to walk dir `/home/user/studio/dataconnect`: lstat /home/user/studio/dataconnect: no such file or directory
E0227 06:00:42.920984     932 watch.go:40] Failed to load config from "/home/user/studio/dataconnect": could not find dataconnect.yaml in `/home/user/studio/dataconnect`
 {"metadata":{"emulator":{"name":"dataconnect"},"message":"E0227 06:00:42.920876     932 watch.go:116] watchAllDir unable to walk dir `/home/user/studio/dataconnect`: lstat /home/user/studio/dataconnect: no such file or directory\nE0227 06:00:42.920984     932 watch.go:40] Failed to load config from \"/home/user/studio/dataconnect\": could not find dataconnect.yaml in `/home/user/studio/dataconnect`\n"}}
[debug] [2026-02-27T06:00:52.995Z] E0227 06:00:52.932933     932 watch.go:40] Failed to load config from "/home/user/studio/dataconnect": could not find dataconnect.yaml in `/home/user/studio/dataconnect`
 {"metadata":{"emulator":{"name":"dataconnect"},"message":"E0227 06:00:52.932933     932 watch.go:40] Failed to load config from \"/home/user/studio/dataconnect\": could not find dataconnect.yaml in `/home/user/studio/dataconnect`\n"}}
[debug] [2026-02-27T06:01:02.931Z] E0227 06:01:02.929932     932 watch.go:40] Failed to load config from "/home/user/studio/dataconnect": could not find dataconnect.yaml in `/home/user/studio/dataconnect`
 {"metadata":{"emulator":{"name":"dataconnect"},"message":"E0227 06:01:02.929932     932 watch.go:40] Failed to load config from \"/home/user/studio/dataconnect\": could not find dataconnect.yaml in `/home/user/studio/dataconnect`\n"}}
[debug] [2026-02-27T06:01:12.921Z] E0227 06:01:12.920947     932 watch.go:40] Failed to load config from "/home/user/studio/dataconnect": could not find dataconnect.yaml in `/home/user/studio/dataconnect`
 {"metadata":{"emulator":{"name":"dataconnect"},"message":"E0227 06:01:12.920947     932 watch.go:40] Failed to load config from \"/home/user/studio/dataconnect\": could not find dataconnect.yaml in `/home/user/studio/dataconnect`\n"}}
[debug] [2026-02-27T06:01:22.933Z] E0227 06:01:22.930991     932 watch.go:40] Failed to load config from "/home/user/studio/dataconnect": could not find dataconnect.yaml in `/home/user/studio/dataconnect`
 {"metadata":{"emulator":{"name":"dataconnect"},"message":"E0227 06:01:22.930991     932 watch.go:40] Failed to load config from \"/home/user/studio/dataconnect\": could not find dataconnect.yaml in `/home/user/studio/dataconnect`\n"}}
[debug] [2026-02-27T06:01:32.926Z] E0227 06:01:32.919538     932 watch.go:40] Failed to load config from "/home/user/studio/dataconnect": could not find dataconnect.yaml in `/home/user/studio/dataconnect`
 {"metadata":{"emulator":{"name":"dataconnect"},"message":"E0227 06:01:32.919538     932 watch.go:40] Failed to load config from \"/home/user/studio/dataconnect\": could not find dataconnect.yaml in `/home/user/studio/dataconnect`\n"}}
[debug] [2026-02-27T06:01:42.931Z] E0227 06:01:42.920902     932 watch.go:116] watchAllDir unable to walk dir `/home/user/studio/dataconnect`: lstat /home/user/studio/dataconnect: no such file or directory
E0227 06:01:42.921066     932 watch.go:40] Failed to load config from "/home/user/studio/dataconnect": could not find dataconnect.yaml in `/home/user/studio/dataconnect`
 {"metadata":{"emulator":{"name":"dataconnect"},"message":"E0227 06:01:42.920902     932 watch.go:116] watchAllDir unable to walk dir `/home/user/studio/dataconnect`: lstat /home/user/studio/dataconnect: no such file or directory\nE0227 06:01:42.921066     932 watch.go:40] Failed to load config from \"/home/user/studio/dataconnect\": could not find dataconnect.yaml in `/home/user/studio/dataconnect`\n"}}
[debug] [2026-02-27T06:01:52.932Z] E0227 06:01:52.928963     932 watch.go:40] Failed to load config from "/home/user/studio/dataconnect": could not find dataconnect.yaml in `/home/user/studio/dataconnect`
 {"metadata":{"emulator":{"name":"dataconnect"},"message":"E0227 06:01:52.928963     932 watch.go:40] Failed to load config from \"/home/user/studio/dataconnect\": could not find dataconnect.yaml in `/home/user/studio/dataconnect`\n"}}
[debug] [2026-02-27T06:02:02.937Z] E0227 06:02:02.929225     932 watch.go:40] Failed to load config from "/home/user/studio/dataconnect": could not find dataconnect.yaml in `/home/user/studio/dataconnect`
 {"metadata":{"emulator":{"name":"dataconnect"},"message":"E0227 06:02:02.929225     932 watch.go:40] Failed to load config from \"/home/user/studio/dataconnect\": could not find dataconnect.yaml in `/home/user/studio/dataconnect`\n"}}
[debug] [2026-02-27T06:02:12.922Z] E0227 06:02:12.920946     932 watch.go:40] Failed to load config from "/home/user/studio/dataconnect": could not find dataconnect.yaml in `/home/user/studio/dataconnect`
 {"metadata":{"emulator":{"name":"dataconnect"},"message":"E0227 06:02:12.920946     932 watch.go:40] Failed to load config from \"/home/user/studio/dataconnect\": could not find dataconnect.yaml in `/home/user/studio/dataconnect`\n"}}
[debug] [2026-02-27T06:02:22.966Z] E0227 06:02:22.930061     932 watch.go:40] Failed to load config from "/home/user/studio/dataconnect": could not find dataconnect.yaml in `/home/user/studio/dataconnect`
 {"metadata":{"emulator":{"name":"dataconnect"},"message":"E0227 06:02:22.930061     932 watch.go:40] Failed to load config from \"/home/user/studio/dataconnect\": could not find dataconnect.yaml in `/home/user/studio/dataconnect`\n"}}
[debug] [2026-02-27T06:02:32.934Z] E0227 06:02:32.928931     932 watch.go:40] Failed to load config from "/home/user/studio/dataconnect": could not find dataconnect.yaml in `/home/user/studio/dataconnect`
 {"metadata":{"emulator":{"name":"dataconnect"},"message":"E0227 06:02:32.928931     932 watch.go:40] Failed to load config from \"/home/user/studio/dataconnect\": could not find dataconnect.yaml in `/home/user/studio/dataconnect`\n"}}
[debug] [2026-02-27T06:02:42.952Z] E0227 06:02:42.920107     932 watch.go:116] watchAllDir unable to walk dir `/home/user/studio/dataconnect`: lstat /home/user/studio/dataconnect: no such file or directory
E0227 06:02:42.920210     932 watch.go:40] Failed to load config from "/home/user/studio/dataconnect": could not find dataconnect.yaml in `/home/user/studio/dataconnect`
 {"metadata":{"emulator":{"name":"dataconnect"},"message":"E0227 06:02:42.920107     932 watch.go:116] watchAllDir unable to walk dir `/home/user/studio/dataconnect`: lstat /home/user/studio/dataconnect: no such file or directory\nE0227 06:02:42.920210     932 watch.go:40] Failed to load config from \"/home/user/studio/dataconnect\": could not find dataconnect.yaml in `/home/user/studio/dataconnect`\n"}}
[debug] [2026-02-27T06:02:52.931Z] E0227 06:02:52.930098     932 watch.go:40] Failed to load config from "/home/user/studio/dataconnect": could not find dataconnect.yaml in `/home/user/studio/dataconnect`
 {"metadata":{"emulator":{"name":"dataconnect"},"message":"E0227 06:02:52.930098     932 watch.go:40] Failed to load config from \"/home/user/studio/dataconnect\": could not find dataconnect.yaml in `/home/user/studio/dataconnect`\n"}}
[debug] [2026-02-27T06:03:02.931Z] E0227 06:03:02.928921     932 watch.go:40] Failed to load config from "/home/user/studio/dataconnect": could not find dataconnect.yaml in `/home/user/studio/dataconnect`
 {"metadata":{"emulator":{"name":"dataconnect"},"message":"E0227 06:03:02.928921     932 watch.go:40] Failed to load config from \"/home/user/studio/dataconnect\": could not find dataconnect.yaml in `/home/user/studio/dataconnect`\n"}}
[debug] [2026-02-27T06:03:12.924Z] E0227 06:03:12.921989     932 watch.go:40] Failed to load config from "/home/user/studio/dataconnect": could not find dataconnect.yaml in `/home/user/studio/dataconnect`
 {"metadata":{"emulator":{"name":"dataconnect"},"message":"E0227 06:03:12.921989     932 watch.go:40] Failed to load config from \"/home/user/studio/dataconnect\": could not find dataconnect.yaml in `/home/user/studio/dataconnect`\n"}}
[debug] [2026-02-27T06:03:22.929Z] E0227 06:03:22.928954     932 watch.go:40] Failed to load config from "/home/user/studio/dataconnect": could not find dataconnect.yaml in `/home/user/studio/dataconnect`
 {"metadata":{"emulator":{"name":"dataconnect"},"message":"E0227 06:03:22.928954     932 watch.go:40] Failed to load config from \"/home/user/studio/dataconnect\": could not find dataconnect.yaml in `/home/user/studio/dataconnect`\n"}}
[debug] [2026-02-27T06:03:32.933Z] E0227 06:03:32.932958     932 watch.go:40] Failed to load config from "/home/user/studio/dataconnect": could not find dataconnect.yaml in `/home/user/studio/dataconnect`
 {"metadata":{"emulator":{"name":"dataconnect"},"message":"E0227 06:03:32.932958     932 watch.go:40] Failed to load config from \"/home/user/studio/dataconnect\": could not find dataconnect.yaml in `/home/user/studio/dataconnect`\n"}}
[debug] [2026-02-27T06:03:42.935Z] E0227 06:03:42.929898     932 watch.go:116] watchAllDir unable to walk dir `/home/user/studio/dataconnect`: lstat /home/user/studio/dataconnect: no such file or directory
E0227 06:03:42.930052     932 watch.go:40] Failed to load config from "/home/user/studio/dataconnect": could not find dataconnect.yaml in `/home/user/studio/dataconnect`
 {"metadata":{"emulator":{"name":"dataconnect"},"message":"E0227 06:03:42.929898     932 watch.go:116] watchAllDir unable to walk dir `/home/user/studio/dataconnect`: lstat /home/user/studio/dataconnect: no such file or directory\nE0227 06:03:42.930052     932 watch.go:40] Failed to load config from \"/home/user/studio/dataconnect\": could not find dataconnect.yaml in `/home/user/studio/dataconnect`\n"}}
[debug] [2026-02-27T06:03:52.929Z] E0227 06:03:52.929293     932 watch.go:40] Failed to load config from "/home/user/studio/dataconnect": could not find dataconnect.yaml in `/home/user/studio/dataconnect`
 {"metadata":{"emulator":{"name":"dataconnect"},"message":"E0227 06:03:52.929293     932 watch.go:40] Failed to load config from \"/home/user/studio/dataconnect\": could not find dataconnect.yaml in `/home/user/studio/dataconnect`\n"}}
[debug] [2026-02-27T06:04:02.931Z] E0227 06:04:02.929923     932 watch.go:40] Failed to load config from "/home/user/studio/dataconnect": could not find dataconnect.yaml in `/home/user/studio/dataconnect`
 {"metadata":{"emulator":{"name":"dataconnect"},"message":"E0227 06:04:02.929923     932 watch.go:40] Failed to load config from \"/home/user/studio/dataconnect\": could not find dataconnect.yaml in `/home/user/studio/dataconnect`\n"}}
[debug] [2026-02-27T06:04:12.921Z] E0227 06:04:12.920292     932 watch.go:40] Failed to load config from "/home/user/studio/dataconnect": could not find dataconnect.yaml in `/home/user/studio/dataconnect`
 {"metadata":{"emulator":{"name":"dataconnect"},"message":"E0227 06:04:12.920292     932 watch.go:40] Failed to load config from \"/home/user/studio/dataconnect\": could not find dataconnect.yaml in `/home/user/studio/dataconnect`\n"}}
[debug] [2026-02-27T06:04:22.928Z] E0227 06:04:22.927933     932 watch.go:40] Failed to load config from "/home/user/studio/dataconnect": could not find dataconnect.yaml in `/home/user/studio/dataconnect`
 {"metadata":{"emulator":{"name":"dataconnect"},"message":"E0227 06:04:22.927933     932 watch.go:40] Failed to load config from \"/home/user/studio/dataconnect\": could not find dataconnect.yaml in `/home/user/studio/dataconnect`\n"}}
[debug] [2026-02-27T06:04:32.929Z] E0227 06:04:32.928954     932 watch.go:40] Failed to load config from "/home/user/studio/dataconnect": could not find dataconnect.yaml in `/home/user/studio/dataconnect`
 {"metadata":{"emulator":{"name":"dataconnect"},"message":"E0227 06:04:32.928954     932 watch.go:40] Failed to load config from \"/home/user/studio/dataconnect\": could not find dataconnect.yaml in `/home/user/studio/dataconnect`\n"}}
[debug] [2026-02-27T06:04:42.924Z] E0227 06:04:42.922899     932 watch.go:116] watchAllDir unable to walk dir `/home/user/studio/dataconnect`: lstat /home/user/studio/dataconnect: no such file or directory
E0227 06:04:42.923054     932 watch.go:40] Failed to load config from "/home/user/studio/dataconnect": could not find dataconnect.yaml in `/home/user/studio/dataconnect`
 {"metadata":{"emulator":{"name":"dataconnect"},"message":"E0227 06:04:42.922899     932 watch.go:116] watchAllDir unable to walk dir `/home/user/studio/dataconnect`: lstat /home/user/studio/dataconnect: no such file or directory\nE0227 06:04:42.923054     932 watch.go:40] Failed to load config from \"/home/user/studio/dataconnect\": could not find dataconnect.yaml in `/home/user/studio/dataconnect`\n"}}
[debug] [2026-02-27T06:04:52.933Z] E0227 06:04:52.930946     932 watch.go:40] Failed to load config from "/home/user/studio/dataconnect": could not find dataconnect.yaml in `/home/user/studio/dataconnect`
 {"metadata":{"emulator":{"name":"dataconnect"},"message":"E0227 06:04:52.930946     932 watch.go:40] Failed to load config from \"/home/user/studio/dataconnect\": could not find dataconnect.yaml in `/home/user/studio/dataconnect`\n"}}
[debug] [2026-02-27T06:05:02.938Z] E0227 06:05:02.929939     932 watch.go:40] Failed to load config from "/home/user/studio/dataconnect": could not find dataconnect.yaml in `/home/user/studio/dataconnect`
 {"metadata":{"emulator":{"name":"dataconnect"},"message":"E0227 06:05:02.929939     932 watch.go:40] Failed to load config from \"/home/user/studio/dataconnect\": could not find dataconnect.yaml in `/home/user/studio/dataconnect`\n"}}
[debug] [2026-02-27T06:05:12.921Z] E0227 06:05:12.920216     932 watch.go:40] Failed to load config from "/home/user/studio/dataconnect": could not find dataconnect.yaml in `/home/user/studio/dataconnect`
 {"metadata":{"emulator":{"name":"dataconnect"},"message":"E0227 06:05:12.920216     932 watch.go:40] Failed to load config from \"/home/user/studio/dataconnect\": could not find dataconnect.yaml in `/home/user/studio/dataconnect`\n"}}
[debug] [2026-02-27T06:05:22.933Z] E0227 06:05:22.928933     932 watch.go:40] Failed to load config from "/home/user/studio/dataconnect": could not find dataconnect.yaml in `/home/user/studio/dataconnect`
 {"metadata":{"emulator":{"name":"dataconnect"},"message":"E0227 06:05:22.928933     932 watch.go:40] Failed to load config from \"/home/user/studio/dataconnect\": could not find dataconnect.yaml in `/home/user/studio/dataconnect`\n"}}
[debug] [2026-02-27T06:05:32.930Z] E0227 06:05:32.928930     932 watch.go:40] Failed to load config from "/home/user/studio/dataconnect": could not find dataconnect.yaml in `/home/user/studio/dataconnect`
 {"metadata":{"emulator":{"name":"dataconnect"},"message":"E0227 06:05:32.928930     932 watch.go:40] Failed to load config from \"/home/user/studio/dataconnect\": could not find dataconnect.yaml in `/home/user/studio/dataconnect`\n"}}
[debug] [2026-02-27T06:05:42.925Z] E0227 06:05:42.920924     932 watch.go:116] watchAllDir unable to walk dir `/home/user/studio/dataconnect`: lstat /home/user/studio/dataconnect: no such file or directory
E0227 06:05:42.921053     932 watch.go:40] Failed to load config from "/home/user/studio/dataconnect": could not find dataconnect.yaml in `/home/user/studio/dataconnect`
 {"metadata":{"emulator":{"name":"dataconnect"},"message":"E0227 06:05:42.920924     932 watch.go:116] watchAllDir unable to walk dir `/home/user/studio/dataconnect`: lstat /home/user/studio/dataconnect: no such file or directory\nE0227 06:05:42.921053     932 watch.go:40] Failed to load config from \"/home/user/studio/dataconnect\": could not find dataconnect.yaml in `/home/user/studio/dataconnect`\n"}}
[debug] [2026-02-27T06:05:52.919Z] E0227 06:05:52.919569     932 watch.go:40] Failed to load config from "/home/user/studio/dataconnect": could not find dataconnect.yaml in `/home/user/studio/dataconnect`
 {"metadata":{"emulator":{"name":"dataconnect"},"message":"E0227 06:05:52.919569     932 watch.go:40] Failed to load config from \"/home/user/studio/dataconnect\": could not find dataconnect.yaml in `/home/user/studio/dataconnect`\n"}}
[debug] [2026-02-27T06:06:02.929Z] E0227 06:06:02.928945     932 watch.go:40] Failed to load config from "/home/user/studio/dataconnect": could not find dataconnect.yaml in `/home/user/studio/dataconnect`
 {"metadata":{"emulator":{"name":"dataconnect"},"message":"E0227 06:06:02.928945     932 watch.go:40] Failed to load config from \"/home/user/studio/dataconnect\": could not find dataconnect.yaml in `/home/user/studio/dataconnect`\n"}}
[debug] [2026-02-27T06:06:12.964Z] E0227 06:06:12.920167     932 watch.go:40] Failed to load config from "/home/user/studio/dataconnect": could not find dataconnect.yaml in `/home/user/studio/dataconnect`
 {"metadata":{"emulator":{"name":"dataconnect"},"message":"E0227 06:06:12.920167     932 watch.go:40] Failed to load config from \"/home/user/studio/dataconnect\": could not find dataconnect.yaml in `/home/user/studio/dataconnect`\n"}}
[debug] [2026-02-27T06:06:22.929Z] E0227 06:06:22.929646     932 watch.go:40] Failed to load config from "/home/user/studio/dataconnect": could not find dataconnect.yaml in `/home/user/studio/dataconnect`
 {"metadata":{"emulator":{"name":"dataconnect"},"message":"E0227 06:06:22.929646     932 watch.go:40] Failed to load config from \"/home/user/studio/dataconnect\": could not find dataconnect.yaml in `/home/user/studio/dataconnect`\n"}}
[debug] [2026-02-27T06:06:32.936Z] E0227 06:06:32.931940     932 watch.go:40] Failed to load config from "/home/user/studio/dataconnect": could not find dataconnect.yaml in `/home/user/studio/dataconnect`
 {"metadata":{"emulator":{"name":"dataconnect"},"message":"E0227 06:06:32.931940     932 watch.go:40] Failed to load config from \"/home/user/studio/dataconnect\": could not find dataconnect.yaml in `/home/user/studio/dataconnect`\n"}}
[debug] [2026-02-27T06:06:42.931Z] E0227 06:06:42.921884     932 watch.go:116] watchAllDir unable to walk dir `/home/user/studio/dataconnect`: lstat /home/user/studio/dataconnect: no such file or directory
E0227 06:06:42.922069     932 watch.go:40] Failed to load config from "/home/user/studio/dataconnect": could not find dataconnect.yaml in `/home/user/studio/dataconnect`
 {"metadata":{"emulator":{"name":"dataconnect"},"message":"E0227 06:06:42.921884     932 watch.go:116] watchAllDir unable to walk dir `/home/user/studio/dataconnect`: lstat /home/user/studio/dataconnect: no such file or directory\nE0227 06:06:42.922069     932 watch.go:40] Failed to load config from \"/home/user/studio/dataconnect\": could not find dataconnect.yaml in `/home/user/studio/dataconnect`\n"}}
[debug] [2026-02-27T06:06:52.930Z] E0227 06:06:52.929917     932 watch.go:40] Failed to load config from "/home/user/studio/dataconnect": could not find dataconnect.yaml in `/home/user/studio/dataconnect`
 {"metadata":{"emulator":{"name":"dataconnect"},"message":"E0227 06:06:52.929917     932 watch.go:40] Failed to load config from \"/home/user/studio/dataconnect\": could not find dataconnect.yaml in `/home/user/studio/dataconnect`\n"}}
[debug] [2026-02-27T06:07:02.929Z] E0227 06:07:02.928938     932 watch.go:40] Failed to load config from "/home/user/studio/dataconnect": could not find dataconnect.yaml in `/home/user/studio/dataconnect`
 {"metadata":{"emulator":{"name":"dataconnect"},"message":"E0227 06:07:02.928938     932 watch.go:40] Failed to load config from \"/home/user/studio/dataconnect\": could not find dataconnect.yaml in `/home/user/studio/dataconnect`\n"}}
[debug] [2026-02-27T06:07:12.921Z] E0227 06:07:12.921518     932 watch.go:40] Failed to load config from "/home/user/studio/dataconnect": could not find dataconnect.yaml in `/home/user/studio/dataconnect`
 {"metadata":{"emulator":{"name":"dataconnect"},"message":"E0227 06:07:12.921518     932 watch.go:40] Failed to load config from \"/home/user/studio/dataconnect\": could not find dataconnect.yaml in `/home/user/studio/dataconnect`\n"}}
[debug] [2026-02-27T06:07:22.931Z] E0227 06:07:22.930127     932 watch.go:40] Failed to load config from "/home/user/studio/dataconnect": could not find dataconnect.yaml in `/home/user/studio/dataconnect`
 {"metadata":{"emulator":{"name":"dataconnect"},"message":"E0227 06:07:22.930127     932 watch.go:40] Failed to load config from \"/home/user/studio/dataconnect\": could not find dataconnect.yaml in `/home/user/studio/dataconnect`\n"}}
[debug] [2026-02-27T06:07:32.935Z] E0227 06:07:32.932951     932 watch.go:40] Failed to load config from "/home/user/studio/dataconnect": could not find dataconnect.yaml in `/home/user/studio/dataconnect`
 {"metadata":{"emulator":{"name":"dataconnect"},"message":"E0227 06:07:32.932951     932 watch.go:40] Failed to load config from \"/home/user/studio/dataconnect\": could not find dataconnect.yaml in `/home/user/studio/dataconnect`\n"}}
[debug] [2026-02-27T06:07:42.925Z] E0227 06:07:42.921892     932 watch.go:116] watchAllDir unable to walk dir `/home/user/studio/dataconnect`: lstat /home/user/studio/dataconnect: no such file or directory
E0227 06:07:42.922004     932 watch.go:40] Failed to load config from "/home/user/studio/dataconnect": could not find dataconnect.yaml in `/home/user/studio/dataconnect`
 {"metadata":{"emulator":{"name":"dataconnect"},"message":"E0227 06:07:42.921892     932 watch.go:116] watchAllDir unable to walk dir `/home/user/studio/dataconnect`: lstat /home/user/studio/dataconnect: no such file or directory\nE0227 06:07:42.922004     932 watch.go:40] Failed to load config from \"/home/user/studio/dataconnect\": could not find dataconnect.yaml in `/home/user/studio/dataconnect`\n"}}
[debug] [2026-02-27T06:07:52.923Z] E0227 06:07:52.919554     932 watch.go:40] Failed to load config from "/home/user/studio/dataconnect": could not find dataconnect.yaml in `/home/user/studio/dataconnect`
 {"metadata":{"emulator":{"name":"dataconnect"},"message":"E0227 06:07:52.919554     932 watch.go:40] Failed to load config from \"/home/user/studio/dataconnect\": could not find dataconnect.yaml in `/home/user/studio/dataconnect`\n"}}
[debug] [2026-02-27T06:08:02.921Z] E0227 06:08:02.920945     932 watch.go:40] Failed to load config from "/home/user/studio/dataconnect": could not find dataconnect.yaml in `/home/user/studio/dataconnect`
 {"metadata":{"emulator":{"name":"dataconnect"},"message":"E0227 06:08:02.920945     932 watch.go:40] Failed to load config from \"/home/user/studio/dataconnect\": could not find dataconnect.yaml in `/home/user/studio/dataconnect`\n"}}
[debug] [2026-02-27T06:08:12.920Z] E0227 06:08:12.920487     932 watch.go:40] Failed to load config from "/home/user/studio/dataconnect": could not find dataconnect.yaml in `/home/user/studio/dataconnect`
 {"metadata":{"emulator":{"name":"dataconnect"},"message":"E0227 06:08:12.920487     932 watch.go:40] Failed to load config from \"/home/user/studio/dataconnect\": could not find dataconnect.yaml in `/home/user/studio/dataconnect`\n"}}
[debug] [2026-02-27T06:08:22.935Z] E0227 06:08:22.932800     932 watch.go:40] Failed to load config from "/home/user/studio/dataconnect": could not find dataconnect.yaml in `/home/user/studio/dataconnect`
 {"metadata":{"emulator":{"name":"dataconnect"},"message":"E0227 06:08:22.932800     932 watch.go:40] Failed to load config from \"/home/user/studio/dataconnect\": could not find dataconnect.yaml in `/home/user/studio/dataconnect`\n"}}
[debug] [2026-02-27T06:08:32.929Z] E0227 06:08:32.927931     932 watch.go:40] Failed to load config from "/home/user/studio/dataconnect": could not find dataconnect.yaml in `/home/user/studio/dataconnect`
 {"metadata":{"emulator":{"name":"dataconnect"},"message":"E0227 06:08:32.927931     932 watch.go:40] Failed to load config from \"/home/user/studio/dataconnect\": could not find dataconnect.yaml in `/home/user/studio/dataconnect`\n"}}
[debug] [2026-02-27T06:08:42.920Z] E0227 06:08:42.920114     932 watch.go:116] watchAllDir unable to walk dir `/home/user/studio/dataconnect`: lstat /home/user/studio/dataconnect: no such file or directory
E0227 06:08:42.920314     932 watch.go:40] Failed to load config from "/home/user/studio/dataconnect": could not find dataconnect.yaml in `/home/user/studio/dataconnect`
 {"metadata":{"emulator":{"name":"dataconnect"},"message":"E0227 06:08:42.920114     932 watch.go:116] watchAllDir unable to walk dir `/home/user/studio/dataconnect`: lstat /home/user/studio/dataconnect: no such file or directory\nE0227 06:08:42.920314     932 watch.go:40] Failed to load config from \"/home/user/studio/dataconnect\": could not find dataconnect.yaml in `/home/user/studio/dataconnect`\n"}}
[debug] [2026-02-27T06:08:52.936Z] E0227 06:08:52.927956     932 watch.go:40] Failed to load config from "/home/user/studio/dataconnect": could not find dataconnect.yaml in `/home/user/studio/dataconnect`
 {"metadata":{"emulator":{"name":"dataconnect"},"message":"E0227 06:08:52.927956     932 watch.go:40] Failed to load config from \"/home/user/studio/dataconnect\": could not find dataconnect.yaml in `/home/user/studio/dataconnect`\n"}}
[debug] [2026-02-27T06:09:02.932Z] E0227 06:09:02.928955     932 watch.go:40] Failed to load config from "/home/user/studio/dataconnect": could not find dataconnect.yaml in `/home/user/studio/dataconnect`
 {"metadata":{"emulator":{"name":"dataconnect"},"message":"E0227 06:09:02.928955     932 watch.go:40] Failed to load config from \"/home/user/studio/dataconnect\": could not find dataconnect.yaml in `/home/user/studio/dataconnect`\n"}}
[debug] [2026-02-27T06:09:12.920Z] E0227 06:09:12.920206     932 watch.go:40] Failed to load config from "/home/user/studio/dataconnect": could not find dataconnect.yaml in `/home/user/studio/dataconnect`
 {"metadata":{"emulator":{"name":"dataconnect"},"message":"E0227 06:09:12.920206     932 watch.go:40] Failed to load config from \"/home/user/studio/dataconnect\": could not find dataconnect.yaml in `/home/user/studio/dataconnect`\n"}}
[debug] [2026-02-27T06:09:22.931Z] E0227 06:09:22.931041     932 watch.go:40] Failed to load config from "/home/user/studio/dataconnect": could not find dataconnect.yaml in `/home/user/studio/dataconnect`
 {"metadata":{"emulator":{"name":"dataconnect"},"message":"E0227 06:09:22.931041     932 watch.go:40] Failed to load config from \"/home/user/studio/dataconnect\": could not find dataconnect.yaml in `/home/user/studio/dataconnect`\n"}}
[debug] [2026-02-27T06:09:32.937Z] E0227 06:09:32.934950     932 watch.go:40] Failed to load config from "/home/user/studio/dataconnect": could not find dataconnect.yaml in `/home/user/studio/dataconnect`
 {"metadata":{"emulator":{"name":"dataconnect"},"message":"E0227 06:09:32.934950     932 watch.go:40] Failed to load config from \"/home/user/studio/dataconnect\": could not find dataconnect.yaml in `/home/user/studio/dataconnect`\n"}}
[debug] [2026-02-27T06:09:42.921Z] E0227 06:09:42.920895     932 watch.go:116] watchAllDir unable to walk dir `/home/user/studio/dataconnect`: lstat /home/user/studio/dataconnect: no such file or directory
E0227 06:09:42.921011     932 watch.go:40] Failed to load config from "/home/user/studio/dataconnect": could not find dataconnect.yaml in `/home/user/studio/dataconnect`
 {"metadata":{"emulator":{"name":"dataconnect"},"message":"E0227 06:09:42.920895     932 watch.go:116] watchAllDir unable to walk dir `/home/user/studio/dataconnect`: lstat /home/user/studio/dataconnect: no such file or directory\nE0227 06:09:42.921011     932 watch.go:40] Failed to load config from \"/home/user/studio/dataconnect\": could not find dataconnect.yaml in `/home/user/studio/dataconnect`\n"}}
[debug] [2026-02-27T06:09:52.928Z] E0227 06:09:52.927925     932 watch.go:40] Failed to load config from "/home/user/studio/dataconnect": could not find dataconnect.yaml in `/home/user/studio/dataconnect`
 {"metadata":{"emulator":{"name":"dataconnect"},"message":"E0227 06:09:52.927925     932 watch.go:40] Failed to load config from \"/home/user/studio/dataconnect\": could not find dataconnect.yaml in `/home/user/studio/dataconnect`\n"}}
[debug] [2026-02-27T06:10:02.926Z] E0227 06:10:02.923888     932 watch.go:40] Failed to load config from "/home/user/studio/dataconnect": could not find dataconnect.yaml in `/home/user/studio/dataconnect`
 {"metadata":{"emulator":{"name":"dataconnect"},"message":"E0227 06:10:02.923888     932 watch.go:40] Failed to load config from \"/home/user/studio/dataconnect\": could not find dataconnect.yaml in `/home/user/studio/dataconnect`\n"}}
[debug] [2026-02-27T06:10:12.929Z] E0227 06:10:12.919484     932 watch.go:40] Failed to load config from "/home/user/studio/dataconnect": could not find dataconnect.yaml in `/home/user/studio/dataconnect`
 {"metadata":{"emulator":{"name":"dataconnect"},"message":"E0227 06:10:12.919484     932 watch.go:40] Failed to load config from \"/home/user/studio/dataconnect\": could not find dataconnect.yaml in `/home/user/studio/dataconnect`\n"}}
[debug] [2026-02-27T06:10:22.932Z] E0227 06:10:22.928111     932 watch.go:40] Failed to load config from "/home/user/studio/dataconnect": could not find dataconnect.yaml in `/home/user/studio/dataconnect`
 {"metadata":{"emulator":{"name":"dataconnect"},"message":"E0227 06:10:22.928111     932 watch.go:40] Failed to load config from \"/home/user/studio/dataconnect\": could not find dataconnect.yaml in `/home/user/studio/dataconnect`\n"}}
[debug] [2026-02-27T06:10:32.929Z] E0227 06:10:32.928978     932 watch.go:40] Failed to load config from "/home/user/studio/dataconnect": could not find dataconnect.yaml in `/home/user/studio/dataconnect`
 {"metadata":{"emulator":{"name":"dataconnect"},"message":"E0227 06:10:32.928978     932 watch.go:40] Failed to load config from \"/home/user/studio/dataconnect\": could not find dataconnect.yaml in `/home/user/studio/dataconnect`\n"}}
[debug] [2026-02-27T06:10:43.135Z] E0227 06:10:42.921332     932 watch.go:116] watchAllDir unable to walk dir `/home/user/studio/dataconnect`: lstat /home/user/studio/dataconnect: no such file or directory
E0227 06:10:42.933563     932 watch.go:40] Failed to load config from "/home/user/studio/dataconnect": could not find dataconnect.yaml in `/home/user/studio/dataconnect`
 {"metadata":{"emulator":{"name":"dataconnect"},"message":"E0227 06:10:42.921332     932 watch.go:116] watchAllDir unable to walk dir `/home/user/studio/dataconnect`: lstat /home/user/studio/dataconnect: no such file or directory\nE0227 06:10:42.933563     932 watch.go:40] Failed to load config from \"/home/user/studio/dataconnect\": could not find dataconnect.yaml in `/home/user/studio/dataconnect`\n"}}
[debug] [2026-02-27T06:10:52.953Z] E0227 06:10:52.940961     932 watch.go:40] Failed to load config from "/home/user/studio/dataconnect": could not find dataconnect.yaml in `/home/user/studio/dataconnect`
 {"metadata":{"emulator":{"name":"dataconnect"},"message":"E0227 06:10:52.940961     932 watch.go:40] Failed to load config from \"/home/user/studio/dataconnect\": could not find dataconnect.yaml in `/home/user/studio/dataconnect`\n"}}
[debug] [2026-02-27T06:11:02.937Z] E0227 06:11:02.928944     932 watch.go:40] Failed to load config from "/home/user/studio/dataconnect": could not find dataconnect.yaml in `/home/user/studio/dataconnect`
 {"metadata":{"emulator":{"name":"dataconnect"},"message":"E0227 06:11:02.928944     932 watch.go:40] Failed to load config from \"/home/user/studio/dataconnect\": could not find dataconnect.yaml in `/home/user/studio/dataconnect`\n"}}
[debug] [2026-02-27T06:11:12.921Z] E0227 06:11:12.919688     932 watch.go:40] Failed to load config from "/home/user/studio/dataconnect": could not find dataconnect.yaml in `/home/user/studio/dataconnect`
 {"metadata":{"emulator":{"name":"dataconnect"},"message":"E0227 06:11:12.919688     932 watch.go:40] Failed to load config from \"/home/user/studio/dataconnect\": could not find dataconnect.yaml in `/home/user/studio/dataconnect`\n"}}
[debug] [2026-02-27T06:11:22.928Z] E0227 06:11:22.928372     932 watch.go:40] Failed to load config from "/home/user/studio/dataconnect": could not find dataconnect.yaml in `/home/user/studio/dataconnect`
 {"metadata":{"emulator":{"name":"dataconnect"},"message":"E0227 06:11:22.928372     932 watch.go:40] Failed to load config from \"/home/user/studio/dataconnect\": could not find dataconnect.yaml in `/home/user/studio/dataconnect`\n"}}
[debug] [2026-02-27T06:11:32.932Z] E0227 06:11:32.927940     932 watch.go:40] Failed to load config from "/home/user/studio/dataconnect": could not find dataconnect.yaml in `/home/user/studio/dataconnect`
 {"metadata":{"emulator":{"name":"dataconnect"},"message":"E0227 06:11:32.927940     932 watch.go:40] Failed to load config from \"/home/user/studio/dataconnect\": could not find dataconnect.yaml in `/home/user/studio/dataconnect`\n"}}
[debug] [2026-02-27T06:11:42.923Z] E0227 06:11:42.920939     932 watch.go:116] watchAllDir unable to walk dir `/home/user/studio/dataconnect`: lstat /home/user/studio/dataconnect: no such file or directory
E0227 06:11:42.921048     932 watch.go:40] Failed to load config from "/home/user/studio/dataconnect": could not find dataconnect.yaml in `/home/user/studio/dataconnect`
 {"metadata":{"emulator":{"name":"dataconnect"},"message":"E0227 06:11:42.920939     932 watch.go:116] watchAllDir unable to walk dir `/home/user/studio/dataconnect`: lstat /home/user/studio/dataconnect: no such file or directory\nE0227 06:11:42.921048     932 watch.go:40] Failed to load config from \"/home/user/studio/dataconnect\": could not find dataconnect.yaml in `/home/user/studio/dataconnect`\n"}}
[debug] [2026-02-27T06:11:52.931Z] E0227 06:11:52.928916     932 watch.go:40] Failed to load config from "/home/user/studio/dataconnect": could not find dataconnect.yaml in `/home/user/studio/dataconnect`
 {"metadata":{"emulator":{"name":"dataconnect"},"message":"E0227 06:11:52.928916     932 watch.go:40] Failed to load config from \"/home/user/studio/dataconnect\": could not find dataconnect.yaml in `/home/user/studio/dataconnect`\n"}}
[debug] [2026-02-27T06:12:02.929Z] E0227 06:12:02.928994     932 watch.go:40] Failed to load config from "/home/user/studio/dataconnect": could not find dataconnect.yaml in `/home/user/studio/dataconnect`
 {"metadata":{"emulator":{"name":"dataconnect"},"message":"E0227 06:12:02.928994     932 watch.go:40] Failed to load config from \"/home/user/studio/dataconnect\": could not find dataconnect.yaml in `/home/user/studio/dataconnect`\n"}}
[debug] [2026-02-27T06:12:12.920Z] E0227 06:12:12.920081     932 watch.go:40] Failed to load config from "/home/user/studio/dataconnect": could not find dataconnect.yaml in `/home/user/studio/dataconnect`
 {"metadata":{"emulator":{"name":"dataconnect"},"message":"E0227 06:12:12.920081     932 watch.go:40] Failed to load config from \"/home/user/studio/dataconnect\": could not find dataconnect.yaml in `/home/user/studio/dataconnect`\n"}}
[debug] [2026-02-27T06:12:22.939Z] E0227 06:12:22.934930     932 watch.go:40] Failed to load config from "/home/user/studio/dataconnect": could not find dataconnect.yaml in `/home/user/studio/dataconnect`
 {"metadata":{"emulator":{"name":"dataconnect"},"message":"E0227 06:12:22.934930     932 watch.go:40] Failed to load config from \"/home/user/studio/dataconnect\": could not find dataconnect.yaml in `/home/user/studio/dataconnect`\n"}}
[debug] [2026-02-27T06:12:32.931Z] E0227 06:12:32.928925     932 watch.go:40] Failed to load config from "/home/user/studio/dataconnect": could not find dataconnect.yaml in `/home/user/studio/dataconnect`
 {"metadata":{"emulator":{"name":"dataconnect"},"message":"E0227 06:12:32.928925     932 watch.go:40] Failed to load config from \"/home/user/studio/dataconnect\": could not find dataconnect.yaml in `/home/user/studio/dataconnect`\n"}}
[debug] [2026-02-27T06:12:42.933Z] E0227 06:12:42.919502     932 watch.go:116] watchAllDir unable to walk dir `/home/user/studio/dataconnect`: lstat /home/user/studio/dataconnect: no such file or directory
E0227 06:12:42.919740     932 watch.go:40] Failed to load config from "/home/user/studio/dataconnect": could not find dataconnect.yaml in `/home/user/studio/dataconnect`
 {"metadata":{"emulator":{"name":"dataconnect"},"message":"E0227 06:12:42.919502     932 watch.go:116] watchAllDir unable to walk dir `/home/user/studio/dataconnect`: lstat /home/user/studio/dataconnect: no such file or directory\nE0227 06:12:42.919740     932 watch.go:40] Failed to load config from \"/home/user/studio/dataconnect\": could not find dataconnect.yaml in `/home/user/studio/dataconnect`\n"}}
[debug] [2026-02-27T06:12:52.929Z] E0227 06:12:52.929042     932 watch.go:40] Failed to load config from "/home/user/studio/dataconnect": could not find dataconnect.yaml in `/home/user/studio/dataconnect`
 {"metadata":{"emulator":{"name":"dataconnect"},"message":"E0227 06:12:52.929042     932 watch.go:40] Failed to load config from \"/home/user/studio/dataconnect\": could not find dataconnect.yaml in `/home/user/studio/dataconnect`\n"}}
[debug] [2026-02-27T06:13:02.931Z] E0227 06:13:02.930935     932 watch.go:40] Failed to load config from "/home/user/studio/dataconnect": could not find dataconnect.yaml in `/home/user/studio/dataconnect`
 {"metadata":{"emulator":{"name":"dataconnect"},"message":"E0227 06:13:02.930935     932 watch.go:40] Failed to load config from \"/home/user/studio/dataconnect\": could not find dataconnect.yaml in `/home/user/studio/dataconnect`\n"}}
[debug] [2026-02-27T06:13:12.924Z] E0227 06:13:12.920933     932 watch.go:40] Failed to load config from "/home/user/studio/dataconnect": could not find dataconnect.yaml in `/home/user/studio/dataconnect`
 {"metadata":{"emulator":{"name":"dataconnect"},"message":"E0227 06:13:12.920933     932 watch.go:40] Failed to load config from \"/home/user/studio/dataconnect\": could not find dataconnect.yaml in `/home/user/studio/dataconnect`\n"}}
[debug] [2026-02-27T06:13:22.929Z] E0227 06:13:22.929003     932 watch.go:40] Failed to load config from "/home/user/studio/dataconnect": could not find dataconnect.yaml in `/home/user/studio/dataconnect`
 {"metadata":{"emulator":{"name":"dataconnect"},"message":"E0227 06:13:22.929003     932 watch.go:40] Failed to load config from \"/home/user/studio/dataconnect\": could not find dataconnect.yaml in `/home/user/studio/dataconnect`\n"}}
[debug] [2026-02-27T06:13:32.932Z] E0227 06:13:32.928946     932 watch.go:40] Failed to load config from "/home/user/studio/dataconnect": could not find dataconnect.yaml in `/home/user/studio/dataconnect`
 {"metadata":{"emulator":{"name":"dataconnect"},"message":"E0227 06:13:32.928946     932 watch.go:40] Failed to load config from \"/home/user/studio/dataconnect\": could not find dataconnect.yaml in `/home/user/studio/dataconnect`\n"}}
[debug] [2026-02-27T06:13:42.939Z] E0227 06:13:42.920316     932 watch.go:116] watchAllDir unable to walk dir `/home/user/studio/dataconnect`: lstat /home/user/studio/dataconnect: no such file or directory
E0227 06:13:42.920487     932 watch.go:40] Failed to load config from "/home/user/studio/dataconnect": could not find dataconnect.yaml in `/home/user/studio/dataconnect`
 {"metadata":{"emulator":{"name":"dataconnect"},"message":"E0227 06:13:42.920316     932 watch.go:116] watchAllDir unable to walk dir `/home/user/studio/dataconnect`: lstat /home/user/studio/dataconnect: no such file or directory\nE0227 06:13:42.920487     932 watch.go:40] Failed to load config from \"/home/user/studio/dataconnect\": could not find dataconnect.yaml in `/home/user/studio/dataconnect`\n"}}
[debug] [2026-02-27T06:13:52.933Z] E0227 06:13:52.930689     932 watch.go:40] Failed to load config from "/home/user/studio/dataconnect": could not find dataconnect.yaml in `/home/user/studio/dataconnect`
 {"metadata":{"emulator":{"name":"dataconnect"},"message":"E0227 06:13:52.930689     932 watch.go:40] Failed to load config from \"/home/user/studio/dataconnect\": could not find dataconnect.yaml in `/home/user/studio/dataconnect`\n"}}
[debug] [2026-02-27T06:14:03.147Z] E0227 06:14:02.928913     932 watch.go:40] Failed to load config from "/home/user/studio/dataconnect": could not find dataconnect.yaml in `/home/user/studio/dataconnect`
 {"metadata":{"emulator":{"name":"dataconnect"},"message":"E0227 06:14:02.928913     932 watch.go:40] Failed to load config from \"/home/user/studio/dataconnect\": could not find dataconnect.yaml in `/home/user/studio/dataconnect`\n"}}
[debug] [2026-02-27T06:14:12.923Z] E0227 06:14:12.919517     932 watch.go:40] Failed to load config from "/home/user/studio/dataconnect": could not find dataconnect.yaml in `/home/user/studio/dataconnect`
 {"metadata":{"emulator":{"name":"dataconnect"},"message":"E0227 06:14:12.919517     932 watch.go:40] Failed to load config from \"/home/user/studio/dataconnect\": could not find dataconnect.yaml in `/home/user/studio/dataconnect`\n"}}
[debug] [2026-02-27T06:14:22.934Z] E0227 06:14:22.933104     932 watch.go:40] Failed to load config from "/home/user/studio/dataconnect": could not find dataconnect.yaml in `/home/user/studio/dataconnect`
 {"metadata":{"emulator":{"name":"dataconnect"},"message":"E0227 06:14:22.933104     932 watch.go:40] Failed to load config from \"/home/user/studio/dataconnect\": could not find dataconnect.yaml in `/home/user/studio/dataconnect`\n"}}
[debug] [2026-02-27T06:14:32.934Z] E0227 06:14:32.931471     932 watch.go:40] Failed to load config from "/home/user/studio/dataconnect": could not find dataconnect.yaml in `/home/user/studio/dataconnect`
 {"metadata":{"emulator":{"name":"dataconnect"},"message":"E0227 06:14:32.931471     932 watch.go:40] Failed to load config from \"/home/user/studio/dataconnect\": could not find dataconnect.yaml in `/home/user/studio/dataconnect`\n"}}
[debug] [2026-02-27T06:14:42.924Z] E0227 06:14:42.920860     932 watch.go:116] watchAllDir unable to walk dir `/home/user/studio/dataconnect`: lstat /home/user/studio/dataconnect: no such file or directory
E0227 06:14:42.921019     932 watch.go:40] Failed to load config from "/home/user/studio/dataconnect": could not find dataconnect.yaml in `/home/user/studio/dataconnect`
 {"metadata":{"emulator":{"name":"dataconnect"},"message":"E0227 06:14:42.920860     932 watch.go:116] watchAllDir unable to walk dir `/home/user/studio/dataconnect`: lstat /home/user/studio/dataconnect: no such file or directory\nE0227 06:14:42.921019     932 watch.go:40] Failed to load config from \"/home/user/studio/dataconnect\": could not find dataconnect.yaml in `/home/user/studio/dataconnect`\n"}}
[debug] [2026-02-27T06:14:53.777Z] E0227 06:14:52.930744     932 watch.go:40] Failed to load config from "/home/user/studio/dataconnect": could not find dataconnect.yaml in `/home/user/studio/dataconnect`
 {"metadata":{"emulator":{"name":"dataconnect"},"message":"E0227 06:14:52.930744     932 watch.go:40] Failed to load config from \"/home/user/studio/dataconnect\": could not find dataconnect.yaml in `/home/user/studio/dataconnect`\n"}}
[debug] [2026-02-27T06:15:02.936Z] E0227 06:15:02.931052     932 watch.go:40] Failed to load config from "/home/user/studio/dataconnect": could not find dataconnect.yaml in `/home/user/studio/dataconnect`
 {"metadata":{"emulator":{"name":"dataconnect"},"message":"E0227 06:15:02.931052     932 watch.go:40] Failed to load config from \"/home/user/studio/dataconnect\": could not find dataconnect.yaml in `/home/user/studio/dataconnect`\n"}}
[debug] [2026-02-27T06:15:12.963Z] E0227 06:15:12.932149     932 watch.go:40] Failed to load config from "/home/user/studio/dataconnect": could not find dataconnect.yaml in `/home/user/studio/dataconnect`
 {"metadata":{"emulator":{"name":"dataconnect"},"message":"E0227 06:15:12.932149     932 watch.go:40] Failed to load config from \"/home/user/studio/dataconnect\": could not find dataconnect.yaml in `/home/user/studio/dataconnect`\n"}}
[debug] [2026-02-27T06:15:45.867Z] E0227 06:15:23.440599     932 watch.go:40] Failed to load config from "/home/user/studio/dataconnect": could not find dataconnect.yaml in `/home/user/studio/dataconnect`
E0227 06:15:33.297217     932 watch.go:40] Failed to load config from "/home/user/studio/dataconnect": could not find dataconnect.yaml in `/home/user/studio/dataconnect`
E0227 06:15:43.137713     932 watch.go:116] watchAllDir unable to walk dir `/home/user/studio/dataconnect`: lstat /home/user/studio/dataconnect: no such file or directory
E0227 06:15:43.194929     932 watch.go:40] Failed to load config from "/home/user/studio/dataconnect": could not find dataconnect.yaml in `/home/user/studio/dataconnect`
 {"metadata":{"emulator":{"name":"dataconnect"},"message":"E0227 06:15:23.440599     932 watch.go:40] Failed to load config from \"/home/user/studio/dataconnect\": could not find dataconnect.yaml in `/home/user/studio/dataconnect`\nE0227 06:15:33.297217     932 watch.go:40] Failed to load config from \"/home/user/studio/dataconnect\": could not find dataconnect.yaml in `/home/user/studio/dataconnect`\nE0227 06:15:43.137713     932 watch.go:116] watchAllDir unable to walk dir `/home/user/studio/dataconnect`: lstat /home/user/studio/dataconnect: no such file or directory\nE0227 06:15:43.194929     932 watch.go:40] Failed to load config from \"/home/user/studio/dataconnect\": could not find dataconnect.yaml in `/home/user/studio/dataconnect`\n"}}
[debug] [2026-02-27T06:15:52.950Z] E0227 06:15:52.928811     932 watch.go:40] Failed to load config from "/home/user/studio/dataconnect": could not find dataconnect.yaml in `/home/user/studio/dataconnect`
 {"metadata":{"emulator":{"name":"dataconnect"},"message":"E0227 06:15:52.928811     932 watch.go:40] Failed to load config from \"/home/user/studio/dataconnect\": could not find dataconnect.yaml in `/home/user/studio/dataconnect`\n"}}
[debug] [2026-02-27T06:16:02.935Z] E0227 06:16:02.928970     932 watch.go:40] Failed to load config from "/home/user/studio/dataconnect": could not find dataconnect.yaml in `/home/user/studio/dataconnect`
 {"metadata":{"emulator":{"name":"dataconnect"},"message":"E0227 06:16:02.928970     932 watch.go:40] Failed to load config from \"/home/user/studio/dataconnect\": could not find dataconnect.yaml in `/home/user/studio/dataconnect`\n"}}
[debug] [2026-02-27T06:16:12.940Z] E0227 06:16:12.920150     932 watch.go:40] Failed to load config from "/home/user/studio/dataconnect": could not find dataconnect.yaml in `/home/user/studio/dataconnect`
 {"metadata":{"emulator":{"name":"dataconnect"},"message":"E0227 06:16:12.920150     932 watch.go:40] Failed to load config from \"/home/user/studio/dataconnect\": could not find dataconnect.yaml in `/home/user/studio/dataconnect`\n"}}
[debug] [2026-02-27T06:16:22.951Z] E0227 06:16:22.919516     932 watch.go:40] Failed to load config from "/home/user/studio/dataconnect": could not find dataconnect.yaml in `/home/user/studio/dataconnect`
 {"metadata":{"emulator":{"name":"dataconnect"},"message":"E0227 06:16:22.919516     932 watch.go:40] Failed to load config from \"/home/user/studio/dataconnect\": could not find dataconnect.yaml in `/home/user/studio/dataconnect`\n"}}
[debug] [2026-02-27T06:16:32.963Z] E0227 06:16:32.919556     932 watch.go:40] Failed to load config from "/home/user/studio/dataconnect": could not find dataconnect.yaml in `/home/user/studio/dataconnect`
 {"metadata":{"emulator":{"name":"dataconnect"},"message":"E0227 06:16:32.919556     932 watch.go:40] Failed to load config from \"/home/user/studio/dataconnect\": could not find dataconnect.yaml in `/home/user/studio/dataconnect`\n"}}
[debug] [2026-02-27T06:16:42.920Z] E0227 06:16:42.919764     932 watch.go:116] watchAllDir unable to walk dir `/home/user/studio/dataconnect`: lstat /home/user/studio/dataconnect: no such file or directory
E0227 06:16:42.919939     932 watch.go:40] Failed to load config from "/home/user/studio/dataconnect": could not find dataconnect.yaml in `/home/user/studio/dataconnect`
 {"metadata":{"emulator":{"name":"dataconnect"},"message":"E0227 06:16:42.919764     932 watch.go:116] watchAllDir unable to walk dir `/home/user/studio/dataconnect`: lstat /home/user/studio/dataconnect: no such file or directory\nE0227 06:16:42.919939     932 watch.go:40] Failed to load config from \"/home/user/studio/dataconnect\": could not find dataconnect.yaml in `/home/user/studio/dataconnect`\n"}}
[debug] [2026-02-27T06:16:52.929Z] E0227 06:16:52.929090     932 watch.go:40] Failed to load config from "/home/user/studio/dataconnect": could not find dataconnect.yaml in `/home/user/studio/dataconnect`
 {"metadata":{"emulator":{"name":"dataconnect"},"message":"E0227 06:16:52.929090     932 watch.go:40] Failed to load config from \"/home/user/studio/dataconnect\": could not find dataconnect.yaml in `/home/user/studio/dataconnect`\n"}}
[debug] [2026-02-27T06:17:02.931Z] E0227 06:17:02.930928     932 watch.go:40] Failed to load config from "/home/user/studio/dataconnect": could not find dataconnect.yaml in `/home/user/studio/dataconnect`
 {"metadata":{"emulator":{"name":"dataconnect"},"message":"E0227 06:17:02.930928     932 watch.go:40] Failed to load config from \"/home/user/studio/dataconnect\": could not find dataconnect.yaml in `/home/user/studio/dataconnect`\n"}}
[debug] [2026-02-27T06:17:12.925Z] E0227 06:17:12.923045     932 watch.go:40] Failed to load config from "/home/user/studio/dataconnect": could not find dataconnect.yaml in `/home/user/studio/dataconnect`
 {"metadata":{"emulator":{"name":"dataconnect"},"message":"E0227 06:17:12.923045     932 watch.go:40] Failed to load config from \"/home/user/studio/dataconnect\": could not find dataconnect.yaml in `/home/user/studio/dataconnect`\n"}}
[debug] [2026-02-27T06:17:22.930Z] E0227 06:17:22.929700     932 watch.go:40] Failed to load config from "/home/user/studio/dataconnect": could not find dataconnect.yaml in `/home/user/studio/dataconnect`
 {"metadata":{"emulator":{"name":"dataconnect"},"message":"E0227 06:17:22.929700     932 watch.go:40] Failed to load config from \"/home/user/studio/dataconnect\": could not find dataconnect.yaml in `/home/user/studio/dataconnect`\n"}}
[debug] [2026-02-27T06:17:32.928Z] E0227 06:17:32.927993     932 watch.go:40] Failed to load config from "/home/user/studio/dataconnect": could not find dataconnect.yaml in `/home/user/studio/dataconnect`
 {"metadata":{"emulator":{"name":"dataconnect"},"message":"E0227 06:17:32.927993     932 watch.go:40] Failed to load config from \"/home/user/studio/dataconnect\": could not find dataconnect.yaml in `/home/user/studio/dataconnect`\n"}}
[debug] [2026-02-27T06:17:42.924Z] E0227 06:17:42.920108     932 watch.go:116] watchAllDir unable to walk dir `/home/user/studio/dataconnect`: lstat /home/user/studio/dataconnect: no such file or directory
E0227 06:17:42.920462     932 watch.go:40] Failed to load config from "/home/user/studio/dataconnect": could not find dataconnect.yaml in `/home/user/studio/dataconnect`
 {"metadata":{"emulator":{"name":"dataconnect"},"message":"E0227 06:17:42.920108     932 watch.go:116] watchAllDir unable to walk dir `/home/user/studio/dataconnect`: lstat /home/user/studio/dataconnect: no such file or directory\nE0227 06:17:42.920462     932 watch.go:40] Failed to load config from \"/home/user/studio/dataconnect\": could not find dataconnect.yaml in `/home/user/studio/dataconnect`\n"}}
[debug] [2026-02-27T06:17:52.929Z] E0227 06:17:52.927960     932 watch.go:40] Failed to load config from "/home/user/studio/dataconnect": could not find dataconnect.yaml in `/home/user/studio/dataconnect`
 {"metadata":{"emulator":{"name":"dataconnect"},"message":"E0227 06:17:52.927960     932 watch.go:40] Failed to load config from \"/home/user/studio/dataconnect\": could not find dataconnect.yaml in `/home/user/studio/dataconnect`\n"}}
[debug] [2026-02-27T06:18:02.930Z] E0227 06:18:02.928911     932 watch.go:40] Failed to load config from "/home/user/studio/dataconnect": could not find dataconnect.yaml in `/home/user/studio/dataconnect`
 {"metadata":{"emulator":{"name":"dataconnect"},"message":"E0227 06:18:02.928911     932 watch.go:40] Failed to load config from \"/home/user/studio/dataconnect\": could not find dataconnect.yaml in `/home/user/studio/dataconnect`\n"}}
[debug] [2026-02-27T06:18:12.920Z] E0227 06:18:12.919523     932 watch.go:40] Failed to load config from "/home/user/studio/dataconnect": could not find dataconnect.yaml in `/home/user/studio/dataconnect`
 {"metadata":{"emulator":{"name":"dataconnect"},"message":"E0227 06:18:12.919523     932 watch.go:40] Failed to load config from \"/home/user/studio/dataconnect\": could not find dataconnect.yaml in `/home/user/studio/dataconnect`\n"}}
[debug] [2026-02-27T06:18:22.928Z] E0227 06:18:22.927935     932 watch.go:40] Failed to load config from "/home/user/studio/dataconnect": could not find dataconnect.yaml in `/home/user/studio/dataconnect`
 {"metadata":{"emulator":{"name":"dataconnect"},"message":"E0227 06:18:22.927935     932 watch.go:40] Failed to load config from \"/home/user/studio/dataconnect\": could not find dataconnect.yaml in `/home/user/studio/dataconnect`\n"}}
[debug] [2026-02-27T06:18:32.922Z] E0227 06:18:32.919901     932 watch.go:40] Failed to load config from "/home/user/studio/dataconnect": could not find dataconnect.yaml in `/home/user/studio/dataconnect`
 {"metadata":{"emulator":{"name":"dataconnect"},"message":"E0227 06:18:32.919901     932 watch.go:40] Failed to load config from \"/home/user/studio/dataconnect\": could not find dataconnect.yaml in `/home/user/studio/dataconnect`\n"}}
[debug] [2026-02-27T06:18:42.920Z] E0227 06:18:42.919609     932 watch.go:116] watchAllDir unable to walk dir `/home/user/studio/dataconnect`: lstat /home/user/studio/dataconnect: no such file or directory
E0227 06:18:42.919814     932 watch.go:40] Failed to load config from "/home/user/studio/dataconnect": could not find dataconnect.yaml in `/home/user/studio/dataconnect`
 {"metadata":{"emulator":{"name":"dataconnect"},"message":"E0227 06:18:42.919609     932 watch.go:116] watchAllDir unable to walk dir `/home/user/studio/dataconnect`: lstat /home/user/studio/dataconnect: no such file or directory\nE0227 06:18:42.919814     932 watch.go:40] Failed to load config from \"/home/user/studio/dataconnect\": could not find dataconnect.yaml in `/home/user/studio/dataconnect`\n"}}
[debug] [2026-02-27T06:18:52.929Z] E0227 06:18:52.929613     932 watch.go:40] Failed to load config from "/home/user/studio/dataconnect": could not find dataconnect.yaml in `/home/user/studio/dataconnect`
 {"metadata":{"emulator":{"name":"dataconnect"},"message":"E0227 06:18:52.929613     932 watch.go:40] Failed to load config from \"/home/user/studio/dataconnect\": could not find dataconnect.yaml in `/home/user/studio/dataconnect`\n"}}
[debug] [2026-02-27T06:19:02.928Z] E0227 06:19:02.927912     932 watch.go:40] Failed to load config from "/home/user/studio/dataconnect": could not find dataconnect.yaml in `/home/user/studio/dataconnect`
 {"metadata":{"emulator":{"name":"dataconnect"},"message":"E0227 06:19:02.927912     932 watch.go:40] Failed to load config from \"/home/user/studio/dataconnect\": could not find dataconnect.yaml in `/home/user/studio/dataconnect`\n"}}
[debug] [2026-02-27T06:19:12.920Z] E0227 06:19:12.920334     932 watch.go:40] Failed to load config from "/home/user/studio/dataconnect": could not find dataconnect.yaml in `/home/user/studio/dataconnect`
 {"metadata":{"emulator":{"name":"dataconnect"},"message":"E0227 06:19:12.920334     932 watch.go:40] Failed to load config from \"/home/user/studio/dataconnect\": could not find dataconnect.yaml in `/home/user/studio/dataconnect`\n"}}
[debug] [2026-02-27T06:19:22.933Z] E0227 06:19:22.930945     932 watch.go:40] Failed to load config from "/home/user/studio/dataconnect": could not find dataconnect.yaml in `/home/user/studio/dataconnect`
 {"metadata":{"emulator":{"name":"dataconnect"},"message":"E0227 06:19:22.930945     932 watch.go:40] Failed to load config from \"/home/user/studio/dataconnect\": could not find dataconnect.yaml in `/home/user/studio/dataconnect`\n"}}
[debug] [2026-02-27T06:19:32.935Z] E0227 06:19:32.928931     932 watch.go:40] Failed to load config from "/home/user/studio/dataconnect": could not find dataconnect.yaml in `/home/user/studio/dataconnect`
 {"metadata":{"emulator":{"name":"dataconnect"},"message":"E0227 06:19:32.928931     932 watch.go:40] Failed to load config from \"/home/user/studio/dataconnect\": could not find dataconnect.yaml in `/home/user/studio/dataconnect`\n"}}
[debug] [2026-02-27T06:19:42.920Z] E0227 06:19:42.920135     932 watch.go:116] watchAllDir unable to walk dir `/home/user/studio/dataconnect`: lstat /home/user/studio/dataconnect: no such file or directory
E0227 06:19:42.920227     932 watch.go:40] Failed to load config from "/home/user/studio/dataconnect": could not find dataconnect.yaml in `/home/user/studio/dataconnect`
 {"metadata":{"emulator":{"name":"dataconnect"},"message":"E0227 06:19:42.920135     932 watch.go:116] watchAllDir unable to walk dir `/home/user/studio/dataconnect`: lstat /home/user/studio/dataconnect: no such file or directory\nE0227 06:19:42.920227     932 watch.go:40] Failed to load config from \"/home/user/studio/dataconnect\": could not find dataconnect.yaml in `/home/user/studio/dataconnect`\n"}}
[debug] [2026-02-27T06:19:52.929Z] E0227 06:19:52.929043     932 watch.go:40] Failed to load config from "/home/user/studio/dataconnect": could not find dataconnect.yaml in `/home/user/studio/dataconnect`
 {"metadata":{"emulator":{"name":"dataconnect"},"message":"E0227 06:19:52.929043     932 watch.go:40] Failed to load config from \"/home/user/studio/dataconnect\": could not find dataconnect.yaml in `/home/user/studio/dataconnect`\n"}}
[debug] [2026-02-27T06:20:02.929Z] E0227 06:20:02.928938     932 watch.go:40] Failed to load config from "/home/user/studio/dataconnect": could not find dataconnect.yaml in `/home/user/studio/dataconnect`
 {"metadata":{"emulator":{"name":"dataconnect"},"message":"E0227 06:20:02.928938     932 watch.go:40] Failed to load config from \"/home/user/studio/dataconnect\": could not find dataconnect.yaml in `/home/user/studio/dataconnect`\n"}}
[debug] [2026-02-27T06:20:12.921Z] E0227 06:20:12.921141     932 watch.go:40] Failed to load config from "/home/user/studio/dataconnect": could not find dataconnect.yaml in `/home/user/studio/dataconnect`
 {"metadata":{"emulator":{"name":"dataconnect"},"message":"E0227 06:20:12.921141     932 watch.go:40] Failed to load config from \"/home/user/studio/dataconnect\": could not find dataconnect.yaml in `/home/user/studio/dataconnect`\n"}}
[debug] [2026-02-27T06:20:22.929Z] E0227 06:20:22.928922     932 watch.go:40] Failed to load config from "/home/user/studio/dataconnect": could not find dataconnect.yaml in `/home/user/studio/dataconnect`
 {"metadata":{"emulator":{"name":"dataconnect"},"message":"E0227 06:20:22.928922     932 watch.go:40] Failed to load config from \"/home/user/studio/dataconnect\": could not find dataconnect.yaml in `/home/user/studio/dataconnect`\n"}}
[debug] [2026-02-27T06:20:32.929Z] E0227 06:20:32.928928     932 watch.go:40] Failed to load config from "/home/user/studio/dataconnect": could not find dataconnect.yaml in `/home/user/studio/dataconnect`
 {"metadata":{"emulator":{"name":"dataconnect"},"message":"E0227 06:20:32.928928     932 watch.go:40] Failed to load config from \"/home/user/studio/dataconnect\": could not find dataconnect.yaml in `/home/user/studio/dataconnect`\n"}}
[debug] [2026-02-27T06:20:43.005Z] E0227 06:20:43.001930     932 watch.go:40] Failed to load config from "/home/user/studio/dataconnect": could not find dataconnect.yaml in `/home/user/studio/dataconnect`
E0227 06:20:42.944412     932 watch.go:116] watchAllDir unable to walk dir `/home/user/studio/dataconnect`: lstat /home/user/studio/dataconnect: no such file or directory
 {"metadata":{"emulator":{"name":"dataconnect"},"message":"E0227 06:20:43.001930     932 watch.go:40] Failed to load config from \"/home/user/studio/dataconnect\": could not find dataconnect.yaml in `/home/user/studio/dataconnect`\nE0227 06:20:42.944412     932 watch.go:116] watchAllDir unable to walk dir `/home/user/studio/dataconnect`: lstat /home/user/studio/dataconnect: no such file or directory\n"}}
[debug] [2026-02-27T06:20:52.930Z] E0227 06:20:52.927952     932 watch.go:40] Failed to load config from "/home/user/studio/dataconnect": could not find dataconnect.yaml in `/home/user/studio/dataconnect`
 {"metadata":{"emulator":{"name":"dataconnect"},"message":"E0227 06:20:52.927952     932 watch.go:40] Failed to load config from \"/home/user/studio/dataconnect\": could not find dataconnect.yaml in `/home/user/studio/dataconnect`\n"}}
[debug] [2026-02-27T06:21:02.930Z] E0227 06:21:02.929944     932 watch.go:40] Failed to load config from "/home/user/studio/dataconnect": could not find dataconnect.yaml in `/home/user/studio/dataconnect`
 {"metadata":{"emulator":{"name":"dataconnect"},"message":"E0227 06:21:02.929944     932 watch.go:40] Failed to load config from \"/home/user/studio/dataconnect\": could not find dataconnect.yaml in `/home/user/studio/dataconnect`\n"}}
[debug] [2026-02-27T06:21:12.920Z] E0227 06:21:12.920119     932 watch.go:40] Failed to load config from "/home/user/studio/dataconnect": could not find dataconnect.yaml in `/home/user/studio/dataconnect`
 {"metadata":{"emulator":{"name":"dataconnect"},"message":"E0227 06:21:12.920119     932 watch.go:40] Failed to load config from \"/home/user/studio/dataconnect\": could not find dataconnect.yaml in `/home/user/studio/dataconnect`\n"}}
[debug] [2026-02-27T06:21:23.025Z] E0227 06:21:23.025340     932 watch.go:40] Failed to load config from "/home/user/studio/dataconnect": could not find dataconnect.yaml in `/home/user/studio/dataconnect`
 {"metadata":{"emulator":{"name":"dataconnect"},"message":"E0227 06:21:23.025340     932 watch.go:40] Failed to load config from \"/home/user/studio/dataconnect\": could not find dataconnect.yaml in `/home/user/studio/dataconnect`\n"}}
[debug] [2026-02-27T06:21:32.930Z] E0227 06:21:32.928927     932 watch.go:40] Failed to load config from "/home/user/studio/dataconnect": could not find dataconnect.yaml in `/home/user/studio/dataconnect`
 {"metadata":{"emulator":{"name":"dataconnect"},"message":"E0227 06:21:32.928927     932 watch.go:40] Failed to load config from \"/home/user/studio/dataconnect\": could not find dataconnect.yaml in `/home/user/studio/dataconnect`\n"}}
[debug] [2026-02-27T06:21:42.920Z] E0227 06:21:42.920236     932 watch.go:116] watchAllDir unable to walk dir `/home/user/studio/dataconnect`: lstat /home/user/studio/dataconnect: no such file or directory
E0227 06:21:42.920567     932 watch.go:40] Failed to load config from "/home/user/studio/dataconnect": could not find dataconnect.yaml in `/home/user/studio/dataconnect`
 {"metadata":{"emulator":{"name":"dataconnect"},"message":"E0227 06:21:42.920236     932 watch.go:116] watchAllDir unable to walk dir `/home/user/studio/dataconnect`: lstat /home/user/studio/dataconnect: no such file or directory\nE0227 06:21:42.920567     932 watch.go:40] Failed to load config from \"/home/user/studio/dataconnect\": could not find dataconnect.yaml in `/home/user/studio/dataconnect`\n"}}
[debug] [2026-02-27T06:21:52.934Z] E0227 06:21:52.931912     932 watch.go:40] Failed to load config from "/home/user/studio/dataconnect": could not find dataconnect.yaml in `/home/user/studio/dataconnect`
 {"metadata":{"emulator":{"name":"dataconnect"},"message":"E0227 06:21:52.931912     932 watch.go:40] Failed to load config from \"/home/user/studio/dataconnect\": could not find dataconnect.yaml in `/home/user/studio/dataconnect`\n"}}
[debug] [2026-02-27T06:22:02.929Z] E0227 06:22:02.928919     932 watch.go:40] Failed to load config from "/home/user/studio/dataconnect": could not find dataconnect.yaml in `/home/user/studio/dataconnect`
 {"metadata":{"emulator":{"name":"dataconnect"},"message":"E0227 06:22:02.928919     932 watch.go:40] Failed to load config from \"/home/user/studio/dataconnect\": could not find dataconnect.yaml in `/home/user/studio/dataconnect`\n"}}
[debug] [2026-02-27T06:22:12.924Z] E0227 06:22:12.921632     932 watch.go:40] Failed to load config from "/home/user/studio/dataconnect": could not find dataconnect.yaml in `/home/user/studio/dataconnect`
 {"metadata":{"emulator":{"name":"dataconnect"},"message":"E0227 06:22:12.921632     932 watch.go:40] Failed to load config from \"/home/user/studio/dataconnect\": could not find dataconnect.yaml in `/home/user/studio/dataconnect`\n"}}
[debug] [2026-02-27T06:22:22.931Z] E0227 06:22:22.928686     932 watch.go:40] Failed to load config from "/home/user/studio/dataconnect": could not find dataconnect.yaml in `/home/user/studio/dataconnect`
 {"metadata":{"emulator":{"name":"dataconnect"},"message":"E0227 06:22:22.928686     932 watch.go:40] Failed to load config from \"/home/user/studio/dataconnect\": could not find dataconnect.yaml in `/home/user/studio/dataconnect`\n"}}
[debug] [2026-02-27T06:22:32.929Z] E0227 06:22:32.928912     932 watch.go:40] Failed to load config from "/home/user/studio/dataconnect": could not find dataconnect.yaml in `/home/user/studio/dataconnect`
 {"metadata":{"emulator":{"name":"dataconnect"},"message":"E0227 06:22:32.928912     932 watch.go:40] Failed to load config from \"/home/user/studio/dataconnect\": could not find dataconnect.yaml in `/home/user/studio/dataconnect`\n"}}
[debug] [2026-02-27T06:22:42.921Z] E0227 06:22:42.920915     932 watch.go:116] watchAllDir unable to walk dir `/home/user/studio/dataconnect`: lstat /home/user/studio/dataconnect: no such file or directory
E0227 06:22:42.921122     932 watch.go:40] Failed to load config from "/home/user/studio/dataconnect": could not find dataconnect.yaml in `/home/user/studio/dataconnect`
 {"metadata":{"emulator":{"name":"dataconnect"},"message":"E0227 06:22:42.920915     932 watch.go:116] watchAllDir unable to walk dir `/home/user/studio/dataconnect`: lstat /home/user/studio/dataconnect: no such file or directory\nE0227 06:22:42.921122     932 watch.go:40] Failed to load config from \"/home/user/studio/dataconnect\": could not find dataconnect.yaml in `/home/user/studio/dataconnect`\n"}}
[debug] [2026-02-27T06:22:52.923Z] E0227 06:22:52.922995     932 watch.go:40] Failed to load config from "/home/user/studio/dataconnect": could not find dataconnect.yaml in `/home/user/studio/dataconnect`
 {"metadata":{"emulator":{"name":"dataconnect"},"message":"E0227 06:22:52.922995     932 watch.go:40] Failed to load config from \"/home/user/studio/dataconnect\": could not find dataconnect.yaml in `/home/user/studio/dataconnect`\n"}}
[debug] [2026-02-27T06:23:02.921Z] E0227 06:23:02.919934     932 watch.go:40] Failed to load config from "/home/user/studio/dataconnect": could not find dataconnect.yaml in `/home/user/studio/dataconnect`
 {"metadata":{"emulator":{"name":"dataconnect"},"message":"E0227 06:23:02.919934     932 watch.go:40] Failed to load config from \"/home/user/studio/dataconnect\": could not find dataconnect.yaml in `/home/user/studio/dataconnect`\n"}}
[debug] [2026-02-27T06:23:12.921Z] E0227 06:23:12.920575     932 watch.go:40] Failed to load config from "/home/user/studio/dataconnect": could not find dataconnect.yaml in `/home/user/studio/dataconnect`
 {"metadata":{"emulator":{"name":"dataconnect"},"message":"E0227 06:23:12.920575     932 watch.go:40] Failed to load config from \"/home/user/studio/dataconnect\": could not find dataconnect.yaml in `/home/user/studio/dataconnect`\n"}}
[debug] [2026-02-27T06:23:22.929Z] E0227 06:23:22.928927     932 watch.go:40] Failed to load config from "/home/user/studio/dataconnect": could not find dataconnect.yaml in `/home/user/studio/dataconnect`
 {"metadata":{"emulator":{"name":"dataconnect"},"message":"E0227 06:23:22.928927     932 watch.go:40] Failed to load config from \"/home/user/studio/dataconnect\": could not find dataconnect.yaml in `/home/user/studio/dataconnect`\n"}}
[debug] [2026-02-27T06:23:32.929Z] E0227 06:23:32.929030     932 watch.go:40] Failed to load config from "/home/user/studio/dataconnect": could not find dataconnect.yaml in `/home/user/studio/dataconnect`
 {"metadata":{"emulator":{"name":"dataconnect"},"message":"E0227 06:23:32.929030     932 watch.go:40] Failed to load config from \"/home/user/studio/dataconnect\": could not find dataconnect.yaml in `/home/user/studio/dataconnect`\n"}}
[debug] [2026-02-27T06:23:42.920Z] E0227 06:23:42.920174     932 watch.go:116] watchAllDir unable to walk dir `/home/user/studio/dataconnect`: lstat /home/user/studio/dataconnect: no such file or directory
E0227 06:23:42.920419     932 watch.go:40] Failed to load config from "/home/user/studio/dataconnect": could not find dataconnect.yaml in `/home/user/studio/dataconnect`
 {"metadata":{"emulator":{"name":"dataconnect"},"message":"E0227 06:23:42.920174     932 watch.go:116] watchAllDir unable to walk dir `/home/user/studio/dataconnect`: lstat /home/user/studio/dataconnect: no such file or directory\nE0227 06:23:42.920419     932 watch.go:40] Failed to load config from \"/home/user/studio/dataconnect\": could not find dataconnect.yaml in `/home/user/studio/dataconnect`\n"}}
[debug] [2026-02-27T06:23:52.928Z] E0227 06:23:52.927926     932 watch.go:40] Failed to load config from "/home/user/studio/dataconnect": could not find dataconnect.yaml in `/home/user/studio/dataconnect`
 {"metadata":{"emulator":{"name":"dataconnect"},"message":"E0227 06:23:52.927926     932 watch.go:40] Failed to load config from \"/home/user/studio/dataconnect\": could not find dataconnect.yaml in `/home/user/studio/dataconnect`\n"}}
[debug] [2026-02-27T06:24:02.930Z] E0227 06:24:02.928932     932 watch.go:40] Failed to load config from "/home/user/studio/dataconnect": could not find dataconnect.yaml in `/home/user/studio/dataconnect`
 {"metadata":{"emulator":{"name":"dataconnect"},"message":"E0227 06:24:02.928932     932 watch.go:40] Failed to load config from \"/home/user/studio/dataconnect\": could not find dataconnect.yaml in `/home/user/studio/dataconnect`\n"}}
[debug] [2026-02-27T06:24:12.920Z] E0227 06:24:12.920552     932 watch.go:40] Failed to load config from "/home/user/studio/dataconnect": could not find dataconnect.yaml in `/home/user/studio/dataconnect`
 {"metadata":{"emulator":{"name":"dataconnect"},"message":"E0227 06:24:12.920552     932 watch.go:40] Failed to load config from \"/home/user/studio/dataconnect\": could not find dataconnect.yaml in `/home/user/studio/dataconnect`\n"}}
[debug] [2026-02-27T06:24:22.928Z] E0227 06:24:22.928534     932 watch.go:40] Failed to load config from "/home/user/studio/dataconnect": could not find dataconnect.yaml in `/home/user/studio/dataconnect`
 {"metadata":{"emulator":{"name":"dataconnect"},"message":"E0227 06:24:22.928534     932 watch.go:40] Failed to load config from \"/home/user/studio/dataconnect\": could not find dataconnect.yaml in `/home/user/studio/dataconnect`\n"}}
[debug] [2026-02-27T06:24:33.917Z] E0227 06:24:32.928911     932 watch.go:40] Failed to load config from "/home/user/studio/dataconnect": could not find dataconnect.yaml in `/home/user/studio/dataconnect`
 {"metadata":{"emulator":{"name":"dataconnect"},"message":"E0227 06:24:32.928911     932 watch.go:40] Failed to load config from \"/home/user/studio/dataconnect\": could not find dataconnect.yaml in `/home/user/studio/dataconnect`\n"}}
[debug] [2026-02-27T06:24:42.921Z] E0227 06:24:42.920120     932 watch.go:116] watchAllDir unable to walk dir `/home/user/studio/dataconnect`: lstat /home/user/studio/dataconnect: no such file or directory
E0227 06:24:42.920228     932 watch.go:40] Failed to load config from "/home/user/studio/dataconnect": could not find dataconnect.yaml in `/home/user/studio/dataconnect`
 {"metadata":{"emulator":{"name":"dataconnect"},"message":"E0227 06:24:42.920120     932 watch.go:116] watchAllDir unable to walk dir `/home/user/studio/dataconnect`: lstat /home/user/studio/dataconnect: no such file or directory\nE0227 06:24:42.920228     932 watch.go:40] Failed to load config from \"/home/user/studio/dataconnect\": could not find dataconnect.yaml in `/home/user/studio/dataconnect`\n"}}
[debug] [2026-02-27T06:24:52.929Z] E0227 06:24:52.928909     932 watch.go:40] Failed to load config from "/home/user/studio/dataconnect": could not find dataconnect.yaml in `/home/user/studio/dataconnect`
 {"metadata":{"emulator":{"name":"dataconnect"},"message":"E0227 06:24:52.928909     932 watch.go:40] Failed to load config from \"/home/user/studio/dataconnect\": could not find dataconnect.yaml in `/home/user/studio/dataconnect`\n"}}
[debug] [2026-02-27T06:25:02.924Z] E0227 06:25:02.922948     932 watch.go:40] Failed to load config from "/home/user/studio/dataconnect": could not find dataconnect.yaml in `/home/user/studio/dataconnect`
 {"metadata":{"emulator":{"name":"dataconnect"},"message":"E0227 06:25:02.922948     932 watch.go:40] Failed to load config from \"/home/user/studio/dataconnect\": could not find dataconnect.yaml in `/home/user/studio/dataconnect`\n"}}
[debug] [2026-02-27T06:25:12.920Z] E0227 06:25:12.920095     932 watch.go:40] Failed to load config from "/home/user/studio/dataconnect": could not find dataconnect.yaml in `/home/user/studio/dataconnect`
 {"metadata":{"emulator":{"name":"dataconnect"},"message":"E0227 06:25:12.920095     932 watch.go:40] Failed to load config from \"/home/user/studio/dataconnect\": could not find dataconnect.yaml in `/home/user/studio/dataconnect`\n"}}
[debug] [2026-02-27T06:25:22.928Z] E0227 06:25:22.927923     932 watch.go:40] Failed to load config from "/home/user/studio/dataconnect": could not find dataconnect.yaml in `/home/user/studio/dataconnect`
 {"metadata":{"emulator":{"name":"dataconnect"},"message":"E0227 06:25:22.927923     932 watch.go:40] Failed to load config from \"/home/user/studio/dataconnect\": could not find dataconnect.yaml in `/home/user/studio/dataconnect`\n"}}
[debug] [2026-02-27T06:25:32.930Z] E0227 06:25:32.929941     932 watch.go:40] Failed to load config from "/home/user/studio/dataconnect": could not find dataconnect.yaml in `/home/user/studio/dataconnect`
 {"metadata":{"emulator":{"name":"dataconnect"},"message":"E0227 06:25:32.929941     932 watch.go:40] Failed to load config from \"/home/user/studio/dataconnect\": could not find dataconnect.yaml in `/home/user/studio/dataconnect`\n"}}
[debug] [2026-02-27T06:25:42.921Z] E0227 06:25:42.920171     932 watch.go:40] Failed to load config from "/home/user/studio/dataconnect": could not find dataconnect.yaml in `/home/user/studio/dataconnect`
E0227 06:25:42.920140     932 watch.go:116] watchAllDir unable to walk dir `/home/user/studio/dataconnect`: lstat /home/user/studio/dataconnect: no such file or directory
 {"metadata":{"emulator":{"name":"dataconnect"},"message":"E0227 06:25:42.920171     932 watch.go:40] Failed to load config from \"/home/user/studio/dataconnect\": could not find dataconnect.yaml in `/home/user/studio/dataconnect`\nE0227 06:25:42.920140     932 watch.go:116] watchAllDir unable to walk dir `/home/user/studio/dataconnect`: lstat /home/user/studio/dataconnect: no such file or directory\n"}}
[debug] [2026-02-27T06:25:52.931Z] E0227 06:25:52.930902     932 watch.go:40] Failed to load config from "/home/user/studio/dataconnect": could not find dataconnect.yaml in `/home/user/studio/dataconnect`
 {"metadata":{"emulator":{"name":"dataconnect"},"message":"E0227 06:25:52.930902     932 watch.go:40] Failed to load config from \"/home/user/studio/dataconnect\": could not find dataconnect.yaml in `/home/user/studio/dataconnect`\n"}}
[debug] [2026-02-27T06:26:02.929Z] E0227 06:26:02.928907     932 watch.go:40] Failed to load config from "/home/user/studio/dataconnect": could not find dataconnect.yaml in `/home/user/studio/dataconnect`
 {"metadata":{"emulator":{"name":"dataconnect"},"message":"E0227 06:26:02.928907     932 watch.go:40] Failed to load config from \"/home/user/studio/dataconnect\": could not find dataconnect.yaml in `/home/user/studio/dataconnect`\n"}}
[debug] [2026-02-27T06:26:12.922Z] E0227 06:26:12.920136     932 watch.go:40] Failed to load config from "/home/user/studio/dataconnect": could not find dataconnect.yaml in `/home/user/studio/dataconnect`
 {"metadata":{"emulator":{"name":"dataconnect"},"message":"E0227 06:26:12.920136     932 watch.go:40] Failed to load config from \"/home/user/studio/dataconnect\": could not find dataconnect.yaml in `/home/user/studio/dataconnect`\n"}}
[debug] [2026-02-27T06:26:22.929Z] E0227 06:26:22.929165     932 watch.go:40] Failed to load config from "/home/user/studio/dataconnect": could not find dataconnect.yaml in `/home/user/studio/dataconnect`
 {"metadata":{"emulator":{"name":"dataconnect"},"message":"E0227 06:26:22.929165     932 watch.go:40] Failed to load config from \"/home/user/studio/dataconnect\": could not find dataconnect.yaml in `/home/user/studio/dataconnect`\n"}}
[debug] [2026-02-27T06:26:32.929Z] E0227 06:26:32.928908     932 watch.go:40] Failed to load config from "/home/user/studio/dataconnect": could not find dataconnect.yaml in `/home/user/studio/dataconnect`
 {"metadata":{"emulator":{"name":"dataconnect"},"message":"E0227 06:26:32.928908     932 watch.go:40] Failed to load config from \"/home/user/studio/dataconnect\": could not find dataconnect.yaml in `/home/user/studio/dataconnect`\n"}}
[debug] [2026-02-27T06:26:42.922Z] E0227 06:26:42.921021     932 watch.go:40] Failed to load config from "/home/user/studio/dataconnect": could not find dataconnect.yaml in `/home/user/studio/dataconnect`
E0227 06:26:42.921085     932 watch.go:116] watchAllDir unable to walk dir `/home/user/studio/dataconnect`: lstat /home/user/studio/dataconnect: no such file or directory
 {"metadata":{"emulator":{"name":"dataconnect"},"message":"E0227 06:26:42.921021     932 watch.go:40] Failed to load config from \"/home/user/studio/dataconnect\": could not find dataconnect.yaml in `/home/user/studio/dataconnect`\nE0227 06:26:42.921085     932 watch.go:116] watchAllDir unable to walk dir `/home/user/studio/dataconnect`: lstat /home/user/studio/dataconnect: no such file or directory\n"}}
[debug] [2026-02-27T06:26:52.929Z] E0227 06:26:52.928947     932 watch.go:40] Failed to load config from "/home/user/studio/dataconnect": could not find dataconnect.yaml in `/home/user/studio/dataconnect`
 {"metadata":{"emulator":{"name":"dataconnect"},"message":"E0227 06:26:52.928947     932 watch.go:40] Failed to load config from \"/home/user/studio/dataconnect\": could not find dataconnect.yaml in `/home/user/studio/dataconnect`\n"}}
[debug] [2026-02-27T06:27:02.929Z] E0227 06:27:02.928935     932 watch.go:40] Failed to load config from "/home/user/studio/dataconnect": could not find dataconnect.yaml in `/home/user/studio/dataconnect`
 {"metadata":{"emulator":{"name":"dataconnect"},"message":"E0227 06:27:02.928935     932 watch.go:40] Failed to load config from \"/home/user/studio/dataconnect\": could not find dataconnect.yaml in `/home/user/studio/dataconnect`\n"}}
[debug] [2026-02-27T06:27:12.919Z] E0227 06:27:12.919523     932 watch.go:40] Failed to load config from "/home/user/studio/dataconnect": could not find dataconnect.yaml in `/home/user/studio/dataconnect`
 {"metadata":{"emulator":{"name":"dataconnect"},"message":"E0227 06:27:12.919523     932 watch.go:40] Failed to load config from \"/home/user/studio/dataconnect\": could not find dataconnect.yaml in `/home/user/studio/dataconnect`\n"}}
[debug] [2026-02-27T06:27:22.930Z] E0227 06:27:22.929036     932 watch.go:40] Failed to load config from "/home/user/studio/dataconnect": could not find dataconnect.yaml in `/home/user/studio/dataconnect`
 {"metadata":{"emulator":{"name":"dataconnect"},"message":"E0227 06:27:22.929036     932 watch.go:40] Failed to load config from \"/home/user/studio/dataconnect\": could not find dataconnect.yaml in `/home/user/studio/dataconnect`\n"}}
[debug] [2026-02-27T06:27:32.929Z] E0227 06:27:32.928905     932 watch.go:40] Failed to load config from "/home/user/studio/dataconnect": could not find dataconnect.yaml in `/home/user/studio/dataconnect`
 {"metadata":{"emulator":{"name":"dataconnect"},"message":"E0227 06:27:32.928905     932 watch.go:40] Failed to load config from \"/home/user/studio/dataconnect\": could not find dataconnect.yaml in `/home/user/studio/dataconnect`\n"}}
[debug] [2026-02-27T06:27:43.127Z] E0227 06:27:42.921571     932 watch.go:116] watchAllDir unable to walk dir `/home/user/studio/dataconnect`: lstat /home/user/studio/dataconnect: no such file or directory
E0227 06:27:42.921721     932 watch.go:40] Failed to load config from "/home/user/studio/dataconnect": could not find dataconnect.yaml in `/home/user/studio/dataconnect`
 {"metadata":{"emulator":{"name":"dataconnect"},"message":"E0227 06:27:42.921571     932 watch.go:116] watchAllDir unable to walk dir `/home/user/studio/dataconnect`: lstat /home/user/studio/dataconnect: no such file or directory\nE0227 06:27:42.921721     932 watch.go:40] Failed to load config from \"/home/user/studio/dataconnect\": could not find dataconnect.yaml in `/home/user/studio/dataconnect`\n"}}
[debug] [2026-02-27T06:27:52.928Z] E0227 06:27:52.927925     932 watch.go:40] Failed to load config from "/home/user/studio/dataconnect": could not find dataconnect.yaml in `/home/user/studio/dataconnect`
 {"metadata":{"emulator":{"name":"dataconnect"},"message":"E0227 06:27:52.927925     932 watch.go:40] Failed to load config from \"/home/user/studio/dataconnect\": could not find dataconnect.yaml in `/home/user/studio/dataconnect`\n"}}
[debug] [2026-02-27T06:28:02.937Z] E0227 06:28:02.933074     932 watch.go:40] Failed to load config from "/home/user/studio/dataconnect": could not find dataconnect.yaml in `/home/user/studio/dataconnect`
 {"metadata":{"emulator":{"name":"dataconnect"},"message":"E0227 06:28:02.933074     932 watch.go:40] Failed to load config from \"/home/user/studio/dataconnect\": could not find dataconnect.yaml in `/home/user/studio/dataconnect`\n"}}
[debug] [2026-02-27T06:28:12.920Z] E0227 06:28:12.920186     932 watch.go:40] Failed to load config from "/home/user/studio/dataconnect": could not find dataconnect.yaml in `/home/user/studio/dataconnect`
 {"metadata":{"emulator":{"name":"dataconnect"},"message":"E0227 06:28:12.920186     932 watch.go:40] Failed to load config from \"/home/user/studio/dataconnect\": could not find dataconnect.yaml in `/home/user/studio/dataconnect`\n"}}
[debug] [2026-02-27T06:28:22.930Z] E0227 06:28:22.928974     932 watch.go:40] Failed to load config from "/home/user/studio/dataconnect": could not find dataconnect.yaml in `/home/user/studio/dataconnect`
 {"metadata":{"emulator":{"name":"dataconnect"},"message":"E0227 06:28:22.928974     932 watch.go:40] Failed to load config from \"/home/user/studio/dataconnect\": could not find dataconnect.yaml in `/home/user/studio/dataconnect`\n"}}
[debug] [2026-02-27T06:28:32.929Z] E0227 06:28:32.928973     932 watch.go:40] Failed to load config from "/home/user/studio/dataconnect": could not find dataconnect.yaml in `/home/user/studio/dataconnect`
 {"metadata":{"emulator":{"name":"dataconnect"},"message":"E0227 06:28:32.928973     932 watch.go:40] Failed to load config from \"/home/user/studio/dataconnect\": could not find dataconnect.yaml in `/home/user/studio/dataconnect`\n"}}
[debug] [2026-02-27T06:28:42.920Z] E0227 06:28:42.920158     932 watch.go:116] watchAllDir unable to walk dir `/home/user/studio/dataconnect`: lstat /home/user/studio/dataconnect: no such file or directory
E0227 06:28:42.920257     932 watch.go:40] Failed to load config from "/home/user/studio/dataconnect": could not find dataconnect.yaml in `/home/user/studio/dataconnect`
 {"metadata":{"emulator":{"name":"dataconnect"},"message":"E0227 06:28:42.920158     932 watch.go:116] watchAllDir unable to walk dir `/home/user/studio/dataconnect`: lstat /home/user/studio/dataconnect: no such file or directory\nE0227 06:28:42.920257     932 watch.go:40] Failed to load config from \"/home/user/studio/dataconnect\": could not find dataconnect.yaml in `/home/user/studio/dataconnect`\n"}}
[debug] [2026-02-27T06:28:52.929Z] E0227 06:28:52.929023     932 watch.go:40] Failed to load config from "/home/user/studio/dataconnect": could not find dataconnect.yaml in `/home/user/studio/dataconnect`
 {"metadata":{"emulator":{"name":"dataconnect"},"message":"E0227 06:28:52.929023     932 watch.go:40] Failed to load config from \"/home/user/studio/dataconnect\": could not find dataconnect.yaml in `/home/user/studio/dataconnect`\n"}}
[debug] [2026-02-27T06:29:02.937Z] E0227 06:29:02.931030     932 watch.go:40] Failed to load config from "/home/user/studio/dataconnect": could not find dataconnect.yaml in `/home/user/studio/dataconnect`
 {"metadata":{"emulator":{"name":"dataconnect"},"message":"E0227 06:29:02.931030     932 watch.go:40] Failed to load config from \"/home/user/studio/dataconnect\": could not find dataconnect.yaml in `/home/user/studio/dataconnect`\n"}}
[debug] [2026-02-27T06:29:12.920Z] E0227 06:29:12.919726     932 watch.go:40] Failed to load config from "/home/user/studio/dataconnect": could not find dataconnect.yaml in `/home/user/studio/dataconnect`
 {"metadata":{"emulator":{"name":"dataconnect"},"message":"E0227 06:29:12.919726     932 watch.go:40] Failed to load config from \"/home/user/studio/dataconnect\": could not find dataconnect.yaml in `/home/user/studio/dataconnect`\n"}}
[debug] [2026-02-27T06:29:22.924Z] E0227 06:29:22.920025     932 watch.go:40] Failed to load config from "/home/user/studio/dataconnect": could not find dataconnect.yaml in `/home/user/studio/dataconnect`
 {"metadata":{"emulator":{"name":"dataconnect"},"message":"E0227 06:29:22.920025     932 watch.go:40] Failed to load config from \"/home/user/studio/dataconnect\": could not find dataconnect.yaml in `/home/user/studio/dataconnect`\n"}}
[debug] [2026-02-27T06:29:32.928Z] E0227 06:29:32.928111     932 watch.go:40] Failed to load config from "/home/user/studio/dataconnect": could not find dataconnect.yaml in `/home/user/studio/dataconnect`
 {"metadata":{"emulator":{"name":"dataconnect"},"message":"E0227 06:29:32.928111     932 watch.go:40] Failed to load config from \"/home/user/studio/dataconnect\": could not find dataconnect.yaml in `/home/user/studio/dataconnect`\n"}}
[debug] [2026-02-27T06:29:42.940Z] E0227 06:29:42.920060     932 watch.go:116] watchAllDir unable to walk dir `/home/user/studio/dataconnect`: lstat /home/user/studio/dataconnect: no such file or directory
E0227 06:29:42.920209     932 watch.go:40] Failed to load config from "/home/user/studio/dataconnect": could not find dataconnect.yaml in `/home/user/studio/dataconnect`
 {"metadata":{"emulator":{"name":"dataconnect"},"message":"E0227 06:29:42.920060     932 watch.go:116] watchAllDir unable to walk dir `/home/user/studio/dataconnect`: lstat /home/user/studio/dataconnect: no such file or directory\nE0227 06:29:42.920209     932 watch.go:40] Failed to load config from \"/home/user/studio/dataconnect\": could not find dataconnect.yaml in `/home/user/studio/dataconnect`\n"}}
[debug] [2026-02-27T06:29:52.951Z] E0227 06:29:52.932959     932 watch.go:40] Failed to load config from "/home/user/studio/dataconnect": could not find dataconnect.yaml in `/home/user/studio/dataconnect`
 {"metadata":{"emulator":{"name":"dataconnect"},"message":"E0227 06:29:52.932959     932 watch.go:40] Failed to load config from \"/home/user/studio/dataconnect\": could not find dataconnect.yaml in `/home/user/studio/dataconnect`\n"}}
[debug] [2026-02-27T06:30:02.937Z] E0227 06:30:02.930982     932 watch.go:40] Failed to load config from "/home/user/studio/dataconnect": could not find dataconnect.yaml in `/home/user/studio/dataconnect`
 {"metadata":{"emulator":{"name":"dataconnect"},"message":"E0227 06:30:02.930982     932 watch.go:40] Failed to load config from \"/home/user/studio/dataconnect\": could not find dataconnect.yaml in `/home/user/studio/dataconnect`\n"}}
[debug] [2026-02-27T06:30:12.920Z] E0227 06:30:12.920246     932 watch.go:40] Failed to load config from "/home/user/studio/dataconnect": could not find dataconnect.yaml in `/home/user/studio/dataconnect`
 {"metadata":{"emulator":{"name":"dataconnect"},"message":"E0227 06:30:12.920246     932 watch.go:40] Failed to load config from \"/home/user/studio/dataconnect\": could not find dataconnect.yaml in `/home/user/studio/dataconnect`\n"}}
[debug] [2026-02-27T06:30:22.929Z] E0227 06:30:22.929505     932 watch.go:40] Failed to load config from "/home/user/studio/dataconnect": could not find dataconnect.yaml in `/home/user/studio/dataconnect`
 {"metadata":{"emulator":{"name":"dataconnect"},"message":"E0227 06:30:22.929505     932 watch.go:40] Failed to load config from \"/home/user/studio/dataconnect\": could not find dataconnect.yaml in `/home/user/studio/dataconnect`\n"}}
[debug] [2026-02-27T06:30:32.928Z] E0227 06:30:32.928632     932 watch.go:40] Failed to load config from "/home/user/studio/dataconnect": could not find dataconnect.yaml in `/home/user/studio/dataconnect`
 {"metadata":{"emulator":{"name":"dataconnect"},"message":"E0227 06:30:32.928632     932 watch.go:40] Failed to load config from \"/home/user/studio/dataconnect\": could not find dataconnect.yaml in `/home/user/studio/dataconnect`\n"}}
[debug] [2026-02-27T06:30:42.920Z] E0227 06:30:42.920345     932 watch.go:116] watchAllDir unable to walk dir `/home/user/studio/dataconnect`: lstat /home/user/studio/dataconnect: no such file or directory
E0227 06:30:42.920508     932 watch.go:40] Failed to load config from "/home/user/studio/dataconnect": could not find dataconnect.yaml in `/home/user/studio/dataconnect`
 {"metadata":{"emulator":{"name":"dataconnect"},"message":"E0227 06:30:42.920345     932 watch.go:116] watchAllDir unable to walk dir `/home/user/studio/dataconnect`: lstat /home/user/studio/dataconnect: no such file or directory\nE0227 06:30:42.920508     932 watch.go:40] Failed to load config from \"/home/user/studio/dataconnect\": could not find dataconnect.yaml in `/home/user/studio/dataconnect`\n"}}
[debug] [2026-02-27T06:30:52.933Z] E0227 06:30:52.929168     932 watch.go:40] Failed to load config from "/home/user/studio/dataconnect": could not find dataconnect.yaml in `/home/user/studio/dataconnect`
 {"metadata":{"emulator":{"name":"dataconnect"},"message":"E0227 06:30:52.929168     932 watch.go:40] Failed to load config from \"/home/user/studio/dataconnect\": could not find dataconnect.yaml in `/home/user/studio/dataconnect`\n"}}
[debug] [2026-02-27T06:31:02.930Z] E0227 06:31:02.928945     932 watch.go:40] Failed to load config from "/home/user/studio/dataconnect": could not find dataconnect.yaml in `/home/user/studio/dataconnect`
 {"metadata":{"emulator":{"name":"dataconnect"},"message":"E0227 06:31:02.928945     932 watch.go:40] Failed to load config from \"/home/user/studio/dataconnect\": could not find dataconnect.yaml in `/home/user/studio/dataconnect`\n"}}
[debug] [2026-02-27T06:31:12.921Z] E0227 06:31:12.920122     932 watch.go:40] Failed to load config from "/home/user/studio/dataconnect": could not find dataconnect.yaml in `/home/user/studio/dataconnect`
 {"metadata":{"emulator":{"name":"dataconnect"},"message":"E0227 06:31:12.920122     932 watch.go:40] Failed to load config from \"/home/user/studio/dataconnect\": could not find dataconnect.yaml in `/home/user/studio/dataconnect`\n"}}
[debug] [2026-02-27T06:31:22.922Z] E0227 06:31:22.920123     932 watch.go:40] Failed to load config from "/home/user/studio/dataconnect": could not find dataconnect.yaml in `/home/user/studio/dataconnect`
 {"metadata":{"emulator":{"name":"dataconnect"},"message":"E0227 06:31:22.920123     932 watch.go:40] Failed to load config from \"/home/user/studio/dataconnect\": could not find dataconnect.yaml in `/home/user/studio/dataconnect`\n"}}
[debug] [2026-02-27T06:31:32.940Z] E0227 06:31:32.929082     932 watch.go:40] Failed to load config from "/home/user/studio/dataconnect": could not find dataconnect.yaml in `/home/user/studio/dataconnect`
 {"metadata":{"emulator":{"name":"dataconnect"},"message":"E0227 06:31:32.929082     932 watch.go:40] Failed to load config from \"/home/user/studio/dataconnect\": could not find dataconnect.yaml in `/home/user/studio/dataconnect`\n"}}
[debug] [2026-02-27T06:31:42.921Z] E0227 06:31:42.920707     932 watch.go:40] Failed to load config from "/home/user/studio/dataconnect": could not find dataconnect.yaml in `/home/user/studio/dataconnect`
 {"metadata":{"emulator":{"name":"dataconnect"},"message":"E0227 06:31:42.920707     932 watch.go:40] Failed to load config from \"/home/user/studio/dataconnect\": could not find dataconnect.yaml in `/home/user/studio/dataconnect`\n"}}
[debug] [2026-02-27T06:31:42.924Z] E0227 06:31:42.922357     932 watch.go:116] watchAllDir unable to walk dir `/home/user/studio/dataconnect`: lstat /home/user/studio/dataconnect: no such file or directory
 {"metadata":{"emulator":{"name":"dataconnect"},"message":"E0227 06:31:42.922357     932 watch.go:116] watchAllDir unable to walk dir `/home/user/studio/dataconnect`: lstat /home/user/studio/dataconnect: no such file or directory\n"}}
[debug] [2026-02-27T06:31:52.928Z] E0227 06:31:52.928018     932 watch.go:40] Failed to load config from "/home/user/studio/dataconnect": could not find dataconnect.yaml in `/home/user/studio/dataconnect`
 {"metadata":{"emulator":{"name":"dataconnect"},"message":"E0227 06:31:52.928018     932 watch.go:40] Failed to load config from \"/home/user/studio/dataconnect\": could not find dataconnect.yaml in `/home/user/studio/dataconnect`\n"}}
[debug] [2026-02-27T06:32:02.929Z] E0227 06:32:02.928807     932 watch.go:40] Failed to load config from "/home/user/studio/dataconnect": could not find dataconnect.yaml in `/home/user/studio/dataconnect`
 {"metadata":{"emulator":{"name":"dataconnect"},"message":"E0227 06:32:02.928807     932 watch.go:40] Failed to load config from \"/home/user/studio/dataconnect\": could not find dataconnect.yaml in `/home/user/studio/dataconnect`\n"}}
[debug] [2026-02-27T06:32:12.920Z] E0227 06:32:12.920276     932 watch.go:40] Failed to load config from "/home/user/studio/dataconnect": could not find dataconnect.yaml in `/home/user/studio/dataconnect`
 {"metadata":{"emulator":{"name":"dataconnect"},"message":"E0227 06:32:12.920276     932 watch.go:40] Failed to load config from \"/home/user/studio/dataconnect\": could not find dataconnect.yaml in `/home/user/studio/dataconnect`\n"}}
[debug] [2026-02-27T06:32:22.928Z] E0227 06:32:22.928003     932 watch.go:40] Failed to load config from "/home/user/studio/dataconnect": could not find dataconnect.yaml in `/home/user/studio/dataconnect`
 {"metadata":{"emulator":{"name":"dataconnect"},"message":"E0227 06:32:22.928003     932 watch.go:40] Failed to load config from \"/home/user/studio/dataconnect\": could not find dataconnect.yaml in `/home/user/studio/dataconnect`\n"}}
[debug] [2026-02-27T06:32:32.929Z] E0227 06:32:32.928921     932 watch.go:40] Failed to load config from "/home/user/studio/dataconnect": could not find dataconnect.yaml in `/home/user/studio/dataconnect`
 {"metadata":{"emulator":{"name":"dataconnect"},"message":"E0227 06:32:32.928921     932 watch.go:40] Failed to load config from \"/home/user/studio/dataconnect\": could not find dataconnect.yaml in `/home/user/studio/dataconnect`\n"}}
[debug] [2026-02-27T06:32:42.920Z] E0227 06:32:42.920463     932 watch.go:40] Failed to load config from "/home/user/studio/dataconnect": could not find dataconnect.yaml in `/home/user/studio/dataconnect`
E0227 06:32:42.920383     932 watch.go:116] watchAllDir unable to walk dir `/home/user/studio/dataconnect`: lstat /home/user/studio/dataconnect: no such file or directory
 {"metadata":{"emulator":{"name":"dataconnect"},"message":"E0227 06:32:42.920463     932 watch.go:40] Failed to load config from \"/home/user/studio/dataconnect\": could not find dataconnect.yaml in `/home/user/studio/dataconnect`\nE0227 06:32:42.920383     932 watch.go:116] watchAllDir unable to walk dir `/home/user/studio/dataconnect`: lstat /home/user/studio/dataconnect: no such file or directory\n"}}
[debug] [2026-02-27T06:32:52.929Z] E0227 06:32:52.928919     932 watch.go:40] Failed to load config from "/home/user/studio/dataconnect": could not find dataconnect.yaml in `/home/user/studio/dataconnect`
 {"metadata":{"emulator":{"name":"dataconnect"},"message":"E0227 06:32:52.928919     932 watch.go:40] Failed to load config from \"/home/user/studio/dataconnect\": could not find dataconnect.yaml in `/home/user/studio/dataconnect`\n"}}
[debug] [2026-02-27T06:33:02.929Z] E0227 06:33:02.929018     932 watch.go:40] Failed to load config from "/home/user/studio/dataconnect": could not find dataconnect.yaml in `/home/user/studio/dataconnect`
 {"metadata":{"emulator":{"name":"dataconnect"},"message":"E0227 06:33:02.929018     932 watch.go:40] Failed to load config from \"/home/user/studio/dataconnect\": could not find dataconnect.yaml in `/home/user/studio/dataconnect`\n"}}
[debug] [2026-02-27T06:33:12.920Z] E0227 06:33:12.920321     932 watch.go:40] Failed to load config from "/home/user/studio/dataconnect": could not find dataconnect.yaml in `/home/user/studio/dataconnect`
 {"metadata":{"emulator":{"name":"dataconnect"},"message":"E0227 06:33:12.920321     932 watch.go:40] Failed to load config from \"/home/user/studio/dataconnect\": could not find dataconnect.yaml in `/home/user/studio/dataconnect`\n"}}
[debug] [2026-02-27T06:33:22.929Z] E0227 06:33:22.928011     932 watch.go:40] Failed to load config from "/home/user/studio/dataconnect": could not find dataconnect.yaml in `/home/user/studio/dataconnect`
 {"metadata":{"emulator":{"name":"dataconnect"},"message":"E0227 06:33:22.928011     932 watch.go:40] Failed to load config from \"/home/user/studio/dataconnect\": could not find dataconnect.yaml in `/home/user/studio/dataconnect`\n"}}
[debug] [2026-02-27T06:33:32.923Z] E0227 06:33:32.920519     932 watch.go:40] Failed to load config from "/home/user/studio/dataconnect": could not find dataconnect.yaml in `/home/user/studio/dataconnect`
 {"metadata":{"emulator":{"name":"dataconnect"},"message":"E0227 06:33:32.920519     932 watch.go:40] Failed to load config from \"/home/user/studio/dataconnect\": could not find dataconnect.yaml in `/home/user/studio/dataconnect`\n"}}
